id,language,Autoria,task_type,html_url,repo_url
3403020356,Java,Claude_Code,feat,https://github.com/itmca/lifepuzzle-backend/pull/98,https://api.github.com/repos/itmca/lifepuzzle-backend
3438422681,Java,Claude_Code,feat,https://github.com/omair-inam/gatling-report/pull/3,https://api.github.com/repos/omair-inam/gatling-report
3371426675,Java,Claude_Code,chore,https://github.com/Kazuuma-19/nippogen/pull/34,https://api.github.com/repos/Kazuuma-19/nippogen
3530052082,Java,Claude_Code,fix,https://github.com/minjcho/mqttServer/pull/43,https://api.github.com/repos/minjcho/mqttServer
3477095864,Java,Claude_Code,docs,https://github.com/Agile-Software-Engineering-25/team-13-backend-exagrad-student-service/pull/7,https://api.github.com/repos/Agile-Software-Engineering-25/team-13-backend-exagrad-student-service
3529474208,Java,Claude_Code,chore,https://github.com/minjcho/mqttServer/pull/22,https://api.github.com/repos/minjcho/mqttServer
3499771694,Java,Claude_Code,chore,https://github.com/jenkinsci/cloudbees-folder-plugin/pull/538,https://api.github.com/repos/jenkinsci/cloudbees-folder-plugin
3508353053,Java,Claude_Code,feat,https://github.com/ryu-qqq/CrawlingHub/pull/22,https://api.github.com/repos/ryu-qqq/CrawlingHub
3147063888,Java,Claude_Code,fix,https://github.com/panghy/javaflow/pull/21,https://api.github.com/repos/panghy/javaflow
3493089005,Java,Claude_Code,feat,https://github.com/cuioss/OAuth-Sheriff/pull/138,https://api.github.com/repos/cuioss/OAuth-Sheriff
3479339368,Java,Claude_Code,chore,https://github.com/joergstreeck/freshplan-sales-tool/pull/129,https://api.github.com/repos/joergstreeck/freshplan-sales-tool
3547682754,Java,Claude_Code,chore,https://github.com/CodeFleck/sensorvision/pull/9,https://api.github.com/repos/CodeFleck/sensorvision
3381844810,Java,Claude_Code,feat,https://github.com/Kazuuma-19/nippogen/pull/48,https://api.github.com/repos/Kazuuma-19/nippogen
3266487603,Java,Claude_Code,chore,https://github.com/seongmin1117/ReadFast/pull/9,https://api.github.com/repos/seongmin1117/ReadFast
3485278207,Java,Claude_Code,docs,https://github.com/tcheeric/nostr-java/pull/451,https://api.github.com/repos/tcheeric/nostr-java
3166232181,Java,Claude_Code,feat,https://github.com/cuioss/OAuth-Sheriff/pull/50,https://api.github.com/repos/cuioss/OAuth-Sheriff
3351011709,Java,Claude_Code,feat,https://github.com/openrewrite/rewrite-maven-plugin/pull/1031,https://api.github.com/repos/openrewrite/rewrite-maven-plugin
3530077031,Java,Claude_Code,chore,https://github.com/minjcho/mqttServer/pull/44,https://api.github.com/repos/minjcho/mqttServer
3526553478,Java,Claude_Code,feat,https://github.com/FalkorDB/spring-data-falkordb/pull/7,https://api.github.com/repos/FalkorDB/spring-data-falkordb
3349192496,Java,Claude_Code,feat,https://github.com/Modic-2025/modic_backend/pull/149,https://api.github.com/repos/Modic-2025/modic_backend
3508250779,Java,Claude_Code,feat,https://github.com/ryu-qqq/FileFlow/pull/44,https://api.github.com/repos/ryu-qqq/FileFlow
3501157954,Java,Claude_Code,feat,https://github.com/ryu-qqq/FileFlow/pull/31,https://api.github.com/repos/ryu-qqq/FileFlow
2894034499,Java,Claude_Code,feat,https://github.com/tls-attacker/ModifiableVariable/pull/193,https://api.github.com/repos/tls-attacker/ModifiableVariable
3497073215,Java,Claude_Code,fix,https://github.com/datahub-project/datahub/pull/14957,https://api.github.com/repos/datahub-project/datahub
3527512720,Java,Claude_Code,chore,https://github.com/franaraujo77/health-tracker/pull/8,https://api.github.com/repos/franaraujo77/health-tracker
3403713867,Java,Claude_Code,feat,https://github.com/itmca/lifepuzzle-backend/pull/99,https://api.github.com/repos/itmca/lifepuzzle-backend
3206850886,Java,Claude_Code,feat,https://github.com/joergstreeck/freshplan-sales-tool/pull/34,https://api.github.com/repos/joergstreeck/freshplan-sales-tool
3231953757,Java,Claude_Code,feat,https://github.com/dotCMS/core/pull/32662,https://api.github.com/repos/dotCMS/core
3547994702,Java,Claude_Code,feat,https://github.com/ryu-qqq/AuthHub/pull/8,https://api.github.com/repos/ryu-qqq/AuthHub
3301984980,Java,Claude_Code,fix,https://github.com/harryaskham/Unexpected-Keyboard/pull/14,https://api.github.com/repos/harryaskham/Unexpected-Keyboard
3476775554,Java,Claude_Code,chore,https://github.com/franaraujo77/health-tracker/pull/1,https://api.github.com/repos/franaraujo77/health-tracker
3274482242,Java,Claude_Code,fix,https://github.com/PAIR-Systems-Inc/goodmem/pull/128,https://api.github.com/repos/PAIR-Systems-Inc/goodmem
3226401427,Java,Claude_Code,fix,https://github.com/MeteorDevelopment/meteor-client/pull/5568,https://api.github.com/repos/MeteorDevelopment/meteor-client
3477789993,Java,Claude_Code,feat,https://github.com/ModelEngine-Group/fit-framework/pull/330,https://api.github.com/repos/ModelEngine-Group/fit-framework
3528853272,Java,Claude_Code,chore,https://github.com/dingcodingco/ddalkkak-date/pull/3,https://api.github.com/repos/dingcodingco/ddalkkak-date
3536046244,Java,Claude_Code,chore,https://github.com/franaraujo77/health-tracker/pull/14,https://api.github.com/repos/franaraujo77/health-tracker
3499064799,Java,Claude_Code,feat,https://github.com/ryu-qqq/FileFlow/pull/23,https://api.github.com/repos/ryu-qqq/FileFlow
3290555769,Java,Claude_Code,feat,https://github.com/smashsmashin/Author-ID-Assistant/pull/7,https://api.github.com/repos/smashsmashin/Author-ID-Assistant
3381815043,Java,Claude_Code,chore,https://github.com/Kazuuma-19/nippogen/pull/47,https://api.github.com/repos/Kazuuma-19/nippogen
3547333464,Java,Claude_Code,feat,https://github.com/ryu-qqq/AuthHub/pull/5,https://api.github.com/repos/ryu-qqq/AuthHub
3338192155,Java,Claude_Code,feat,https://github.com/The-Dave-Stack/product-catalog/pull/32,https://api.github.com/repos/The-Dave-Stack/product-catalog
3145427985,Java,Claude_Code,feat,https://github.com/panghy/javaflow/pull/17,https://api.github.com/repos/panghy/javaflow
2883059365,Java,Claude_Code,feat,https://github.com/R-Sandor/FindFirst/pull/350,https://api.github.com/repos/R-Sandor/FindFirst
3479265348,Java,Claude_Code,chore,https://github.com/joergstreeck/freshplan-sales-tool/pull/128,https://api.github.com/repos/joergstreeck/freshplan-sales-tool
3416231420,Java,Claude_Code,feat,https://github.com/hirokazu-kobayashi-koba-hiro/idp-server/pull/443,https://api.github.com/repos/hirokazu-kobayashi-koba-hiro/idp-server
3502222696,Java,Claude_Code,chore,https://github.com/Aiven-Open/bigquery-connector-for-apache-kafka/pull/147,https://api.github.com/repos/Aiven-Open/bigquery-connector-for-apache-kafka
3491650671,Java,Claude_Code,chore,https://github.com/RedHatInsights/rhsm-subscriptions/pull/5058,https://api.github.com/repos/RedHatInsights/rhsm-subscriptions
3497059581,Java,Claude_Code,feat,https://github.com/tcheeric/nostr-java/pull/470,https://api.github.com/repos/tcheeric/nostr-java
3464866490,Java,Claude_Code,chore,https://github.com/Kernel180-BE12/Final-2team-DrHong/pull/102,https://api.github.com/repos/Kernel180-BE12/Final-2team-DrHong
3485425460,Java,Claude_Code,fix,https://github.com/dotCMS/core/pull/33446,https://api.github.com/repos/dotCMS/core
3359285243,Java,Claude_Code,chore,https://github.com/Kazuuma-19/nippogen/pull/22,https://api.github.com/repos/Kazuuma-19/nippogen
3382002519,Java,Claude_Code,chore,https://github.com/Kazuuma-19/nippogen/pull/49,https://api.github.com/repos/Kazuuma-19/nippogen
3484986102,Java,Claude_Code,fix,https://github.com/joergstreeck/freshplan-sales-tool/pull/132,https://api.github.com/repos/joergstreeck/freshplan-sales-tool
3537712905,Java,Claude_Code,feat,https://github.com/gdfesta/tato-pocs/pull/4,https://api.github.com/repos/gdfesta/tato-pocs
3391024493,Java,Claude_Code,feat,https://github.com/swcstudio/supercompute/pull/6,https://api.github.com/repos/swcstudio/supercompute
3365488008,Java,Claude_Code,chore,https://github.com/Kazuuma-19/nippogen/pull/24,https://api.github.com/repos/Kazuuma-19/nippogen
3506301081,Java,Claude_Code,fix,https://github.com/joergstreeck/freshplan-sales-tool/pull/137,https://api.github.com/repos/joergstreeck/freshplan-sales-tool
3499583771,Java,Claude_Code,chore,https://github.com/frostwire/frostwire/pull/1199,https://api.github.com/repos/frostwire/frostwire
3368661051,Java,Claude_Code,chore,https://github.com/Kazuuma-19/nippogen/pull/25,https://api.github.com/repos/Kazuuma-19/nippogen
3115827900,Java,Claude_Code,chore,https://github.com/106-/HellSinkerWallPaper/pull/25,https://api.github.com/repos/106-/HellSinkerWallPaper
3507474545,Java,Claude_Code,feat,https://github.com/ryu-qqq/CrawlingHub/pull/11,https://api.github.com/repos/ryu-qqq/CrawlingHub
3206788910,Java,Claude_Code,feat,https://github.com/joergstreeck/freshplan-sales-tool/pull/33,https://api.github.com/repos/joergstreeck/freshplan-sales-tool
3501370778,Java,Claude_Code,feat,https://github.com/ryu-qqq/FileFlow/pull/33,https://api.github.com/repos/ryu-qqq/FileFlow
3497253444,Java,Claude_Code,chore,https://github.com/tsanders-rh/boat-fuel-tracker-j2ee/pull/1,https://api.github.com/repos/tsanders-rh/boat-fuel-tracker-j2ee
3534382098,Java,Claude_Code,chore,https://github.com/hirokazu-kobayashi-koba-hiro/idp-server/pull/772,https://api.github.com/repos/hirokazu-kobayashi-koba-hiro/idp-server
3364098448,Java,Claude_Code,chore,https://github.com/stackrox/jenkins-plugin/pull/452,https://api.github.com/repos/stackrox/jenkins-plugin
3539140148,Java,Claude_Code,chore,https://github.com/ryu-qqq/FileFlow/pull/63,https://api.github.com/repos/ryu-qqq/FileFlow
3160689578,Java,Claude_Code,feat,https://github.com/cuioss/OAuth-Sheriff/pull/48,https://api.github.com/repos/cuioss/OAuth-Sheriff
3528767293,Java,Claude_Code,chore,https://github.com/ryu-qqq/Orchestrator/pull/8,https://api.github.com/repos/ryu-qqq/Orchestrator
3250080019,Java,Claude_Code,fix,https://github.com/apache/pulsar/pull/24542,https://api.github.com/repos/apache/pulsar
3197484474,Java,Claude_Code,chore,https://github.com/hyperledger/besu/pull/8904,https://api.github.com/repos/hyperledger/besu
3231951012,Java,Claude_Code,feat,https://github.com/dotCMS/core/pull/32658,https://api.github.com/repos/dotCMS/core
3370264411,Java,Claude_Code,fix,https://github.com/Kazuuma-19/nippogen/pull/32,https://api.github.com/repos/Kazuuma-19/nippogen
3393732590,Java,Claude_Code,chore,https://github.com/championcp/manday-assess/pull/3,https://api.github.com/repos/championcp/manday-assess
3325516962,Java,Claude_Code,feat,https://github.com/elastic/elasticsearch/pull/132991,https://api.github.com/repos/elastic/elasticsearch
3538775658,Java,Claude_Code,feat,https://github.com/rafestevam/durvalcrm-j2ee/pull/9,https://api.github.com/repos/rafestevam/durvalcrm-j2ee
3286006476,Java,Claude_Code,feat,https://github.com/WithFortuna/hanihome-au/pull/5,https://api.github.com/repos/WithFortuna/hanihome-au
3418281368,Java,Claude_Code,chore,https://github.com/intercom/intercom-react-native/pull/328,https://api.github.com/repos/intercom/intercom-react-native
3290466614,Java,Claude_Code,feat,https://github.com/smashsmashin/Author-ID-Assistant/pull/6,https://api.github.com/repos/smashsmashin/Author-ID-Assistant
3508524850,Java,Claude_Code,feat,https://github.com/ryu-qqq/FileFlow/pull/45,https://api.github.com/repos/ryu-qqq/FileFlow
3386154190,Java,Claude_Code,feat,https://github.com/liquibase/liquibase/pull/7249,https://api.github.com/repos/liquibase/liquibase
3510529485,Java,Claude_Code,feat,https://github.com/ryu-qqq/CrawlingHub/pull/23,https://api.github.com/repos/ryu-qqq/CrawlingHub
3528917922,Java,Claude_Code,feat,https://github.com/swyp-web-11-team-4/airoad-backend/pull/20,https://api.github.com/repos/swyp-web-11-team-4/airoad-backend
3300995689,Java,Claude_Code,fix,https://github.com/yuukara/demo/pull/5,https://api.github.com/repos/yuukara/demo
3412765691,Java,Claude_Code,feat,https://github.com/hirokazu-kobayashi-koba-hiro/idp-server/pull/438,https://api.github.com/repos/hirokazu-kobayashi-koba-hiro/idp-server
3435222897,Java,Claude_Code,chore,https://github.com/p27mcgee/astro-data-pipeline/pull/1,https://api.github.com/repos/p27mcgee/astro-data-pipeline
3547342004,Java,Claude_Code,fix,https://github.com/ryu-qqq/FileFlow/pull/67,https://api.github.com/repos/ryu-qqq/FileFlow
3290539914,Java,Claude_Code,feat,https://github.com/jenkinsci/priority-sorter-plugin/pull/496,https://api.github.com/repos/jenkinsci/priority-sorter-plugin
3263400322,Java,Claude_Code,feat,https://github.com/joergstreeck/freshplan-sales-tool/pull/66,https://api.github.com/repos/joergstreeck/freshplan-sales-tool
3305487709,Java,Claude_Code,fix,https://github.com/yuukara/demo/pull/10,https://api.github.com/repos/yuukara/demo
3485465339,Java,Claude_Code,chore,https://github.com/tcheeric/nostr-java/pull/454,https://api.github.com/repos/tcheeric/nostr-java
3255598859,Java,Claude_Code,chore,https://github.com/dotCMS/core/pull/32771,https://api.github.com/repos/dotCMS/core
3499436107,Java,Claude_Code,feat,https://github.com/frostwire/frostwire/pull/1198,https://api.github.com/repos/frostwire/frostwire
3530159449,Java,Claude_Code,feat,https://github.com/minjcho/mqttServer/pull/45,https://api.github.com/repos/minjcho/mqttServer
3495635284,Java,Claude_Code,chore,https://github.com/cuioss/OAuth-Sheriff/pull/139,https://api.github.com/repos/cuioss/OAuth-Sheriff
3428532048,Java,Claude_Code,chore,https://github.com/hirokazu-kobayashi-koba-hiro/idp-server/pull/455,https://api.github.com/repos/hirokazu-kobayashi-koba-hiro/idp-server
3528513183,Java,Claude_Code,docs,https://github.com/zoooo-hs/realworld-springboot/pull/5,https://api.github.com/repos/zoooo-hs/realworld-springboot
3547681568,Java,Claude_Code,chore,https://github.com/CodeFleck/sensorvision/pull/8,https://api.github.com/repos/CodeFleck/sensorvision
3520988683,Java,Claude_Code,chore,https://github.com/XDagger/xdagj-p2p/pull/2,https://api.github.com/repos/XDagger/xdagj-p2p
3176815309,Java,Claude_Code,docs,https://github.com/jimcor101/GDArchiveApp/pull/11,https://api.github.com/repos/jimcor101/GDArchiveApp
3530130041,Java,Claude_Code,feat,https://github.com/montge/alliance/pull/2,https://api.github.com/repos/montge/alliance
3503323971,Java,Claude_Code,chore,https://github.com/Aiven-Open/bigquery-connector-for-apache-kafka/pull/149,https://api.github.com/repos/Aiven-Open/bigquery-connector-for-apache-kafka
3315266333,Java,Claude_Code,chore,https://github.com/joergstreeck/freshplan-sales-tool/pull/85,https://api.github.com/repos/joergstreeck/freshplan-sales-tool
3119244984,Java,Claude_Code,feat,https://github.com/projectnessie/nessie/pull/10866,https://api.github.com/repos/projectnessie/nessie
3448570414,Java,Claude_Code,chore,https://github.com/rkaehdaos/Get-your-hands-dirty-on-clean-architecture/pull/52,https://api.github.com/repos/rkaehdaos/Get-your-hands-dirty-on-clean-architecture
3403919996,Java,Claude_Code,feat,https://github.com/itmca/lifepuzzle-backend/pull/101,https://api.github.com/repos/itmca/lifepuzzle-backend
3379485439,Java,Claude_Code,feat,https://github.com/apache/doris/pull/55637,https://api.github.com/repos/apache/doris
3438724352,Java,Claude_Code,chore,https://github.com/hirokazu-kobayashi-koba-hiro/idp-server/pull/477,https://api.github.com/repos/hirokazu-kobayashi-koba-hiro/idp-server
3486394894,Java,Claude_Code,feat,https://github.com/ryu-qqq/FileFlow/pull/15,https://api.github.com/repos/ryu-qqq/FileFlow
3446719465,Java,Claude_Code,feat,https://github.com/joergstreeck/freshplan-sales-tool/pull/99,https://api.github.com/repos/joergstreeck/freshplan-sales-tool
3421944590,Java,Claude_Code,chore,https://github.com/Aiven-Open/bigquery-connector-for-apache-kafka/pull/127,https://api.github.com/repos/Aiven-Open/bigquery-connector-for-apache-kafka
3450295383,Java,Claude_Code,fix,https://github.com/dotCMS/core/pull/33369,https://api.github.com/repos/dotCMS/core
3190337830,Java,Claude_Code,feat,https://github.com/amorabot/Inscripted/pull/28,https://api.github.com/repos/amorabot/Inscripted
3459463945,Java,Claude_Code,docs,https://github.com/joergstreeck/freshplan-sales-tool/pull/112,https://api.github.com/repos/joergstreeck/freshplan-sales-tool
3493467943,Java,Claude_Code,feat,https://github.com/ryu-qqq/FileFlow/pull/18,https://api.github.com/repos/ryu-qqq/FileFlow
3479346639,Java,Claude_Code,feat,https://github.com/felixstaude/Flux-Core/pull/1,https://api.github.com/repos/felixstaude/Flux-Core
3505685431,Java,Claude_Code,feat,https://github.com/ryu-qqq/FileFlow/pull/40,https://api.github.com/repos/ryu-qqq/FileFlow
3327321180,Java,Claude_Code,fix,https://github.com/kaligautier/tinder-match-engine/pull/30,https://api.github.com/repos/kaligautier/tinder-match-engine
3507550773,Java,Claude_Code,fix,https://github.com/ryu-qqq/CrawlingHub/pull/13,https://api.github.com/repos/ryu-qqq/CrawlingHub
2959025892,Java,Claude_Code,fix,https://github.com/apache/pulsar/pull/24145,https://api.github.com/repos/apache/pulsar
3285820088,Java,Claude_Code,chore,https://github.com/harryaskham/Unexpected-Keyboard/pull/1,https://api.github.com/repos/harryaskham/Unexpected-Keyboard
3325453451,Java,Claude_Code,feat,https://github.com/elastic/elasticsearch/pull/132988,https://api.github.com/repos/elastic/elasticsearch
3456219549,Java,Claude_Code,feat,https://github.com/open4good/open4goods/pull/1330,https://api.github.com/repos/open4good/open4goods
3493301903,Java,Claude_Code,chore,https://github.com/joergstreeck/freshplan-sales-tool/pull/135,https://api.github.com/repos/joergstreeck/freshplan-sales-tool
3473135479,Java,Claude_Code,feat,https://github.com/Stirling-Tools/Stirling-PDF/pull/4571,https://api.github.com/repos/Stirling-Tools/Stirling-PDF
3500567898,Java,Claude_Code,fix,https://github.com/spoofzu/jvmxray/pull/56,https://api.github.com/repos/spoofzu/jvmxray
3416885380,Java,Claude_Code,chore,https://github.com/Aiven-Open/bigquery-connector-for-apache-kafka/pull/122,https://api.github.com/repos/Aiven-Open/bigquery-connector-for-apache-kafka
3094867079,Java,Claude_Code,feat,https://github.com/106-/HellSinkerWallPaper/pull/15,https://api.github.com/repos/106-/HellSinkerWallPaper
3358247441,Java,Claude_Code,chore,https://github.com/Kazuuma-19/nippogen/pull/21,https://api.github.com/repos/Kazuuma-19/nippogen
3409988715,Java,Claude_Code,chore,https://github.com/xtclang/xvm/pull/306,https://api.github.com/repos/xtclang/xvm
3297310110,Java,Claude_Code,docs,https://github.com/beenycool/villagesreborn/pull/7,https://api.github.com/repos/beenycool/villagesreborn
3325449132,Java,Claude_Code,fix,https://github.com/elastic/elasticsearch/pull/132986,https://api.github.com/repos/elastic/elasticsearch
3453992697,Java,Claude_Code,fix,https://github.com/joergstreeck/freshplan-sales-tool/pull/106,https://api.github.com/repos/joergstreeck/freshplan-sales-tool
3269848055,Java,Claude_Code,chore,https://github.com/seongmin1117/ReadFast/pull/11,https://api.github.com/repos/seongmin1117/ReadFast
2885181980,Java,Claude_Code,chore,https://github.com/Hunter-Boone/discord-bot-java/pull/1,https://api.github.com/repos/Hunter-Boone/discord-bot-java
3493636296,Java,Claude_Code,feat,https://github.com/ryu-qqq/FileFlow/pull/21,https://api.github.com/repos/ryu-qqq/FileFlow
3161074351,Java,Claude_Code,fix,https://github.com/markelliot/barista/pull/386,https://api.github.com/repos/markelliot/barista
3499144729,Java,Claude_Code,feat,https://github.com/ryu-qqq/FileFlow/pull/24,https://api.github.com/repos/ryu-qqq/FileFlow
3511568039,Java,Claude_Code,docs,https://github.com/tkm3d1a/CookConnect/pull/12,https://api.github.com/repos/tkm3d1a/CookConnect
3126208002,Java,Claude_Code,feat,https://github.com/joergstreeck/freshplan-sales-tool/pull/16,https://api.github.com/repos/joergstreeck/freshplan-sales-tool
3231952364,Java,Claude_Code,feat,https://github.com/dotCMS/core/pull/32660,https://api.github.com/repos/dotCMS/core
3480897018,Java,Claude_Code,feat,https://github.com/Fabric-Management/fabric-management-backend/pull/65,https://api.github.com/repos/Fabric-Management/fabric-management-backend
3459856982,Java,Claude_Code,chore,https://github.com/hirokazu-kobayashi-koba-hiro/idp-server/pull/528,https://api.github.com/repos/hirokazu-kobayashi-koba-hiro/idp-server
3500649305,Java,Claude_Code,fix,https://github.com/cuioss/OAuth-Sheriff/pull/143,https://api.github.com/repos/cuioss/OAuth-Sheriff
3261300582,Java,Claude_Code,feat,https://github.com/joergstreeck/freshplan-sales-tool/pull/57,https://api.github.com/repos/joergstreeck/freshplan-sales-tool
3231949586,Java,Claude_Code,feat,https://github.com/dotCMS/core/pull/32656,https://api.github.com/repos/dotCMS/core
3138100175,Java,Claude_Code,feat,https://github.com/datahub-project/datahub/pull/13752,https://api.github.com/repos/datahub-project/datahub
3495794767,Java,Claude_Code,chore,https://github.com/cuioss/cui-http/pull/3,https://api.github.com/repos/cuioss/cui-http
3242472143,Java,Claude_Code,fix,https://github.com/Apurva007/pulsar/pull/7,https://api.github.com/repos/Apurva007/pulsar
3305505079,Java,Claude_Code,feat,https://github.com/wlgns5376/msa-ecommerce-product/pull/22,https://api.github.com/repos/wlgns5376/msa-ecommerce-product
3485032562,Java,Claude_Code,fix,https://github.com/dotCMS/core/pull/33443,https://api.github.com/repos/dotCMS/core
3547162491,Java,Claude_Code,feat,https://github.com/ryu-qqq/AuthHub/pull/4,https://api.github.com/repos/ryu-qqq/AuthHub
3277884131,Java,Claude_Code,chore,https://github.com/Luoq1-Xu/teammates/pull/3,https://api.github.com/repos/Luoq1-Xu/teammates
3460227764,Java,Claude_Code,chore,https://github.com/amikos-tech/chromadb-java-client/pull/79,https://api.github.com/repos/amikos-tech/chromadb-java-client
3528075678,Java,Claude_Code,chore,https://github.com/ryu-qqq/Orchestrator/pull/2,https://api.github.com/repos/ryu-qqq/Orchestrator
3457741431,Java,Claude_Code,feat,https://github.com/amikos-tech/chromadb-java-client/pull/78,https://api.github.com/repos/amikos-tech/chromadb-java-client
3343272263,Java,Claude_Code,feat,https://github.com/DataSQRL/sqrl/pull/1504,https://api.github.com/repos/DataSQRL/sqrl
3485393876,Java,Claude_Code,feat,https://github.com/dotCMS/core/pull/33444,https://api.github.com/repos/dotCMS/core
3106088092,Java,Claude_Code,feat,https://github.com/tis-abe-akira/ddd-ai/pull/1,https://api.github.com/repos/tis-abe-akira/ddd-ai
3333105069,Java,Claude_Code,chore,https://github.com/dataease/dataease/pull/16753,https://api.github.com/repos/dataease/dataease
3403771712,Java,Claude_Code,fix,https://github.com/itmca/lifepuzzle-backend/pull/100,https://api.github.com/repos/itmca/lifepuzzle-backend
3507346362,Java,Claude_Code,feat,https://github.com/joergstreeck/freshplan-sales-tool/pull/138,https://api.github.com/repos/joergstreeck/freshplan-sales-tool
3184830773,Java,Claude_Code,chore,https://github.com/nnegi88/spring-boot-error-monitor-starter/pull/1,https://api.github.com/repos/nnegi88/spring-boot-error-monitor-starter
3481120995,Java,Claude_Code,feat,https://github.com/kaligautier/tinder-match-engine/pull/59,https://api.github.com/repos/kaligautier/tinder-match-engine
3206757392,Java,Claude_Code,docs,https://github.com/sungjun1116/coin-trading/pull/11,https://api.github.com/repos/sungjun1116/coin-trading
3357467641,Java,Claude_Code,feat,https://github.com/PAIR-Systems-Inc/goodmem/pull/201,https://api.github.com/repos/PAIR-Systems-Inc/goodmem
3484231011,Java,Claude_Code,feat,https://github.com/joergstreeck/freshplan-sales-tool/pull/131,https://api.github.com/repos/joergstreeck/freshplan-sales-tool
3231953027,Java,Claude_Code,feat,https://github.com/dotCMS/core/pull/32661,https://api.github.com/repos/dotCMS/core
3454557767,Java,Claude_Code,feat,https://github.com/joergstreeck/freshplan-sales-tool/pull/107,https://api.github.com/repos/joergstreeck/freshplan-sales-tool
3231950376,Java,Claude_Code,feat,https://github.com/dotCMS/core/pull/32657,https://api.github.com/repos/dotCMS/core
3147052046,Java,Claude_Code,feat,https://github.com/panghy/javaflow/pull/20,https://api.github.com/repos/panghy/javaflow
3450405051,Java,Claude_Code,chore,https://github.com/openrewrite/rewrite-testing-frameworks/pull/819,https://api.github.com/repos/openrewrite/rewrite-testing-frameworks
3485331799,Java,Claude_Code,feat,https://github.com/ryu-qqq/FileFlow/pull/12,https://api.github.com/repos/ryu-qqq/FileFlow
3230606451,Java,Claude_Code,feat,https://github.com/sasazame/personal-hub-backend/pull/45,https://api.github.com/repos/sasazame/personal-hub-backend
3231955292,Java,Claude_Code,feat,https://github.com/dotCMS/core/pull/32664,https://api.github.com/repos/dotCMS/core
3487065080,Java,Claude_Code,chore,https://github.com/joergstreeck/freshplan-sales-tool/pull/133,https://api.github.com/repos/joergstreeck/freshplan-sales-tool
3485289327,Java,Claude_Code,chore,https://github.com/tcheeric/nostr-java/pull/452,https://api.github.com/repos/tcheeric/nostr-java
3547680199,Java,Claude_Code,chore,https://github.com/CodeFleck/sensorvision/pull/7,https://api.github.com/repos/CodeFleck/sensorvision
3530434657,Java,Claude_Code,chore,https://github.com/joergstreeck/freshplan-sales-tool/pull/142,https://api.github.com/repos/joergstreeck/freshplan-sales-tool
3147313265,Java,Claude_Code,feat,https://github.com/char5742/groovy-lsp-extension/pull/61,https://api.github.com/repos/char5742/groovy-lsp-extension
3328207003,Java,Claude_Code,docs,https://github.com/Kishax/kishax/pull/6,https://api.github.com/repos/Kishax/kishax
3460502775,Java,Claude_Code,chore,https://github.com/samuel-gamelin/Rabbits-and-Foxes/pull/146,https://api.github.com/repos/samuel-gamelin/Rabbits-and-Foxes
3166335251,Java,Claude_Code,feat,https://github.com/sasazame/personal-hub-backend/pull/28,https://api.github.com/repos/sasazame/personal-hub-backend
3193786351,Java,Claude_Code,feat,https://github.com/dotCMS/core/pull/32561,https://api.github.com/repos/dotCMS/core
3231951656,Java,Claude_Code,feat,https://github.com/dotCMS/core/pull/32659,https://api.github.com/repos/dotCMS/core
3442166090,Java,Claude_Code,chore,https://github.com/p27mcgee/astro-data-pipeline/pull/2,https://api.github.com/repos/p27mcgee/astro-data-pipeline
3543597004,Java,Claude_Code,feat,https://github.com/yesrin/MSA-SpringCloud-Kubernetes/pull/13,https://api.github.com/repos/yesrin/MSA-SpringCloud-Kubernetes
3216706697,Java,Claude_Code,feat,https://github.com/dotCMS/core/pull/32609,https://api.github.com/repos/dotCMS/core
3510403513,Java,Claude_Code,chore,https://github.com/cuioss/OAuth-Sheriff/pull/148,https://api.github.com/repos/cuioss/OAuth-Sheriff
3502058166,Java,Claude_Code,fix,https://github.com/hirokazu-kobayashi-koba-hiro/idp-server/pull/677,https://api.github.com/repos/hirokazu-kobayashi-koba-hiro/idp-server
3412378478,Java,Claude_Code,fix,https://github.com/seongmin1117/stock-quest/pull/33,https://api.github.com/repos/seongmin1117/stock-quest
3231954470,Java,Claude_Code,feat,https://github.com/dotCMS/core/pull/32663,https://api.github.com/repos/dotCMS/core
3528686671,Java,Claude_Code,fix,https://github.com/franaraujo77/health-tracker/pull/9,https://api.github.com/repos/franaraujo77/health-tracker
3370143332,Java,Claude_Code,feat,https://github.com/quantum-soft-dev/tia-etl-system/pull/4,https://api.github.com/repos/quantum-soft-dev/tia-etl-system
2898448584,Java,Claude_Code,chore,https://github.com/leonvian/BrainFckInterpreter/pull/1,https://api.github.com/repos/leonvian/BrainFckInterpreter
3486884717,Java,Claude_Code,feat,https://github.com/quantum-soft-dev/data-forge-middleware/pull/1,https://api.github.com/repos/quantum-soft-dev/data-forge-middleware
3368164985,Java,Claude_Code,chore,https://github.com/itmca/lifepuzzle-backend/pull/62,https://api.github.com/repos/itmca/lifepuzzle-backend
3507248497,Java,Claude_Code,fix,https://github.com/ryu-qqq/FileFlow/pull/41,https://api.github.com/repos/ryu-qqq/FileFlow
3437222166,Java,Claude_Code,chore,https://github.com/Team-bbangbbangs/EduKit-BE/pull/69,https://api.github.com/repos/Team-bbangbbangs/EduKit-BE
3400456332,Java,Claude_Code,fix,https://github.com/v2er-app/Android/pull/105,https://api.github.com/repos/v2er-app/Android
2882674719,Java,Claude_Code,feat,https://github.com/robfrank/exercises/pull/499,https://api.github.com/repos/robfrank/exercises
3184920791,Java,Claude_Code,chore,https://github.com/nnegi88/spring-boot-error-monitor-starter/pull/3,https://api.github.com/repos/nnegi88/spring-boot-error-monitor-starter
3509211613,Java,Claude_Code,fix,https://github.com/cuioss/cui-http/pull/6,https://api.github.com/repos/cuioss/cui-http
3328662251,Java,Copilot,feat,https://github.com/r-zym/PACKMAKE-SKYGEN/pull/1,https://api.github.com/repos/r-zym/PACKMAKE-SKYGEN
3463942123,Java,Copilot,fix,https://github.com/d23sx/spring-angular/pull/1,https://api.github.com/repos/d23sx/spring-angular
3529387280,Java,Copilot,fix,https://github.com/Roshan17431/Student-Attendance/pull/2,https://api.github.com/repos/Roshan17431/Student-Attendance
3259731512,Java,Copilot,chore,https://github.com/TinusJ/stocklee/pull/12,https://api.github.com/repos/TinusJ/stocklee
3192212731,Java,Copilot,chore,https://github.com/vaadin/flow/pull/21823,https://api.github.com/repos/vaadin/flow
3414616069,Java,Copilot,feat,https://github.com/Adarsh0311/shopsphere-backend/pull/1,https://api.github.com/repos/Adarsh0311/shopsphere-backend
3547313640,Java,Copilot,feat,https://github.com/curtiscrummie39/NeuroControl-Middleware/pull/1,https://api.github.com/repos/curtiscrummie39/NeuroControl-Middleware
3323961666,Java,Copilot,feat,https://github.com/tylerblakex-netizen/AutoPost/pull/57,https://api.github.com/repos/tylerblakex-netizen/AutoPost
3502655736,Java,Copilot,chore,https://github.com/apexlegendgameplays-hue/grievance-management-service/pull/1,https://api.github.com/repos/apexlegendgameplays-hue/grievance-management-service
3470732237,Java,Copilot,fix,https://github.com/arnaudroubinet/Structurizr-confluence/pull/26,https://api.github.com/repos/arnaudroubinet/Structurizr-confluence
3544261383,Java,Copilot,feat,https://github.com/sandyhem/HARMONY/pull/2,https://api.github.com/repos/sandyhem/HARMONY
3229800663,Java,Copilot,feat,https://github.com/devnuxs-org/StageBuilder/pull/19,https://api.github.com/repos/devnuxs-org/StageBuilder
3297111483,Java,Copilot,feat,https://github.com/ftcteam5898/GalacticLions-Starter/pull/7,https://api.github.com/repos/ftcteam5898/GalacticLions-Starter
3348255941,Java,Copilot,chore,https://github.com/jaxen-xpath/jaxen/pull/203,https://api.github.com/repos/jaxen-xpath/jaxen
3486135988,Java,Copilot,feat,https://github.com/micronaut-projects/micronaut-control-panel/pull/363,https://api.github.com/repos/micronaut-projects/micronaut-control-panel
3417289112,Java,Copilot,fix,https://github.com/Solly-SM/DatingPulse2/pull/1,https://api.github.com/repos/Solly-SM/DatingPulse2
3146664758,Java,Copilot,fix,https://github.com/SchmidtDSE/kigali-sim/pull/189,https://api.github.com/repos/SchmidtDSE/kigali-sim
3270603680,Java,Copilot,fix,https://github.com/microsoft/ApplicationInsights-Java/pull/4393,https://api.github.com/repos/microsoft/ApplicationInsights-Java
3470489912,Java,Copilot,fix,https://github.com/vemikrs/jackson-databind-jsonc/pull/67,https://api.github.com/repos/vemikrs/jackson-databind-jsonc
3386833094,Java,Copilot,chore,https://github.com/SafJNest/Beebot/pull/40,https://api.github.com/repos/SafJNest/Beebot
3403600483,Java,Copilot,chore,https://github.com/pairgood/pact-user-service/pull/2,https://api.github.com/repos/pairgood/pact-user-service
3270287080,Java,Copilot,feat,https://github.com/jasoncalalang/addressbook-api/pull/2,https://api.github.com/repos/jasoncalalang/addressbook-api
3307963340,Java,Copilot,feat,https://github.com/piotr-gorczynski/Soccer/pull/287,https://api.github.com/repos/piotr-gorczynski/Soccer
3317078925,Java,Copilot,feat,https://github.com/gautamdeepak-web/java-crm/pull/2,https://api.github.com/repos/gautamdeepak-web/java-crm
3361131399,Java,Copilot,feat,https://github.com/ucsb-cs156/proj-frontiers/pull/441,https://api.github.com/repos/ucsb-cs156/proj-frontiers
3377645741,Java,Copilot,feat,https://github.com/operaton/operaton/pull/1216,https://api.github.com/repos/operaton/operaton
3341788089,Java,Copilot,chore,https://github.com/simonsimme/Devops_mikroservices_project/pull/2,https://api.github.com/repos/simonsimme/Devops_mikroservices_project
3360182517,Java,Copilot,chore,https://github.com/slnntk/hash-index-simulator/pull/3,https://api.github.com/repos/slnntk/hash-index-simulator
3142364227,Java,Copilot,chore,https://github.com/deeptinaik/gcp_java_dataflows/pull/39,https://api.github.com/repos/deeptinaik/gcp_java_dataflows
3490509532,Java,Copilot,chore,https://github.com/laeubi/p2repo-sbom/pull/2,https://api.github.com/repos/laeubi/p2repo-sbom
3354568438,Java,Copilot,feat,https://github.com/SerBart/Drimain-web-mobile/pull/13,https://api.github.com/repos/SerBart/Drimain-web-mobile
3369564745,Java,Copilot,fix,https://github.com/accentureshark/mentor/pull/73,https://api.github.com/repos/accentureshark/mentor
3292842222,Java,Copilot,fix,https://github.com/SebnemC/derbent/pull/163,https://api.github.com/repos/SebnemC/derbent
3140613045,Java,Copilot,chore,https://github.com/microsoft/typespec/pull/7619,https://api.github.com/repos/microsoft/typespec
3308232996,Java,Copilot,chore,https://github.com/agwlvssainokuni/sqlapp2/pull/4,https://api.github.com/repos/agwlvssainokuni/sqlapp2
3528988319,Java,Copilot,feat,https://github.com/RiccardoSoroImola/client_java/pull/284,https://api.github.com/repos/RiccardoSoroImola/client_java
3192241804,Java,Copilot,fix,https://github.com/wultra/powerauth-webflow/pull/1840,https://api.github.com/repos/wultra/powerauth-webflow
3431128000,Java,Copilot,chore,https://github.com/fr3ts0n/AndrOBD/pull/297,https://api.github.com/repos/fr3ts0n/AndrOBD
3361357085,Java,Copilot,chore,https://github.com/emsbt/adaML/pull/1,https://api.github.com/repos/emsbt/adaML
3428043206,Java,Copilot,feat,https://github.com/MaxiHubb2/cuoco-api/pull/2,https://api.github.com/repos/MaxiHubb2/cuoco-api
3524571860,Java,Copilot,feat,https://github.com/yoshioterada/Spec-Driven-Dev/pull/19,https://api.github.com/repos/yoshioterada/Spec-Driven-Dev
3297061920,Java,Copilot,fix,https://github.com/accentureshark/melian/pull/53,https://api.github.com/repos/accentureshark/melian
3416374762,Java,Copilot,chore,https://github.com/Rah-Rah-Mitra/ip/pull/8,https://api.github.com/repos/Rah-Rah-Mitra/ip
3229327818,Java,Copilot,chore,https://github.com/mmasias/24-25-pyKlondike/pull/18,https://api.github.com/repos/mmasias/24-25-pyKlondike
3317674098,Java,Copilot,chore,https://github.com/cyrus07424/openAgricultureDiary/pull/31,https://api.github.com/repos/cyrus07424/openAgricultureDiary
3327181439,Java,Copilot,fix,https://github.com/starfederation/datastar-java/pull/7,https://api.github.com/repos/starfederation/datastar-java
3530549690,Java,Copilot,feat,https://github.com/TheStackTraceWhisperer/october/pull/2,https://api.github.com/repos/TheStackTraceWhisperer/october
3540615133,Java,Copilot,chore,https://github.com/Moszee/generic-sim/pull/7,https://api.github.com/repos/Moszee/generic-sim
3359605771,Java,Copilot,chore,https://github.com/slnntk/hash-index-simulator/pull/1,https://api.github.com/repos/slnntk/hash-index-simulator
3205987469,Java,Copilot,fix,https://github.com/joealjohn/BypassAddon/pull/4,https://api.github.com/repos/joealjohn/BypassAddon
3350034165,Java,Copilot,chore,https://github.com/trask/opentelemetry-java-contrib/pull/356,https://api.github.com/repos/trask/opentelemetry-java-contrib
3384061198,Java,Copilot,feat,https://github.com/harshith-varma07/SkyPulse-2/pull/9,https://api.github.com/repos/harshith-varma07/SkyPulse-2
3131985888,Java,Copilot,chore,https://github.com/Azure/autorest.java/pull/3128,https://api.github.com/repos/Azure/autorest.java
3459852825,Java,Copilot,chore,https://github.com/Hanprogramer/androidscraft/pull/16,https://api.github.com/repos/Hanprogramer/androidscraft
3373816230,Java,Copilot,fix,https://github.com/shubham77598-del/blank_yaml/pull/6,https://api.github.com/repos/shubham77598-del/blank_yaml
3267026277,Java,Copilot,fix,https://github.com/edipal/maven-git-autover/pull/19,https://api.github.com/repos/edipal/maven-git-autover
3483615684,Java,Copilot,chore,https://github.com/balajirajput96/nextdnsmanager/pull/2,https://api.github.com/repos/balajirajput96/nextdnsmanager
3261632649,Java,Copilot,fix,https://github.com/estebancabezudo/spring-boot-sofia/pull/1,https://api.github.com/repos/estebancabezudo/spring-boot-sofia
3373713254,Java,Copilot,feat,https://github.com/shubham77598-del/blank_yaml/pull/4,https://api.github.com/repos/shubham77598-del/blank_yaml
3486697610,Java,Copilot,feat,https://github.com/ShaftHQ/SHAFT_ENGINE/pull/2132,https://api.github.com/repos/ShaftHQ/SHAFT_ENGINE
3386043519,Java,Copilot,feat,https://github.com/harshith-varma07/SkyPulse-2/pull/10,https://api.github.com/repos/harshith-varma07/SkyPulse-2
3124475283,Java,Copilot,chore,https://github.com/danielmeppiel/java-oracle-jdk-demo/pull/5,https://api.github.com/repos/danielmeppiel/java-oracle-jdk-demo
3285985728,Java,Copilot,feat,https://github.com/wdh125/shop/pull/15,https://api.github.com/repos/wdh125/shop
3301142473,Java,Copilot,chore,https://github.com/TMThong/microemu/pull/1,https://api.github.com/repos/TMThong/microemu
3522684624,Java,Copilot,chore,https://github.com/cauaemanuel/Payment-Microservices-Clean-Architecture/pull/2,https://api.github.com/repos/cauaemanuel/Payment-Microservices-Clean-Architecture
3543015531,Java,Copilot,feat,https://github.com/qmhwx666/HaustExchangePlatform/pull/2,https://api.github.com/repos/qmhwx666/HaustExchangePlatform
3254881405,Java,Copilot,feat,https://github.com/f1soft611/SHMT-MES/pull/26,https://api.github.com/repos/f1soft611/SHMT-MES
3396325707,Java,Copilot,chore,https://github.com/trask/opentelemetry-java-contrib/pull/422,https://api.github.com/repos/trask/opentelemetry-java-contrib
3543435235,Java,Copilot,fix,https://github.com/Oketha-Senadheera/resqnet/pull/39,https://api.github.com/repos/Oketha-Senadheera/resqnet
3542138390,Java,Copilot,chore,https://github.com/Oketha-Senadheera/resqnet/pull/29,https://api.github.com/repos/Oketha-Senadheera/resqnet
3201544235,Java,Copilot,fix,https://github.com/Team-Catxi/Catxi_BackEnd/pull/110,https://api.github.com/repos/Team-Catxi/Catxi_BackEnd
3529731504,Java,Copilot,chore,https://github.com/NighterDevelopment/smartspawner/pull/70,https://api.github.com/repos/NighterDevelopment/smartspawner
3225889272,Java,Copilot,chore,https://github.com/opentelemetrybot/semantic-conventions-java/pull/14,https://api.github.com/repos/opentelemetrybot/semantic-conventions-java
3371916185,Java,Copilot,chore,https://github.com/SerBart/Drimain-web-mobile/pull/22,https://api.github.com/repos/SerBart/Drimain-web-mobile
3521103481,Java,Copilot,feat,https://github.com/cucumber/cucumber-eclipse/pull/565,https://api.github.com/repos/cucumber/cucumber-eclipse
3285875116,Java,Copilot,feat,https://github.com/blip-cmd/xpense/pull/15,https://api.github.com/repos/blip-cmd/xpense
3326149612,Java,Copilot,chore,https://github.com/Marat-Tim/Raiffeisen-ApiGuideLinterUsingLlm/pull/9,https://api.github.com/repos/Marat-Tim/Raiffeisen-ApiGuideLinterUsingLlm
3412720354,Java,Copilot,fix,https://github.com/EduardoA3677/ShizukuHack/pull/5,https://api.github.com/repos/EduardoA3677/ShizukuHack
3439614433,Java,Copilot,chore,https://github.com/halilozel1903/TerminalKomutlari/pull/1,https://api.github.com/repos/halilozel1903/TerminalKomutlari
3190306036,Java,Copilot,feat,https://github.com/Ranzeplay/saysth/pull/39,https://api.github.com/repos/Ranzeplay/saysth
3446469652,Java,Copilot,chore,https://github.com/wala/ML/pull/332,https://api.github.com/repos/wala/ML
3297148333,Java,Copilot,chore,https://github.com/kagemomiji/airsonic-advanced/pull/762,https://api.github.com/repos/kagemomiji/airsonic-advanced
3536920544,Java,Copilot,fix,https://github.com/yalovali/derbent/pull/70,https://api.github.com/repos/yalovali/derbent
3400898828,Java,Copilot,chore,https://github.com/dsmiley/solr/pull/7,https://api.github.com/repos/dsmiley/solr
3390973864,Java,Copilot,fix,https://github.com/ikbenignace/Creepair-Folia/pull/2,https://api.github.com/repos/ikbenignace/Creepair-Folia
3349737161,Java,Copilot,chore,https://github.com/trask/opentelemetry-java-contrib/pull/135,https://api.github.com/repos/trask/opentelemetry-java-contrib
3402941561,Java,Copilot,fix,https://github.com/SebnemC/derbent/pull/222,https://api.github.com/repos/SebnemC/derbent
3369023818,Java,Copilot,chore,https://github.com/martinvidec/maven-archetypes/pull/10,https://api.github.com/repos/martinvidec/maven-archetypes
3442394049,Java,Copilot,fix,https://github.com/piotr-gorczynski/Soccer/pull/533,https://api.github.com/repos/piotr-gorczynski/Soccer
3461792955,Java,Copilot,feat,https://github.com/Johan-Artman/Library-System/pull/3,https://api.github.com/repos/Johan-Artman/Library-System
3416685154,Java,Copilot,chore,https://github.com/liuxiao2015/game_frame/pull/6,https://api.github.com/repos/liuxiao2015/game_frame
3421203420,Java,Copilot,feat,https://github.com/SerBart/Drimain-web-mobile/pull/30,https://api.github.com/repos/SerBart/Drimain-web-mobile
3356205154,Java,Copilot,feat,https://github.com/MMG159/OOAD_Mini_Project/pull/2,https://api.github.com/repos/MMG159/OOAD_Mini_Project
3348887919,Java,Copilot,feat,https://github.com/ucsb-cs156/proj-frontiers/pull/416,https://api.github.com/repos/ucsb-cs156/proj-frontiers
3403603992,Java,Copilot,chore,https://github.com/pairgood/pact-order-service/pull/2,https://api.github.com/repos/pairgood/pact-order-service
3453727660,Java,Copilot,feat,https://github.com/jpmcmu/HPCC-JAPIs/pull/43,https://api.github.com/repos/jpmcmu/HPCC-JAPIs
3307985858,Java,Copilot,fix,https://github.com/petprojectkiriakos/demo/pull/15,https://api.github.com/repos/petprojectkiriakos/demo
3377453587,Java,Copilot,feat,https://github.com/Rishabh2804/ZenTarea/pull/29,https://api.github.com/repos/Rishabh2804/ZenTarea
3425168059,Java,Copilot,feat,https://github.com/piotr-gorczynski/Soccer/pull/489,https://api.github.com/repos/piotr-gorczynski/Soccer
3485397100,Java,Copilot,docs,https://github.com/gliptak/JAllele/pull/104,https://api.github.com/repos/gliptak/JAllele
3530359565,Java,Copilot,fix,https://github.com/tbsalling/aismessages/pull/93,https://api.github.com/repos/tbsalling/aismessages
3310945828,Java,Copilot,chore,https://github.com/Ikey168/Modulo/pull/73,https://api.github.com/repos/Ikey168/Modulo
3354716963,Java,Copilot,chore,https://github.com/Lord-of-the-Rings-Middle-Earth-Mod/Lord-of-the-Rings-Middle-Earth-Mod/pull/178,https://api.github.com/repos/Lord-of-the-Rings-Middle-Earth-Mod/Lord-of-the-Rings-Middle-Earth-Mod
3544660294,Java,Copilot,docs,https://github.com/pig-mesh/pig/pull/1207,https://api.github.com/repos/pig-mesh/pig
3159514917,Java,Copilot,docs,https://github.com/ajisawa-k/workbookshop/pull/2,https://api.github.com/repos/ajisawa-k/workbookshop
3411817181,Java,Copilot,feat,https://github.com/WinKyaw/InventSight/pull/17,https://api.github.com/repos/WinKyaw/InventSight
3542072596,Java,Copilot,feat,https://github.com/jmillar0046/XToPDF/pull/54,https://api.github.com/repos/jmillar0046/XToPDF
3168669963,Java,Copilot,feat,https://github.com/camunda/connectors/pull/4944,https://api.github.com/repos/camunda/connectors
3484852882,Java,Copilot,fix,https://github.com/Adarsh-P-Thomson/NexusPayments/pull/6,https://api.github.com/repos/Adarsh-P-Thomson/NexusPayments
3337534736,Java,Copilot,chore,https://github.com/SebnemC/derbent/pull/212,https://api.github.com/repos/SebnemC/derbent
3391053284,Java,Copilot,chore,https://github.com/antonycc/oidc/pull/171,https://api.github.com/repos/antonycc/oidc
3543976767,Java,Copilot,fix,https://github.com/Ensono/stacks-java-cqrs/pull/786,https://api.github.com/repos/Ensono/stacks-java-cqrs
3366226937,Java,Copilot,docs,https://github.com/EdMaxwell/Developpez-le-back-end-en-utilisant-Java-et-Spring/pull/10,https://api.github.com/repos/EdMaxwell/Developpez-le-back-end-en-utilisant-Java-et-Spring
3275819949,Java,Copilot,chore,https://github.com/YunaiV/ruoyi-vue-pro/pull/907,https://api.github.com/repos/YunaiV/ruoyi-vue-pro
3358347369,Java,Copilot,fix,https://github.com/edinc/java-selenium-framework/pull/22,https://api.github.com/repos/edinc/java-selenium-framework
3326213969,Java,Copilot,fix,https://github.com/MeLzAr707/LinguaSMS/pull/160,https://api.github.com/repos/MeLzAr707/LinguaSMS
3452507182,Java,Copilot,chore,https://github.com/Catfriend1/syncthing-android/pull/1663,https://api.github.com/repos/Catfriend1/syncthing-android
3287890696,Java,Copilot,fix,https://github.com/PBH-BTN/PeerBanHelper/pull/1309,https://api.github.com/repos/PBH-BTN/PeerBanHelper
3437829378,Java,Copilot,chore,https://github.com/chamathTG/Transport-Control-Panel/pull/1,https://api.github.com/repos/chamathTG/Transport-Control-Panel
3204816568,Java,Copilot,feat,https://github.com/DarkSnakeX/LogMyBlock/pull/6,https://api.github.com/repos/DarkSnakeX/LogMyBlock
3413651979,Java,Copilot,feat,https://github.com/GamingToastEVE/Sloth/pull/69,https://api.github.com/repos/GamingToastEVE/Sloth
3539012622,Java,Copilot,chore,https://github.com/P-wig/LLP-Java-Algorithms/pull/1,https://api.github.com/repos/P-wig/LLP-Java-Algorithms
3513412406,Java,Copilot,feat,https://github.com/jcasbin/zookeeper-watcher/pull/2,https://api.github.com/repos/jcasbin/zookeeper-watcher
3551345589,Java,Copilot,chore,https://github.com/JulianoSobroza/simulador_gerenciamento_de_memoria/pull/1,https://api.github.com/repos/JulianoSobroza/simulador_gerenciamento_de_memoria
3355385548,Java,Copilot,chore,https://github.com/apache/solr/pull/3512,https://api.github.com/repos/apache/solr
3455260570,Java,Copilot,feat,https://github.com/jmillar0046/XToPDF/pull/48,https://api.github.com/repos/jmillar0046/XToPDF
3418853097,Java,Copilot,fix,https://github.com/microsoft/ApplicationInsights-Java/pull/4464,https://api.github.com/repos/microsoft/ApplicationInsights-Java
3186620936,Java,Copilot,fix,https://github.com/Devagram/Chess/pull/2,https://api.github.com/repos/Devagram/Chess
3269190108,Java,Copilot,docs,https://github.com/abcSTARK/team-wellbeing-agent/pull/6,https://api.github.com/repos/abcSTARK/team-wellbeing-agent
3545654965,Java,Copilot,feat,https://github.com/yaduchiroth/openremote/pull/1,https://api.github.com/repos/yaduchiroth/openremote
3413581408,Java,Copilot,fix,https://github.com/snehbhajanka/DropBox/pull/73,https://api.github.com/repos/snehbhajanka/DropBox
3307951208,Java,Copilot,chore,https://github.com/petprojectkiriakos/demo/pull/11,https://api.github.com/repos/petprojectkiriakos/demo
3319316982,Java,Copilot,feat,https://github.com/tylerblakex-netizen/AutoPost/pull/25,https://api.github.com/repos/tylerblakex-netizen/AutoPost
3447542339,Java,Copilot,fix,https://github.com/SETA1609/LottoAufgabe/pull/2,https://api.github.com/repos/SETA1609/LottoAufgabe
3390163138,Java,Copilot,docs,https://github.com/vaclavak/SkyQuill/pull/3,https://api.github.com/repos/vaclavak/SkyQuill
3535073010,Java,Copilot,chore,https://github.com/GerardoPerezArenas/DEM_10102025/pull/18,https://api.github.com/repos/GerardoPerezArenas/DEM_10102025
3531681405,Java,Copilot,feat,https://github.com/laeubi/maven/pull/1,https://api.github.com/repos/laeubi/maven
3484772081,Java,Copilot,chore,https://github.com/codehaus-plexus/plexus-archiver/pull/390,https://api.github.com/repos/codehaus-plexus/plexus-archiver
3406402258,Java,Copilot,docs,https://github.com/lalitkhatri/currency_converter/pull/5,https://api.github.com/repos/lalitkhatri/currency_converter
3414165514,Java,Copilot,fix,https://github.com/MeLzAr707/LinguaSMS/pull/621,https://api.github.com/repos/MeLzAr707/LinguaSMS
3381537713,Java,Copilot,chore,https://github.com/KallebySchultz/FinanzaCompleto/pull/26,https://api.github.com/repos/KallebySchultz/FinanzaCompleto
3373714144,Java,Copilot,fix,https://github.com/MeLzAr707/LinguaSMS/pull/452,https://api.github.com/repos/MeLzAr707/LinguaSMS
3437623259,Java,Copilot,docs,https://github.com/TheStackTraceWhisperer/september/pull/37,https://api.github.com/repos/TheStackTraceWhisperer/september
3254777905,Java,Copilot,chore,https://github.com/saurabh-ai/llm-exploring-project/pull/30,https://api.github.com/repos/saurabh-ai/llm-exploring-project
3352688590,Java,Copilot,chore,https://github.com/febry-setyawan/loyalty/pull/29,https://api.github.com/repos/febry-setyawan/loyalty
3246631973,Java,Copilot,chore,https://github.com/accentureshark/melian/pull/28,https://api.github.com/repos/accentureshark/melian
3386651714,Java,Copilot,chore,https://github.com/dadoonet/fscrawler/pull/2145,https://api.github.com/repos/dadoonet/fscrawler
3484598344,Java,Copilot,fix,https://github.com/LnDevAi/E-COMPTA-IA-LIGHT/pull/6,https://api.github.com/repos/LnDevAi/E-COMPTA-IA-LIGHT
3535847793,Java,Copilot,fix,https://github.com/Pake-TU/RivalsOfCatan/pull/18,https://api.github.com/repos/Pake-TU/RivalsOfCatan
3298610983,Java,Copilot,fix,https://github.com/MeLzAr707/LinguaSMS/pull/29,https://api.github.com/repos/MeLzAr707/LinguaSMS
3326226764,Java,Copilot,chore,https://github.com/tylerblakex-netizen/AutoPost/pull/103,https://api.github.com/repos/tylerblakex-netizen/AutoPost
3354962267,Java,Copilot,feat,https://github.com/epugh/solr/pull/12,https://api.github.com/repos/epugh/solr
3350128285,Java,Copilot,chore,https://github.com/trask/opentelemetry-java-contrib/pull/404,https://api.github.com/repos/trask/opentelemetry-java-contrib
3516941839,Java,Copilot,fix,https://github.com/yalovali/derbent/pull/41,https://api.github.com/repos/yalovali/derbent
3523361351,Java,Copilot,chore,https://github.com/pigeon-project/todo-service-copilot-planning/pull/84,https://api.github.com/repos/pigeon-project/todo-service-copilot-planning
3230506858,Java,Copilot,feat,https://github.com/opentelemetrybot/opentelemetry-java-instrumentation/pull/41,https://api.github.com/repos/opentelemetrybot/opentelemetry-java-instrumentation
3445336320,Java,Copilot,feat,https://github.com/MelhorNarrador/G08-Projeto-Mobile/pull/1,https://api.github.com/repos/MelhorNarrador/G08-Projeto-Mobile
3539112816,Java,Copilot,chore,https://github.com/Oketha-Senadheera/resqnet/pull/26,https://api.github.com/repos/Oketha-Senadheera/resqnet
3494730846,Java,Copilot,chore,https://github.com/Lord-of-the-Rings-Middle-Earth-Mod/Lord-of-the-Rings-Middle-Earth-Mod/pull/212,https://api.github.com/repos/Lord-of-the-Rings-Middle-Earth-Mod/Lord-of-the-Rings-Middle-Earth-Mod
3364331997,Java,Copilot,fix,https://github.com/TAMA-Studios/Aseoha/pull/6,https://api.github.com/repos/TAMA-Studios/Aseoha
3499665634,Java,Copilot,feat,https://github.com/frenchy64/clojure-syntax-quote-optimizations/pull/8,https://api.github.com/repos/frenchy64/clojure-syntax-quote-optimizations
3181652972,Java,Copilot,feat,https://github.com/wso2/integration-bi-migration-assistant/pull/171,https://api.github.com/repos/wso2/integration-bi-migration-assistant
3512117743,Java,Copilot,docs,https://github.com/ghc-jetbrains/coding-agent-test/pull/1,https://api.github.com/repos/ghc-jetbrains/coding-agent-test
3546954052,Java,Copilot,chore,https://github.com/pigeon-project/allegro-style-cart-app/pull/49,https://api.github.com/repos/pigeon-project/allegro-style-cart-app
3387577842,Java,Copilot,chore,https://github.com/tomasalias/99-nights/pull/2,https://api.github.com/repos/tomasalias/99-nights
3497766344,Java,Copilot,feat,https://github.com/Tleety/rl-market-helper/pull/2,https://api.github.com/repos/Tleety/rl-market-helper
3550150216,Java,Copilot,feat,https://github.com/vunameaut/HealthTips-App-/pull/19,https://api.github.com/repos/vunameaut/HealthTips-App-
3508894653,Java,Copilot,fix,https://github.com/vogellacompany/codeexamples-ide/pull/24,https://api.github.com/repos/vogellacompany/codeexamples-ide
3463616869,Java,Copilot,fix,https://github.com/arnaudroubinet/Structurizr-confluence/pull/10,https://api.github.com/repos/arnaudroubinet/Structurizr-confluence
3476204354,Java,Copilot,feat,https://github.com/Dans-Plugins/Medieval-Roleplay-Engine/pull/310,https://api.github.com/repos/Dans-Plugins/Medieval-Roleplay-Engine
3260286255,Java,Copilot,chore,https://github.com/TinusJ/stocklee/pull/19,https://api.github.com/repos/TinusJ/stocklee
3306605087,Java,Copilot,fix,https://github.com/arnaudroubinet/Librarie/pull/23,https://api.github.com/repos/arnaudroubinet/Librarie
3483787990,Java,Copilot,chore,https://github.com/gliptak/JAllele/pull/93,https://api.github.com/repos/gliptak/JAllele
3316079950,Java,Copilot,feat,https://github.com/tylerblakex-netizen/AutoPost/pull/3,https://api.github.com/repos/tylerblakex-netizen/AutoPost
3376346075,Java,Copilot,fix,https://github.com/JWeinelt/TobbQL/pull/1,https://api.github.com/repos/JWeinelt/TobbQL
3279099151,Java,Copilot,chore,https://github.com/showpune/asset-manager-ma/pull/22,https://api.github.com/repos/showpune/asset-manager-ma
3531304371,Java,Copilot,feat,https://github.com/wbern/community-assistant/pull/1,https://api.github.com/repos/wbern/community-assistant
3369651264,Java,Copilot,chore,https://github.com/accentureshark/mentor/pull/77,https://api.github.com/repos/accentureshark/mentor
3370104021,Java,Copilot,fix,https://github.com/Dumboiroy/ip/pull/4,https://api.github.com/repos/Dumboiroy/ip
3307941421,Java,Copilot,feat,https://github.com/petprojectkiriakos/demo/pull/10,https://api.github.com/repos/petprojectkiriakos/demo
3413127650,Java,Copilot,chore,https://github.com/DanielKatzman/MarketDBProject/pull/3,https://api.github.com/repos/DanielKatzman/MarketDBProject
3483046981,Java,Copilot,feat,https://github.com/gliptak/JAllele/pull/91,https://api.github.com/repos/gliptak/JAllele
3496147804,Java,Copilot,fix,https://github.com/gxtm/FileHandler/pull/2,https://api.github.com/repos/gxtm/FileHandler
3528880581,Java,Copilot,chore,https://github.com/arnaudroubinet/Librarie/pull/56,https://api.github.com/repos/arnaudroubinet/Librarie
3211441293,Java,Copilot,chore,https://github.com/ThisIs-Developer/LeetCode/pull/4,https://api.github.com/repos/ThisIs-Developer/LeetCode
3459905044,Java,Copilot,chore,https://github.com/SebnemC/derbent/pull/248,https://api.github.com/repos/SebnemC/derbent
3294440591,Java,Copilot,chore,https://github.com/Mehtrick/bjoern/pull/79,https://api.github.com/repos/Mehtrick/bjoern
3488187371,Java,Copilot,chore,https://github.com/slingr-stack/platform-sdk-services/pull/33,https://api.github.com/repos/slingr-stack/platform-sdk-services
3307097102,Java,Copilot,feat,https://github.com/DDD-Community/DDD-12-GROWIT-BE/pull/184,https://api.github.com/repos/DDD-Community/DDD-12-GROWIT-BE
3267003037,Java,Copilot,fix,https://github.com/SebnemC/derbent/pull/68,https://api.github.com/repos/SebnemC/derbent
3129130649,Java,Copilot,chore,https://github.com/deeptinaik/gcp_java_dataflows/pull/2,https://api.github.com/repos/deeptinaik/gcp_java_dataflows
3420293041,Java,Copilot,feat,https://github.com/prabhakarbiwa/Cloud-Sync/pull/2,https://api.github.com/repos/prabhakarbiwa/Cloud-Sync
3335416859,Java,Copilot,chore,https://github.com/SebnemC/derbent/pull/209,https://api.github.com/repos/SebnemC/derbent
3324515537,Java,Copilot,fix,https://github.com/obieda-hussien/simple-keyboard/pull/9,https://api.github.com/repos/obieda-hussien/simple-keyboard
3478875549,Java,Copilot,chore,https://github.com/tahabenhima/TP1ARCHITECHTURE/pull/1,https://api.github.com/repos/tahabenhima/TP1ARCHITECHTURE
3342197720,Java,Copilot,chore,https://github.com/Owl23007/Linx/pull/3,https://api.github.com/repos/Owl23007/Linx
3264869573,Java,Copilot,feat,https://github.com/DylM0nster22/HackCraft/pull/7,https://api.github.com/repos/DylM0nster22/HackCraft
3505938911,Java,Copilot,chore,https://github.com/sandeep-jaiswar/thelastwar/pull/62,https://api.github.com/repos/sandeep-jaiswar/thelastwar
3522152598,Java,Copilot,feat,https://github.com/HashenUdara/uninest/pull/14,https://api.github.com/repos/HashenUdara/uninest
3540468626,Java,Copilot,feat,https://github.com/GerardoPerezArenas/DEM_10102025/pull/33,https://api.github.com/repos/GerardoPerezArenas/DEM_10102025
3540634062,Java,Copilot,fix,https://github.com/phaneendrakondle/InventoryManagementService/pull/9,https://api.github.com/repos/phaneendrakondle/InventoryManagementService
3369289799,Java,Copilot,feat,https://github.com/ikbenignace/EliteMobs-Folia/pull/2,https://api.github.com/repos/ikbenignace/EliteMobs-Folia
3246882051,Java,Copilot,chore,https://github.com/Anonventions/GlobalPost/pull/2,https://api.github.com/repos/Anonventions/GlobalPost
3255610089,Java,Copilot,fix,https://github.com/valkey-io/valkey-glide/pull/4462,https://api.github.com/repos/valkey-io/valkey-glide
3417097793,Java,Copilot,feat,https://github.com/piotr-gorczynski/Soccer/pull/472,https://api.github.com/repos/piotr-gorczynski/Soccer
3338303756,Java,Copilot,feat,https://github.com/AlexV525/intellij-plugins/pull/1,https://api.github.com/repos/AlexV525/intellij-plugins
3374967867,Java,Copilot,fix,https://github.com/piotr-gorczynski/Soccer/pull/428,https://api.github.com/repos/piotr-gorczynski/Soccer
3442696483,Java,Copilot,chore,https://github.com/simbo1905/no-framework-pickler/pull/18,https://api.github.com/repos/simbo1905/no-framework-pickler
3289370077,Java,Copilot,docs,https://github.com/SebnemC/derbent/pull/147,https://api.github.com/repos/SebnemC/derbent
3271717237,Java,Copilot,feat,https://github.com/celfons/java21/pull/1,https://api.github.com/repos/celfons/java21
3477800776,Java,Copilot,feat,https://github.com/vogella/eclipse.platform/pull/1,https://api.github.com/repos/vogella/eclipse.platform
3360203116,Java,Copilot,fix,https://github.com/kukeke11/no-tree-punching-KnifeFixAttempt-/pull/2,https://api.github.com/repos/kukeke11/no-tree-punching-KnifeFixAttempt-
3380225584,Java,Copilot,chore,https://github.com/gluehloch/bo-rest/pull/10,https://api.github.com/repos/gluehloch/bo-rest
3407556525,Java,Copilot,fix,https://github.com/Cleovage/Socket-Programmin-in-java/pull/1,https://api.github.com/repos/Cleovage/Socket-Programmin-in-java
3294608379,Java,Copilot,fix,https://github.com/kenimon123/pene/pull/7,https://api.github.com/repos/kenimon123/pene
3455571986,Java,Copilot,fix,https://github.com/cmcxn/s3-proxy-java/pull/7,https://api.github.com/repos/cmcxn/s3-proxy-java
3166826796,Java,Copilot,chore,https://github.com/skarzhevskyy/nexus-repository-report/pull/18,https://api.github.com/repos/skarzhevskyy/nexus-repository-report
3515294826,Java,Copilot,chore,https://github.com/remsfal/remsfal-backend/pull/512,https://api.github.com/repos/remsfal/remsfal-backend
3280803527,Java,Copilot,feat,https://github.com/Santiago01011/ToDoListApp/pull/21,https://api.github.com/repos/Santiago01011/ToDoListApp
3349955083,Java,Copilot,chore,https://github.com/trask/opentelemetry-java-contrib/pull/326,https://api.github.com/repos/trask/opentelemetry-java-contrib
3357847369,Java,Copilot,chore,https://github.com/wdh125/shop/pull/22,https://api.github.com/repos/wdh125/shop
3304444590,Java,Copilot,docs,https://github.com/deusimarferreira/threads/pull/6,https://api.github.com/repos/deusimarferreira/threads
3275916904,Java,Copilot,docs,https://github.com/YunaiV/ruoyi-vue-pro/pull/908,https://api.github.com/repos/YunaiV/ruoyi-vue-pro
3371531430,Java,Copilot,fix,https://github.com/piotr-gorczynski/Soccer/pull/422,https://api.github.com/repos/piotr-gorczynski/Soccer
3316738300,Java,Copilot,docs,https://github.com/dewabrata/VibeCodeGithubDay2/pull/3,https://api.github.com/repos/dewabrata/VibeCodeGithubDay2
3505241158,Java,Copilot,feat,https://github.com/RahulKCoder/ApacheFOP.Serverless/pull/2,https://api.github.com/repos/RahulKCoder/ApacheFOP.Serverless
3328678753,Java,Copilot,fix,https://github.com/MeLzAr707/LinguaSMS/pull/183,https://api.github.com/repos/MeLzAr707/LinguaSMS
3451109129,Java,Copilot,chore,https://github.com/WeGoSolutions/PeTinder-Back/pull/80,https://api.github.com/repos/WeGoSolutions/PeTinder-Back
3438336598,Java,Copilot,chore,https://github.com/Stephenson-Software/Parpt/pull/40,https://api.github.com/repos/Stephenson-Software/Parpt
3455379824,Java,Copilot,feat,https://github.com/Badbird5907/GriefPreventionTitles/pull/5,https://api.github.com/repos/Badbird5907/GriefPreventionTitles
3285541070,Java,Copilot,chore,https://github.com/accentureshark/melian/pull/43,https://api.github.com/repos/accentureshark/melian
3225998885,Java,Copilot,chore,https://github.com/trask/opentelemetry-java-instrumentation/pull/42,https://api.github.com/repos/trask/opentelemetry-java-instrumentation
3531288485,Java,Copilot,chore,https://github.com/HashenUdara/uninest/pull/29,https://api.github.com/repos/HashenUdara/uninest
3502650979,Java,Copilot,chore,https://github.com/khalinmaksym-ops/agenspace_app_poc/pull/20,https://api.github.com/repos/khalinmaksym-ops/agenspace_app_poc
3443322481,Java,Copilot,fix,https://github.com/Dans-Plugins/SimpleSkills/pull/106,https://api.github.com/repos/Dans-Plugins/SimpleSkills
3397138541,Java,Copilot,chore,https://github.com/Open-J-Proxy/ojp/pull/42,https://api.github.com/repos/Open-J-Proxy/ojp
3253716135,Java,Copilot,fix,https://github.com/SebnemC/derbent/pull/29,https://api.github.com/repos/SebnemC/derbent
3368513306,Java,Copilot,feat,https://github.com/kukeke11/NoTreePunching-1.20.1-KnifeFix/pull/6,https://api.github.com/repos/kukeke11/NoTreePunching-1.20.1-KnifeFix
3414812937,Java,Copilot,chore,https://github.com/SebnemC/derbent/pull/238,https://api.github.com/repos/SebnemC/derbent
3246731691,Java,Copilot,fix,https://github.com/accentureshark/EvolvAI/pull/120,https://api.github.com/repos/accentureshark/EvolvAI
3276119779,Java,Copilot,chore,https://github.com/showpune/asset-manager-ma/pull/14,https://api.github.com/repos/showpune/asset-manager-ma
3185741627,Java,Copilot,feat,https://github.com/opentelemetrybot/opentelemetry-java-contrib/pull/2,https://api.github.com/repos/opentelemetrybot/opentelemetry-java-contrib
3330501839,Java,Copilot,fix,https://github.com/camunda/camunda/pull/36910,https://api.github.com/repos/camunda/camunda
3311342938,Java,Copilot,fix,https://github.com/bmordue/redweed/pull/102,https://api.github.com/repos/bmordue/redweed
3244967392,Java,Copilot,feat,https://github.com/Open-J-Proxy/ojp/pull/7,https://api.github.com/repos/Open-J-Proxy/ojp
3414782080,Java,Copilot,feat,https://github.com/snehbhajanka/DropBox/pull/125,https://api.github.com/repos/snehbhajanka/DropBox
3322865925,Java,Copilot,chore,https://github.com/DeveloperNoShinigami/Pufferfish-Skill-Leveling/pull/153,https://api.github.com/repos/DeveloperNoShinigami/Pufferfish-Skill-Leveling
3428822756,Java,Copilot,fix,https://github.com/trihung987/ProjectAngularMongoDB/pull/8,https://api.github.com/repos/trihung987/ProjectAngularMongoDB
3474396537,Java,Copilot,chore,https://github.com/dronreef2/SistemasGNSS/pull/7,https://api.github.com/repos/dronreef2/SistemasGNSS
3218713117,Java,Copilot,chore,https://github.com/ag88/jmdadocviewer/pull/2,https://api.github.com/repos/ag88/jmdadocviewer
3258112893,Java,Copilot,fix,https://github.com/lsendel/zamaz-debate-mcp/pull/52,https://api.github.com/repos/lsendel/zamaz-debate-mcp
3360318175,Java,Copilot,feat,https://github.com/ucsb-cs156/proj-frontiers/pull/439,https://api.github.com/repos/ucsb-cs156/proj-frontiers
3535995794,Java,Copilot,chore,https://github.com/Oketha-Senadheera/resqnet/pull/23,https://api.github.com/repos/Oketha-Senadheera/resqnet
3349792976,Java,Copilot,chore,https://github.com/trask/opentelemetry-java-contrib/pull/193,https://api.github.com/repos/trask/opentelemetry-java-contrib
3246049974,Java,Copilot,feat,https://github.com/DDD-Community/DDD-12-GROWIT-BE/pull/154,https://api.github.com/repos/DDD-Community/DDD-12-GROWIT-BE
3328579767,Java,Copilot,feat,https://github.com/SebnemC/derbent/pull/202,https://api.github.com/repos/SebnemC/derbent
3350097635,Java,Copilot,feat,https://github.com/MeLzAr707/LinguaSMS/pull/368,https://api.github.com/repos/MeLzAr707/LinguaSMS
3389841892,Java,Copilot,fix,https://github.com/crnlabs/DLB/pull/59,https://api.github.com/repos/crnlabs/DLB
3377155303,Java,Copilot,feat,https://github.com/GamingToastEVE/Sloth/pull/50,https://api.github.com/repos/GamingToastEVE/Sloth
3293594975,Java,Copilot,feat,https://github.com/Decathlon/tzatziki/pull/620,https://api.github.com/repos/Decathlon/tzatziki
3537671931,Java,Copilot,feat,https://github.com/Pake-TU/RivalsOfCatan/pull/43,https://api.github.com/repos/Pake-TU/RivalsOfCatan
3304452255,Java,Copilot,docs,https://github.com/deusimarferreira/threads/pull/11,https://api.github.com/repos/deusimarferreira/threads
3454586415,Java,Copilot,chore,https://github.com/cjmalloy/jasper/pull/350,https://api.github.com/repos/cjmalloy/jasper
3266195641,Java,Copilot,feat,https://github.com/microsoft/typespec/pull/8020,https://api.github.com/repos/microsoft/typespec
3302869613,Java,Copilot,feat,https://github.com/igotyou/ha-danfoss/pull/2,https://api.github.com/repos/igotyou/ha-danfoss
3528925026,Java,Copilot,feat,https://github.com/homveloper/java-loadmap/pull/1,https://api.github.com/repos/homveloper/java-loadmap
3386836536,Java,Copilot,chore,https://github.com/SafJNest/Beebot/pull/41,https://api.github.com/repos/SafJNest/Beebot
3243112963,Java,Copilot,feat,https://github.com/camunda/camunda/pull/35602,https://api.github.com/repos/camunda/camunda
3185740483,Java,Copilot,feat,https://github.com/opentelemetrybot/opentelemetry-java-instrumentation/pull/9,https://api.github.com/repos/opentelemetrybot/opentelemetry-java-instrumentation
3523439885,Java,Copilot,chore,https://github.com/Aile0n/calendar-java/pull/16,https://api.github.com/repos/Aile0n/calendar-java
3423264613,Java,Copilot,chore,https://github.com/rubences/PRUEBA/pull/1,https://api.github.com/repos/rubences/PRUEBA
3349877406,Java,Copilot,chore,https://github.com/trask/opentelemetry-java-contrib/pull/283,https://api.github.com/repos/trask/opentelemetry-java-contrib
3396760589,Java,Copilot,fix,https://github.com/snehbhajanka/DropBox/pull/3,https://api.github.com/repos/snehbhajanka/DropBox
3383232406,Java,Copilot,feat,https://github.com/afminguela/Enterprise-Java-Development-2.02/pull/1,https://api.github.com/repos/afminguela/Enterprise-Java-Development-2.02
3371457378,Java,Copilot,chore,https://github.com/kesha-antonov/ffmpeg-android-java/pull/2,https://api.github.com/repos/kesha-antonov/ffmpeg-android-java
3528245380,Java,Copilot,feat,https://github.com/rajesh25v/spring-framework/pull/95,https://api.github.com/repos/rajesh25v/spring-framework
3351566088,Java,Copilot,feat,https://github.com/Robert-Boylan-Visma/Test/pull/35,https://api.github.com/repos/Robert-Boylan-Visma/Test
3211953712,Java,Copilot,feat,https://github.com/Jalez/movie-management-api/pull/17,https://api.github.com/repos/Jalez/movie-management-api
3384177051,Java,Copilot,feat,https://github.com/TakuyaFukumura/browser/pull/7,https://api.github.com/repos/TakuyaFukumura/browser
3390989594,Java,Copilot,fix,https://github.com/MeLzAr707/LinguaSMS/pull/528,https://api.github.com/repos/MeLzAr707/LinguaSMS
3362661108,Java,Copilot,fix,https://github.com/ktzsolt/sonar-cnes-report/pull/1,https://api.github.com/repos/ktzsolt/sonar-cnes-report
3485039013,Java,Copilot,chore,https://github.com/mojohaus/mrm/pull/252,https://api.github.com/repos/mojohaus/mrm
3311806643,Java,Copilot,fix,https://github.com/microsoft/typespec/pull/8158,https://api.github.com/repos/microsoft/typespec
3350139207,Java,Copilot,chore,https://github.com/trask/opentelemetry-java-contrib/pull/410,https://api.github.com/repos/trask/opentelemetry-java-contrib
3460377946,Java,Copilot,chore,https://github.com/SebnemC/derbent/pull/253,https://api.github.com/repos/SebnemC/derbent
3428756177,Java,Copilot,feat,https://github.com/blackchoey/backend-agent-test/pull/69,https://api.github.com/repos/blackchoey/backend-agent-test
3338215651,Java,Copilot,chore,https://github.com/JWeinelt/UltimateBackportMod/pull/2,https://api.github.com/repos/JWeinelt/UltimateBackportMod
3169493710,Java,Copilot,chore,https://github.com/Azure/azure-sdk-for-java/pull/45796,https://api.github.com/repos/Azure/azure-sdk-for-java
3305097603,Java,Copilot,chore,https://github.com/Richardhhhg/CSC207-Monopoly/pull/115,https://api.github.com/repos/Richardhhhg/CSC207-Monopoly
3539221241,Java,Copilot,fix,https://github.com/yalovali/derbent/pull/72,https://api.github.com/repos/yalovali/derbent
3446774271,Java,Copilot,fix,https://github.com/SomethingGeneric/GooberGuard/pull/20,https://api.github.com/repos/SomethingGeneric/GooberGuard
3510480908,Java,Copilot,fix,https://github.com/GerardoPerezArenas/DEM_10102025/pull/2,https://api.github.com/repos/GerardoPerezArenas/DEM_10102025
3349659618,Java,Copilot,chore,https://github.com/dsmiley/solr/pull/2,https://api.github.com/repos/dsmiley/solr
3255790468,Java,Copilot,chore,https://github.com/TinusJ/stocklee/pull/4,https://api.github.com/repos/TinusJ/stocklee
3476112209,Java,Copilot,chore,https://github.com/KaleidoscopeMods/KaleidoscopeCookery/pull/62,https://api.github.com/repos/KaleidoscopeMods/KaleidoscopeCookery
3352487615,Java,Copilot,chore,https://github.com/onlexnet/sin-net-reports/pull/280,https://api.github.com/repos/onlexnet/sin-net-reports
3214432057,Java,Copilot,docs,https://github.com/Eslaro/BasculasyServicios/pull/2,https://api.github.com/repos/Eslaro/BasculasyServicios
3260977204,Java,Copilot,fix,https://github.com/TinusJ/stocklee/pull/25,https://api.github.com/repos/TinusJ/stocklee
3453340205,Java,Copilot,feat,https://github.com/RapahelS/Duels-velocity/pull/1,https://api.github.com/repos/RapahelS/Duels-velocity
3305694180,Java,Copilot,fix,https://github.com/MeLzAr707/LinguaSMS/pull/48,https://api.github.com/repos/MeLzAr707/LinguaSMS
3463003533,Java,Copilot,fix,https://github.com/kanghouchao/MYCMS/pull/59,https://api.github.com/repos/kanghouchao/MYCMS
3514443516,Java,Copilot,chore,https://github.com/100-hours-a-week/3-ellim-lee-community-be/pull/7,https://api.github.com/repos/100-hours-a-week/3-ellim-lee-community-be
3484474549,Java,Copilot,fix,https://github.com/eclipse-rdf4j/rdf4j/pull/5478,https://api.github.com/repos/eclipse-rdf4j/rdf4j
3483949893,Java,Copilot,chore,https://github.com/alexmartinezmoron/Tesseract-OCR/pull/3,https://api.github.com/repos/alexmartinezmoron/Tesseract-OCR
3334756872,Java,Copilot,chore,https://github.com/housssem1999/Consume-bank-excel/pull/25,https://api.github.com/repos/housssem1999/Consume-bank-excel
3425596342,Java,Copilot,chore,https://github.com/ManojKulkarniHashout/Java_Backend_for_AEM_Integrated_AI_Assistant/pull/5,https://api.github.com/repos/ManojKulkarniHashout/Java_Backend_for_AEM_Integrated_AI_Assistant
3371682072,Java,Copilot,fix,https://github.com/MeLzAr707/LinguaSMS/pull/426,https://api.github.com/repos/MeLzAr707/LinguaSMS
3188730677,Java,Copilot,chore,https://github.com/smalaca/training-center-microservices/pull/318,https://api.github.com/repos/smalaca/training-center-microservices
3462868287,Java,Copilot,fix,https://github.com/MeLzAr707/LinguaSMS/pull/660,https://api.github.com/repos/MeLzAr707/LinguaSMS
3381845591,Java,Copilot,fix,https://github.com/maheshbucket/spring-ai-demo/pull/1,https://api.github.com/repos/maheshbucket/spring-ai-demo
3462503586,Java,Copilot,chore,https://github.com/shirlenelss/keystore_proj1/pull/1,https://api.github.com/repos/shirlenelss/keystore_proj1
3540634067,Java,Copilot,fix,https://github.com/phaneendrakondle/FuzzyService/pull/7,https://api.github.com/repos/phaneendrakondle/FuzzyService
3475502188,Java,Copilot,chore,https://github.com/simbo1905/simple-record-store/pull/63,https://api.github.com/repos/simbo1905/simple-record-store
3513429881,Java,Copilot,fix,https://github.com/GerardoPerezArenas/DEM_10102025/pull/6,https://api.github.com/repos/GerardoPerezArenas/DEM_10102025
3416212250,Java,Copilot,chore,https://github.com/MeLzAr707/LinguaSMS/pull/633,https://api.github.com/repos/MeLzAr707/LinguaSMS
3506659557,Java,Copilot,fix,https://github.com/yalovali/derbent/pull/26,https://api.github.com/repos/yalovali/derbent
3520259063,Java,Copilot,chore,https://github.com/sandeep-jaiswar/thelastwar/pull/135,https://api.github.com/repos/sandeep-jaiswar/thelastwar
3495520346,Java,Copilot,chore,https://github.com/bonitasoft/bonita-connector-document-templating/pull/133,https://api.github.com/repos/bonitasoft/bonita-connector-document-templating
3170239308,Java,Copilot,feat,https://github.com/skarzhevskyy/nexus-repository-report/pull/19,https://api.github.com/repos/skarzhevskyy/nexus-repository-report
3464333801,Java,Copilot,chore,https://github.com/Erick-MSD/Hospital_Santa_Vida/pull/2,https://api.github.com/repos/Erick-MSD/Hospital_Santa_Vida
3527330654,Java,Copilot,feat,https://github.com/EspacoGeek-Teams/EspacoGeek_API/pull/16,https://api.github.com/repos/EspacoGeek-Teams/EspacoGeek_API
3483340123,Java,Copilot,feat,https://github.com/vemikrs/seasar-batis/pull/26,https://api.github.com/repos/vemikrs/seasar-batis
3285577359,Java,Copilot,fix,https://github.com/wdh125/shop/pull/8,https://api.github.com/repos/wdh125/shop
3437307792,Java,Copilot,chore,https://github.com/tassiosantos/fastflow_api/pull/1,https://api.github.com/repos/tassiosantos/fastflow_api
3350080360,Java,Copilot,chore,https://github.com/trask/opentelemetry-java-contrib/pull/376,https://api.github.com/repos/trask/opentelemetry-java-contrib
3369717484,Java,Copilot,chore,https://github.com/CurrenJ/potions-plus/pull/24,https://api.github.com/repos/CurrenJ/potions-plus
3503900830,Java,Copilot,fix,https://github.com/qaiu/vxcore/pull/3,https://api.github.com/repos/qaiu/vxcore
3437591078,Java,Copilot,chore,https://github.com/dhodgson615/Image-Processing-Toolkit/pull/5,https://api.github.com/repos/dhodgson615/Image-Processing-Toolkit
3335184742,Java,Copilot,chore,https://github.com/arnaudroubinet/Librarie/pull/47,https://api.github.com/repos/arnaudroubinet/Librarie
3412374170,Java,Copilot,chore,https://github.com/MinhDucabc/Online_Store_Data_Structure/pull/1,https://api.github.com/repos/MinhDucabc/Online_Store_Data_Structure
3309584103,Java,Copilot,chore,https://github.com/sintezcs/intellij-hurl-plugin/pull/6,https://api.github.com/repos/sintezcs/intellij-hurl-plugin
3425110718,Java,Copilot,chore,https://github.com/SerBart/Drimain-web-mobile/pull/33,https://api.github.com/repos/SerBart/Drimain-web-mobile
3506635677,Java,Copilot,feat,https://github.com/ishtiakahmedayon/oopassignment-it24039/pull/1,https://api.github.com/repos/ishtiakahmedayon/oopassignment-it24039
3531421671,Java,Copilot,feat,https://github.com/laeubi/felix-dev/pull/5,https://api.github.com/repos/laeubi/felix-dev
3453695051,Java,Copilot,feat,https://github.com/Preponderous-Software/Viron/pull/125,https://api.github.com/repos/Preponderous-Software/Viron
3460132053,Java,Copilot,fix,https://github.com/SebnemC/derbent/pull/252,https://api.github.com/repos/SebnemC/derbent
3184880589,Java,Copilot,chore,https://github.com/mgerhards/landlord_manager/pull/3,https://api.github.com/repos/mgerhards/landlord_manager
3346123082,Java,Copilot,fix,https://github.com/Eduardob3677/Ubuntux/pull/8,https://api.github.com/repos/Eduardob3677/Ubuntux
3319526727,Java,Copilot,feat,https://github.com/andrefontourainvillia/java-copilot-code-agent-exercise/pull/12,https://api.github.com/repos/andrefontourainvillia/java-copilot-code-agent-exercise
3370493813,Java,Copilot,fix,https://github.com/GamingToastEVE/Sloth/pull/34,https://api.github.com/repos/GamingToastEVE/Sloth
3383486484,Java,Copilot,fix,https://github.com/HYwan123/dgcraft/pull/2,https://api.github.com/repos/HYwan123/dgcraft
3353020889,Java,Copilot,chore,https://github.com/danilo-perez-invillia/java-copilot-code-agent/pull/12,https://api.github.com/repos/danilo-perez-invillia/java-copilot-code-agent
3228892863,Java,Copilot,feat,https://github.com/premganz/clime/pull/13,https://api.github.com/repos/premganz/clime
3332621562,Java,Copilot,fix,https://github.com/intersoftdatalabs-in/percussioncms/pull/56,https://api.github.com/repos/intersoftdatalabs-in/percussioncms
3255121342,Java,Copilot,chore,https://github.com/wgzhao/addax-admin/pull/4,https://api.github.com/repos/wgzhao/addax-admin
3422290219,Java,Copilot,chore,https://github.com/HamidRezaRezaeiGitHub/xml-sorter/pull/2,https://api.github.com/repos/HamidRezaRezaeiGitHub/xml-sorter
3329502948,Java,Copilot,chore,https://github.com/ArtherPerry/ParcelDeliveryManagementSoftware/pull/1,https://api.github.com/repos/ArtherPerry/ParcelDeliveryManagementSoftware
3414433406,Java,Copilot,fix,https://github.com/EduardoA3677/ShizukuHack/pull/12,https://api.github.com/repos/EduardoA3677/ShizukuHack
3460305788,Java,Copilot,feat,https://github.com/elharo/propernouns/pull/16,https://api.github.com/repos/elharo/propernouns
3155442553,Java,Copilot,chore,https://github.com/SchmidtDSE/kigali-sim/pull/259,https://api.github.com/repos/SchmidtDSE/kigali-sim
3462824647,Java,Copilot,chore,https://github.com/MeLzAr707/LinguaSMS/pull/657,https://api.github.com/repos/MeLzAr707/LinguaSMS
3345056802,Java,Copilot,chore,https://github.com/madebykrol/Nostalgi2D/pull/6,https://api.github.com/repos/madebykrol/Nostalgi2D
3463523540,Java,Copilot,feat,https://github.com/iTasks/web-study/pull/6,https://api.github.com/repos/iTasks/web-study
3521444524,Java,Copilot,chore,https://github.com/Sudharmas/Altius2k25/pull/8,https://api.github.com/repos/Sudharmas/Altius2k25
3501182891,Java,Copilot,feat,https://github.com/tbarland77/obscura/pull/6,https://api.github.com/repos/tbarland77/obscura
3258067919,Java,Copilot,fix,https://github.com/lsendel/zamaz-debate-mcp/pull/38,https://api.github.com/repos/lsendel/zamaz-debate-mcp
3356280394,Java,Copilot,chore,https://github.com/andrix023/EsempioMaven/pull/1,https://api.github.com/repos/andrix023/EsempioMaven
3465961504,Java,Copilot,chore,https://github.com/devopselvis/coding-agent-example-java-codeql-autobuild/pull/2,https://api.github.com/repos/devopselvis/coding-agent-example-java-codeql-autobuild
3329797518,Java,Copilot,chore,https://github.com/Shravan0001jha/tea-on-time/pull/6,https://api.github.com/repos/Shravan0001jha/tea-on-time
3274971209,Java,Copilot,docs,https://github.com/GianTituana/coil-matching-system/pull/2,https://api.github.com/repos/GianTituana/coil-matching-system
3378341548,Java,Copilot,chore,https://github.com/andeok/getz/pull/7,https://api.github.com/repos/andeok/getz
3530285153,Java,Copilot,fix,https://github.com/mojohaus/keytool/pull/124,https://api.github.com/repos/mojohaus/keytool
3483922721,Java,Copilot,chore,https://github.com/goncho09/volando-uy-web/pull/1,https://api.github.com/repos/goncho09/volando-uy-web
3336356684,Java,Copilot,fix,https://github.com/MeLzAr707/LinguaSMS/pull/260,https://api.github.com/repos/MeLzAr707/LinguaSMS
3369573227,Java,Copilot,chore,https://github.com/accentureshark/mentor/pull/74,https://api.github.com/repos/accentureshark/mentor
3414714693,Java,Copilot,chore,https://github.com/fr3ts0n/AndrOBD/pull/294,https://api.github.com/repos/fr3ts0n/AndrOBD
3267360540,Java,Copilot,chore,https://github.com/schnelle/mrcp4j/pull/3,https://api.github.com/repos/schnelle/mrcp4j
3447001150,Java,Copilot,chore,https://github.com/Shays-Forks/quick-menu/pull/1,https://api.github.com/repos/Shays-Forks/quick-menu
3396817462,Java,Copilot,fix,https://github.com/snehbhajanka/DropBox/pull/4,https://api.github.com/repos/snehbhajanka/DropBox
3224973994,Java,Copilot,chore,https://github.com/Open-J-Proxy/ojp-framework-integration/pull/1,https://api.github.com/repos/Open-J-Proxy/ojp-framework-integration
3493427257,Java,Copilot,fix,https://github.com/frenchy64/clojure-syntax-quote-optimizations/pull/4,https://api.github.com/repos/frenchy64/clojure-syntax-quote-optimizations
3388149797,Java,Copilot,feat,https://github.com/kthoms/operaton/pull/25,https://api.github.com/repos/kthoms/operaton
3548497093,Java,Copilot,chore,https://github.com/GerardoPerezArenas/DEM_10102025/pull/37,https://api.github.com/repos/GerardoPerezArenas/DEM_10102025
3390304861,Java,Copilot,chore,https://github.com/sniffy/sniffy/pull/594,https://api.github.com/repos/sniffy/sniffy
3352760326,Java,Copilot,feat,https://github.com/pritampokhra29/ToDoApplication/pull/1,https://api.github.com/repos/pritampokhra29/ToDoApplication
3454772940,Java,Copilot,chore,https://github.com/frostwire/frostwire/pull/1145,https://api.github.com/repos/frostwire/frostwire
3442603177,Java,Copilot,fix,https://github.com/housssem1999/Consume-bank-excel/pull/38,https://api.github.com/repos/housssem1999/Consume-bank-excel
3491382675,Java,Copilot,docs,https://github.com/ppaes/java-copilot-code-agent/pull/2,https://api.github.com/repos/ppaes/java-copilot-code-agent
3373953449,Java,Copilot,chore,https://github.com/MeLzAr707/LinguaSMS/pull/460,https://api.github.com/repos/MeLzAr707/LinguaSMS
3485037747,Java,Copilot,chore,https://github.com/mojohaus/xml-maven-plugin/pull/148,https://api.github.com/repos/mojohaus/xml-maven-plugin
3396335652,Java,Copilot,feat,https://github.com/dwildt/bankaccount-travis/pull/9,https://api.github.com/repos/dwildt/bankaccount-travis
3369301956,Java,Copilot,feat,https://github.com/GamingToastEVE/Sloth/pull/7,https://api.github.com/repos/GamingToastEVE/Sloth
3408240953,Java,Copilot,fix,https://github.com/glender222/negocios/pull/1,https://api.github.com/repos/glender222/negocios
3326506078,Java,Copilot,chore,https://github.com/tylerblakex-netizen/AutoPost/pull/121,https://api.github.com/repos/tylerblakex-netizen/AutoPost
3537794427,Java,Copilot,feat,https://github.com/Pake-TU/RivalsOfCatan/pull/46,https://api.github.com/repos/Pake-TU/RivalsOfCatan
3437975347,Java,Copilot,feat,https://github.com/BOUTCHOUANG1/University-Grade-MS/pull/77,https://api.github.com/repos/BOUTCHOUANG1/University-Grade-MS
3373671864,Java,Copilot,chore,https://github.com/maplibre/maplibre-tile-spec/pull/515,https://api.github.com/repos/maplibre/maplibre-tile-spec
3295360023,Java,Copilot,fix,https://github.com/kenimon123/pene/pull/11,https://api.github.com/repos/kenimon123/pene
3374508099,Java,Copilot,docs,https://github.com/blackchoey/backend-agent-test/pull/42,https://api.github.com/repos/blackchoey/backend-agent-test
3476975721,Java,Copilot,chore,https://github.com/kajtekajtek/aplikacje-przemyslowe2025/pull/1,https://api.github.com/repos/kajtekajtek/aplikacje-przemyslowe2025
3364721770,Java,Copilot,chore,https://github.com/v-Kaefer/SISOP/pull/4,https://api.github.com/repos/v-Kaefer/SISOP
3542182164,Java,Copilot,chore,https://github.com/FacuBustamaante/food-backend/pull/1,https://api.github.com/repos/FacuBustamaante/food-backend
3538437118,Java,Copilot,feat,https://github.com/ptsdirect/knox-token-utility/pull/4,https://api.github.com/repos/ptsdirect/knox-token-utility
3506132267,Java,Copilot,feat,https://github.com/LnDevAi/E-COMPTA-IA-CLEAN/pull/19,https://api.github.com/repos/LnDevAi/E-COMPTA-IA-CLEAN
3536309183,Java,Copilot,feat,https://github.com/Open-J-Proxy/ojp/pull/62,https://api.github.com/repos/Open-J-Proxy/ojp
3396931622,Java,Copilot,chore,https://github.com/Capstone-C/BE-FE/pull/1,https://api.github.com/repos/Capstone-C/BE-FE
3534973906,Java,Copilot,chore,https://github.com/eclipse-tycho/tycho/pull/5497,https://api.github.com/repos/eclipse-tycho/tycho
3333468075,Java,Copilot,chore,https://github.com/bhvdIka/common-import-export/pull/1,https://api.github.com/repos/bhvdIka/common-import-export
3541114916,Java,Copilot,fix,https://github.com/phaneendrakondleOrg/FuzzyService/pull/7,https://api.github.com/repos/phaneendrakondleOrg/FuzzyService
3138043720,Java,Copilot,feat,https://github.com/almostrealism/common/pull/75,https://api.github.com/repos/almostrealism/common
3528826455,Java,Copilot,feat,https://github.com/HashenUdara/uninest/pull/22,https://api.github.com/repos/HashenUdara/uninest
3377640590,Java,Copilot,feat,https://github.com/operaton/operaton/pull/1215,https://api.github.com/repos/operaton/operaton
3363599283,Java,Copilot,chore,https://github.com/Jebagit/angular_springboot/pull/1,https://api.github.com/repos/Jebagit/angular_springboot
3349737698,Java,Copilot,chore,https://github.com/trask/opentelemetry-java-contrib/pull/169,https://api.github.com/repos/trask/opentelemetry-java-contrib
3266286654,Java,Copilot,chore,https://github.com/SebnemC/derbent/pull/65,https://api.github.com/repos/SebnemC/derbent
3308449798,Java,Copilot,fix,https://github.com/AkumasCoffin/mc-panel/pull/5,https://api.github.com/repos/AkumasCoffin/mc-panel
3220407309,Java,Copilot,feat,https://github.com/devonfw/IDEasy/pull/1407,https://api.github.com/repos/devonfw/IDEasy
3413807187,Java,Copilot,fix,https://github.com/snehbhajanka/DropBox/pull/103,https://api.github.com/repos/snehbhajanka/DropBox
3399855663,Java,Copilot,chore,https://github.com/uppnrise/distributed-rate-limiter/pull/39,https://api.github.com/repos/uppnrise/distributed-rate-limiter
3352304875,Java,Copilot,feat,https://github.com/SerBart/Drimain-web-mobile/pull/7,https://api.github.com/repos/SerBart/Drimain-web-mobile
3533500548,Java,Copilot,feat,https://github.com/amatsukami0420/AnonymousClasses/pull/1,https://api.github.com/repos/amatsukami0420/AnonymousClasses
3385871870,Java,Copilot,fix,https://github.com/KallebySchultz/FinanzaCompleto/pull/40,https://api.github.com/repos/KallebySchultz/FinanzaCompleto
3504908658,Java,Copilot,fix,https://github.com/linyuliu/smkit-java/pull/2,https://api.github.com/repos/linyuliu/smkit-java
3506896339,Java,Copilot,feat,https://github.com/eclipse-tycho/tycho/pull/5457,https://api.github.com/repos/eclipse-tycho/tycho
3321169350,Java,Copilot,feat,https://github.com/omdumrotat/nightcore-folia/pull/1,https://api.github.com/repos/omdumrotat/nightcore-folia
3201132802,Java,Copilot,feat,https://github.com/halo-dev/halo/pull/7611,https://api.github.com/repos/halo-dev/halo
3338866372,Java,Copilot,chore,https://github.com/thanhhung-dev/order-coffee-compose/pull/1,https://api.github.com/repos/thanhhung-dev/order-coffee-compose
3260796672,Java,Copilot,chore,https://github.com/rom2110/Tavloo/pull/1,https://api.github.com/repos/rom2110/Tavloo
3228538713,Java,Copilot,feat,https://github.com/premganz/clime/pull/10,https://api.github.com/repos/premganz/clime
3528973906,Java,Copilot,fix,https://github.com/rajesh25v/spring-framework/pull/97,https://api.github.com/repos/rajesh25v/spring-framework
3408102854,Java,Copilot,feat,https://github.com/xanox1/graphhopper_mpd/pull/5,https://api.github.com/repos/xanox1/graphhopper_mpd
3530265394,Java,Copilot,chore,https://github.com/yasassri/wso2-state-tracker-midiator/pull/1,https://api.github.com/repos/yasassri/wso2-state-tracker-midiator
3194874539,Java,Copilot,chore,https://github.com/Nouking/khoa-test-copilit-java/pull/2,https://api.github.com/repos/Nouking/khoa-test-copilit-java
3496798071,Java,Copilot,fix,https://github.com/Aile0n/calendar-java/pull/4,https://api.github.com/repos/Aile0n/calendar-java
3494036199,Java,Copilot,chore,https://github.com/frenchy64/clojure-syntax-quote-optimizations/pull/5,https://api.github.com/repos/frenchy64/clojure-syntax-quote-optimizations
3242558188,Java,Copilot,chore,https://github.com/TakuyaFukumura/visuasset/pull/25,https://api.github.com/repos/TakuyaFukumura/visuasset
3253585110,Java,Copilot,chore,https://github.com/SebnemC/derbent/pull/27,https://api.github.com/repos/SebnemC/derbent
3511584963,Java,Copilot,docs,https://github.com/AstroMarius/IBC/pull/3,https://api.github.com/repos/AstroMarius/IBC
3397687266,Java,Copilot,chore,https://github.com/Outfluencer/simple-nbt/pull/1,https://api.github.com/repos/Outfluencer/simple-nbt
3374154343,Java,Copilot,feat,https://github.com/Deivi92/mina-control-api/pull/4,https://api.github.com/repos/Deivi92/mina-control-api
3365903286,Java,Copilot,chore,https://github.com/GamingToastEVE/LF5-schueler/pull/4,https://api.github.com/repos/GamingToastEVE/LF5-schueler
3246482855,Java,Copilot,docs,https://github.com/saurabh-ai/llm-exploring-project/pull/13,https://api.github.com/repos/saurabh-ai/llm-exploring-project
3268247061,Java,Copilot,feat,https://github.com/abcSTARK/team-wellbeing-agent/pull/1,https://api.github.com/repos/abcSTARK/team-wellbeing-agent
3260142958,Java,Copilot,feat,https://github.com/mahabaleshwars/Java-PR-Test/pull/1,https://api.github.com/repos/mahabaleshwars/Java-PR-Test
3417344142,Java,Copilot,fix,https://github.com/Machigatte/orinote/pull/7,https://api.github.com/repos/Machigatte/orinote
3420957062,Java,Copilot,feat,https://github.com/KickSync/kicksync-backend/pull/2,https://api.github.com/repos/KickSync/kicksync-backend
3194357835,Java,Copilot,chore,https://github.com/microsoft/typespec/pull/7801,https://api.github.com/repos/microsoft/typespec
3298451011,Java,Copilot,chore,https://github.com/accentureshark/mentor/pull/32,https://api.github.com/repos/accentureshark/mentor
3347322355,Java,Copilot,feat,https://github.com/ericsabino/challenge-ze-delivery/pull/4,https://api.github.com/repos/ericsabino/challenge-ze-delivery
3506615515,Java,Copilot,fix,https://github.com/lequockhanh19521680/TodoList-AWS/pull/12,https://api.github.com/repos/lequockhanh19521680/TodoList-AWS
3209356525,Java,Copilot,fix,https://github.com/WJLee22/CS-Knowledge/pull/1,https://api.github.com/repos/WJLee22/CS-Knowledge
3328300660,Java,Copilot,chore,https://github.com/SebnemC/derbent/pull/193,https://api.github.com/repos/SebnemC/derbent
3402203672,Java,Copilot,feat,https://github.com/LogiComposer/boxable/pull/9,https://api.github.com/repos/LogiComposer/boxable
3505702707,Java,Copilot,chore,https://github.com/KbRockzz/QLVeTau/pull/3,https://api.github.com/repos/KbRockzz/QLVeTau
3419095680,Java,Copilot,fix,https://github.com/Solly-SM/DatingPulse2/pull/3,https://api.github.com/repos/Solly-SM/DatingPulse2
3540769333,Java,Copilot,chore,https://github.com/qisumei/mcgo/pull/10,https://api.github.com/repos/qisumei/mcgo
3542824777,Java,Copilot,feat,https://github.com/f1soft611/SHMT-MES/pull/68,https://api.github.com/repos/f1soft611/SHMT-MES
3500673212,Java,Copilot,chore,https://github.com/Cybernetic-Forge/QuickStocks/pull/89,https://api.github.com/repos/Cybernetic-Forge/QuickStocks
3506698843,Java,Copilot,chore,https://github.com/sandeep-jaiswar/thelastwar/pull/68,https://api.github.com/repos/sandeep-jaiswar/thelastwar
3124475583,Java,Copilot,chore,https://github.com/danielmeppiel/java-oracle-jdk-demo/pull/6,https://api.github.com/repos/danielmeppiel/java-oracle-jdk-demo
3523524093,Java,Copilot,chore,https://github.com/kab102395/tic_tac_toe/pull/1,https://api.github.com/repos/kab102395/tic_tac_toe
3297212512,Java,Copilot,fix,https://github.com/accentureshark/melian/pull/54,https://api.github.com/repos/accentureshark/melian
3530189969,Java,Copilot,fix,https://github.com/HyIsNoob/Orbital-Railgun-SFX/pull/9,https://api.github.com/repos/HyIsNoob/Orbital-Railgun-SFX
3507781159,Java,Copilot,feat,https://github.com/Master-Oliveira/ProjectAnalysisAI/pull/4,https://api.github.com/repos/Master-Oliveira/ProjectAnalysisAI
3394371704,Java,Copilot,chore,https://github.com/SafJNest/Beebot/pull/45,https://api.github.com/repos/SafJNest/Beebot
3262802883,Java,Copilot,feat,https://github.com/SebnemC/derbent/pull/49,https://api.github.com/repos/SebnemC/derbent
3462042708,Java,Copilot,feat,https://github.com/blackchoey/backend-agent-test/pull/89,https://api.github.com/repos/blackchoey/backend-agent-test
3246359287,Java,Copilot,docs,https://github.com/saurabh-ai/llm-exploring-project/pull/7,https://api.github.com/repos/saurabh-ai/llm-exploring-project
3347104801,Java,Copilot,feat,https://github.com/Eduardob3677/Ubuntux/pull/36,https://api.github.com/repos/Eduardob3677/Ubuntux
3476017152,Java,Copilot,feat,https://github.com/opentelemetrybot/opentelemetry-java-contrib/pull/121,https://api.github.com/repos/opentelemetrybot/opentelemetry-java-contrib
3202120284,Java,Copilot,feat,https://github.com/smalaca/training-center-microservices/pull/324,https://api.github.com/repos/smalaca/training-center-microservices
3306001544,Java,Copilot,fix,https://github.com/Maheer9272/QuizApp/pull/5,https://api.github.com/repos/Maheer9272/QuizApp
3256358254,Java,Copilot,feat,https://github.com/eclipse-tractusx/tractusx-identityhub/pull/110,https://api.github.com/repos/eclipse-tractusx/tractusx-identityhub
3446794930,Java,Copilot,chore,https://github.com/JakeGads/HEIC-Converter/pull/2,https://api.github.com/repos/JakeGads/HEIC-Converter
3383774554,Java,Copilot,chore,https://github.com/juliannaPaz/java-copilot-code-agent/pull/12,https://api.github.com/repos/juliannaPaz/java-copilot-code-agent
3532915344,Java,Copilot,feat,https://github.com/Oketha-Senadheera/resqnet/pull/19,https://api.github.com/repos/Oketha-Senadheera/resqnet
3374072734,Java,Copilot,chore,https://github.com/TheStackTraceWhisperer/ouroboros/pull/15,https://api.github.com/repos/TheStackTraceWhisperer/ouroboros
3404753603,Java,Copilot,chore,https://github.com/scnscnscn/OICQ/pull/34,https://api.github.com/repos/scnscnscn/OICQ
3406558865,Java,Copilot,feat,https://github.com/lihongjie0209/easy-captcha/pull/1,https://api.github.com/repos/lihongjie0209/easy-captcha
3358439028,Java,Copilot,fix,https://github.com/WinKyaw/InventSight/pull/3,https://api.github.com/repos/WinKyaw/InventSight
3526594579,Java,Copilot,fix,https://github.com/phaneendrakondle/FuzzyService/pull/2,https://api.github.com/repos/phaneendrakondle/FuzzyService
3186952111,Java,Copilot,feat,https://github.com/opentelemetrybot/opentelemetry-java-contrib/pull/40,https://api.github.com/repos/opentelemetrybot/opentelemetry-java-contrib
3345954167,Java,Copilot,fix,https://github.com/Eduardob3677/Ubuntux/pull/2,https://api.github.com/repos/Eduardob3677/Ubuntux
3533049142,Java,Copilot,feat,https://github.com/Juan-cely-l/Tablero/pull/1,https://api.github.com/repos/Juan-cely-l/Tablero
3499904031,Java,Copilot,feat,https://github.com/lrauseo/yt-cuts-agent/pull/2,https://api.github.com/repos/lrauseo/yt-cuts-agent
3189904151,Java,Copilot,feat,https://github.com/opentelemetrybot/opentelemetry-java-contrib/pull/82,https://api.github.com/repos/opentelemetrybot/opentelemetry-java-contrib
3335535192,Java,Copilot,fix,https://github.com/kavindufer/SELENIUM_TEST/pull/5,https://api.github.com/repos/kavindufer/SELENIUM_TEST
3497548406,Java,Copilot,chore,https://github.com/frostwire/frostwire/pull/1183,https://api.github.com/repos/frostwire/frostwire
3431169397,Java,Copilot,chore,https://github.com/FelipeBarretoB/SeleniumQA/pull/1,https://api.github.com/repos/FelipeBarretoB/SeleniumQA
3519684304,Java,Copilot,feat,https://github.com/microsoft/ApplicationInsights-Java/pull/4504,https://api.github.com/repos/microsoft/ApplicationInsights-Java
3307762586,Java,Copilot,feat,https://github.com/ucsb-cs156/proj-frontiers/pull/327,https://api.github.com/repos/ucsb-cs156/proj-frontiers
3442418625,Java,Copilot,feat,https://github.com/artux-net/pdanetwork/pull/2,https://api.github.com/repos/artux-net/pdanetwork
3521068172,Java,Copilot,chore,https://github.com/laeubi/eclipse.jdt.core/pull/9,https://api.github.com/repos/laeubi/eclipse.jdt.core
3327465827,Java,Copilot,chore,https://github.com/Elaina-Moe/ChatColors/pull/2,https://api.github.com/repos/Elaina-Moe/ChatColors
3246839923,Java,Copilot,fix,https://github.com/twitchyvr/particle-life-app-macos/pull/17,https://api.github.com/repos/twitchyvr/particle-life-app-macos
3387849181,Java,Copilot,fix,https://github.com/StrawberryMaster/ImageOnMap/pull/2,https://api.github.com/repos/StrawberryMaster/ImageOnMap
3520955442,Java,Copilot,fix,https://github.com/slievrly/fescar/pull/2,https://api.github.com/repos/slievrly/fescar
3419794385,Java,Copilot,chore,https://github.com/Solly-SM/DatingPulse2/pull/14,https://api.github.com/repos/Solly-SM/DatingPulse2
3255727139,Java,Copilot,chore,https://github.com/TinusJ/stocklee/pull/1,https://api.github.com/repos/TinusJ/stocklee
3292656198,Java,Copilot,fix,https://github.com/VyacheslavAI/Task-manager/pull/2,https://api.github.com/repos/VyacheslavAI/Task-manager
3458893934,Java,Copilot,chore,https://github.com/JacksonMiranda/GerenciadorDeFuncionario/pull/1,https://api.github.com/repos/JacksonMiranda/GerenciadorDeFuncionario
3390966272,Java,Copilot,fix,https://github.com/MeLzAr707/LinguaSMS/pull/525,https://api.github.com/repos/MeLzAr707/LinguaSMS
3341302163,Java,Copilot,feat,https://github.com/tranlenhatgo/quizai-spring/pull/1,https://api.github.com/repos/tranlenhatgo/quizai-spring
3526237465,Java,Copilot,docs,https://github.com/eclipse-m2e/m2e-core-tests/pull/2,https://api.github.com/repos/eclipse-m2e/m2e-core-tests
3333083793,Java,Copilot,fix,https://github.com/Shouvik32/HotelM/pull/2,https://api.github.com/repos/Shouvik32/HotelM
3493956752,Java,Copilot,chore,https://github.com/Ejyke90/fintech-mapping-features/pull/1,https://api.github.com/repos/Ejyke90/fintech-mapping-features
3272585563,Java,Copilot,docs,https://github.com/Mahima507/LeetCode-solutions/pull/1,https://api.github.com/repos/Mahima507/LeetCode-solutions
3373835393,Java,Copilot,fix,https://github.com/shubham77598-del/blank_yaml/pull/7,https://api.github.com/repos/shubham77598-del/blank_yaml
3154385668,Java,Copilot,feat,https://github.com/microsoft/typespec/pull/7670,https://api.github.com/repos/microsoft/typespec
3321765551,Java,Copilot,chore,https://github.com/Robert-Boylan-Visma/Test/pull/4,https://api.github.com/repos/Robert-Boylan-Visma/Test
3285418448,Java,Copilot,chore,https://github.com/accentureshark/mentor/pull/21,https://api.github.com/repos/accentureshark/mentor
3183932739,Java,Copilot,fix,https://github.com/microsoft/typespec/pull/7771,https://api.github.com/repos/microsoft/typespec
3142413084,Java,Copilot,feat,https://github.com/almostrealism/common/pull/84,https://api.github.com/repos/almostrealism/common
3466482061,Java,Copilot,fix,https://github.com/ArcadeData/arcadedb/pull/2587,https://api.github.com/repos/ArcadeData/arcadedb
3210464006,Java,Copilot,chore,https://github.com/pranayh24/Distributed-File-System/pull/5,https://api.github.com/repos/pranayh24/Distributed-File-System
3550388322,Java,Copilot,feat,https://github.com/UDP-life-sciences/WebAPI/pull/3,https://api.github.com/repos/UDP-life-sciences/WebAPI
3123788068,Java,Copilot,fix,https://github.com/ecolight15/EcoAdmin/pull/20,https://api.github.com/repos/ecolight15/EcoAdmin
3360620384,Java,Copilot,fix,https://github.com/psosera/ttap/pull/2,https://api.github.com/repos/psosera/ttap
3336480415,Java,Copilot,fix,https://github.com/MeLzAr707/LinguaSMS/pull/270,https://api.github.com/repos/MeLzAr707/LinguaSMS
3192334793,Java,Copilot,fix,https://github.com/suryavikram2003/MyApplication/pull/1,https://api.github.com/repos/suryavikram2003/MyApplication
3349737333,Java,Copilot,chore,https://github.com/trask/opentelemetry-java-contrib/pull/146,https://api.github.com/repos/trask/opentelemetry-java-contrib
3542571235,Java,Copilot,feat,https://github.com/johnboyce/otel-motel/pull/25,https://api.github.com/repos/johnboyce/otel-motel
3390332205,Java,Copilot,fix,https://github.com/antonycc/oidc/pull/149,https://api.github.com/repos/antonycc/oidc
3535752049,Java,Copilot,feat,https://github.com/Leokayasen/HappyShop/pull/1,https://api.github.com/repos/Leokayasen/HappyShop
3319462654,Java,Copilot,feat,https://github.com/arnaudroubinet/Librarie/pull/36,https://api.github.com/repos/arnaudroubinet/Librarie
3438224329,Java,Copilot,chore,https://github.com/shannah/Melodigram/pull/1,https://api.github.com/repos/shannah/Melodigram
3267151643,Java,Copilot,chore,https://github.com/Jenish-1235/charity-donation-platform-simulation/pull/2,https://api.github.com/repos/Jenish-1235/charity-donation-platform-simulation
3494035326,Java,Copilot,feat,https://github.com/Joe-Abraham/presto/pull/22,https://api.github.com/repos/Joe-Abraham/presto
3369246045,Java,Copilot,fix,https://github.com/GamingToastEVE/Sloth/pull/3,https://api.github.com/repos/GamingToastEVE/Sloth
3327510561,Java,Copilot,feat,https://github.com/cristiandlahoz/zoolan-vetmgmt/pull/38,https://api.github.com/repos/cristiandlahoz/zoolan-vetmgmt
3116676084,Java,Copilot,feat,https://github.com/SerenityCodes/PersonalScheduler/pull/36,https://api.github.com/repos/SerenityCodes/PersonalScheduler
3341869309,Java,Copilot,docs,https://github.com/simonsimme/Devops_mikroservices_project/pull/7,https://api.github.com/repos/simonsimme/Devops_mikroservices_project
3529749818,Java,Copilot,feat,https://github.com/pigeon-project/todo-service-copilot-planning/pull/114,https://api.github.com/repos/pigeon-project/todo-service-copilot-planning
3146396957,Java,Copilot,feat,https://github.com/SchmidtDSE/kigali-sim/pull/182,https://api.github.com/repos/SchmidtDSE/kigali-sim
3370760824,Java,Copilot,chore,https://github.com/yolo-cat/1133-Database-Springboot/pull/1,https://api.github.com/repos/yolo-cat/1133-Database-Springboot
3218202724,Java,Copilot,fix,https://github.com/ajisawa-k/workbookshop/pull/22,https://api.github.com/repos/ajisawa-k/workbookshop
3349316302,Java,Copilot,fix,https://github.com/MeLzAr707/LinguaSMS/pull/352,https://api.github.com/repos/MeLzAr707/LinguaSMS
3535601392,Java,Copilot,chore,https://github.com/EmiCuciu/CS-UBB-FMI-INFO/pull/1,https://api.github.com/repos/EmiCuciu/CS-UBB-FMI-INFO
3410297884,Java,Copilot,fix,https://github.com/xanox1/graphhopper_mpd/pull/8,https://api.github.com/repos/xanox1/graphhopper_mpd
3448167078,Java,Copilot,feat,https://github.com/ilievaartem/AI/pull/1,https://api.github.com/repos/ilievaartem/AI
3450074023,Java,Copilot,chore,https://github.com/Mrshelby0/Leetcode-journey-java/pull/1,https://api.github.com/repos/Mrshelby0/Leetcode-journey-java
3349250751,Java,Copilot,fix,https://github.com/nirmitgoyal/cricket/pull/1,https://api.github.com/repos/nirmitgoyal/cricket
3466912549,Java,Copilot,feat,https://github.com/trask/semantic-conventions-java/pull/12,https://api.github.com/repos/trask/semantic-conventions-java
3229481157,Java,Copilot,fix,https://github.com/HomeCoding/jamp/pull/6,https://api.github.com/repos/HomeCoding/jamp
3345038963,Java,Copilot,chore,https://github.com/madebykrol/Nostalgi2D/pull/5,https://api.github.com/repos/madebykrol/Nostalgi2D
3432689482,Java,Copilot,feat,https://github.com/operaton/operaton/pull/1332,https://api.github.com/repos/operaton/operaton
3503724391,Java,Copilot,feat,https://github.com/kevinyay945/library-management-system/pull/2,https://api.github.com/repos/kevinyay945/library-management-system
3094767484,Java,Copilot,chore,https://github.com/Azure/azure-sdk-for-java/pull/45484,https://api.github.com/repos/Azure/azure-sdk-for-java
3298814601,Java,Copilot,chore,https://github.com/TheSillyBoi/MCrandomstuff/pull/1,https://api.github.com/repos/TheSillyBoi/MCrandomstuff
3400472626,Java,Copilot,fix,https://github.com/KallebySchultz/FinanzaCompleto/pull/97,https://api.github.com/repos/KallebySchultz/FinanzaCompleto
3189179237,Java,Copilot,chore,https://github.com/ricardo-qm/calculadora.tmp/pull/7,https://api.github.com/repos/ricardo-qm/calculadora.tmp
3530268989,Java,Copilot,fix,https://github.com/mojohaus/keytool/pull/121,https://api.github.com/repos/mojohaus/keytool
3386665695,Java,Copilot,feat,https://github.com/dadoonet/fscrawler/pull/2148,https://api.github.com/repos/dadoonet/fscrawler
3414965155,Java,Copilot,fix,https://github.com/Cleovage/Socket-Programmin-in-java/pull/2,https://api.github.com/repos/Cleovage/Socket-Programmin-in-java
3543375537,Java,Copilot,chore,https://github.com/GerardoPerezArenas/DEM_10102025/pull/35,https://api.github.com/repos/GerardoPerezArenas/DEM_10102025
3245142304,Java,Copilot,chore,https://github.com/shinyay/agentic-ai-app-for-java-sample/pull/2,https://api.github.com/repos/shinyay/agentic-ai-app-for-java-sample
3415087586,Java,Copilot,docs,https://github.com/WaraYasy/ObiWanPractice/pull/1,https://api.github.com/repos/WaraYasy/ObiWanPractice
3350155119,Java,Copilot,feat,https://github.com/qwe472249866/flinkStreamSQL/pull/1,https://api.github.com/repos/qwe472249866/flinkStreamSQL
3538332398,Java,Copilot,feat,https://github.com/fedijerbi1/java-/pull/1,https://api.github.com/repos/fedijerbi1/java-
3360492812,Java,Copilot,feat,https://github.com/obieda-hussien/BlurView-Plus/pull/8,https://api.github.com/repos/obieda-hussien/BlurView-Plus
3442931257,Java,Copilot,feat,https://github.com/montage8/talkback/pull/3,https://api.github.com/repos/montage8/talkback
3354021355,Java,Copilot,feat,https://github.com/WheatleyRobotics/Reefscape/pull/19,https://api.github.com/repos/WheatleyRobotics/Reefscape
3543498243,Java,Copilot,fix,https://github.com/Oketha-Senadheera/resqnet/pull/40,https://api.github.com/repos/Oketha-Senadheera/resqnet
3485032355,Java,Copilot,feat,https://github.com/mojohaus/jaxb2-maven-plugin/pull/375,https://api.github.com/repos/mojohaus/jaxb2-maven-plugin
3320528055,Java,Copilot,chore,https://github.com/blackchoey/backend-agent-test/pull/10,https://api.github.com/repos/blackchoey/backend-agent-test
3492827709,Java,Copilot,feat,https://github.com/lil-code-team/googlecard-api/pull/3,https://api.github.com/repos/lil-code-team/googlecard-api
3502777368,Java,Copilot,chore,https://github.com/dex3r/Flywheel/pull/8,https://api.github.com/repos/dex3r/Flywheel
3530366479,Java,Copilot,feat,https://github.com/yalovali/derbent/pull/62,https://api.github.com/repos/yalovali/derbent
3349792856,Java,Copilot,chore,https://github.com/trask/opentelemetry-java-contrib/pull/185,https://api.github.com/repos/trask/opentelemetry-java-contrib
3311136838,Java,Copilot,chore,https://github.com/owenparry-pb/GraveBox/pull/2,https://api.github.com/repos/owenparry-pb/GraveBox
3479379651,Java,Copilot,chore,https://github.com/open-telemetry/opentelemetry-java-instrumentation/pull/14869,https://api.github.com/repos/open-telemetry/opentelemetry-java-instrumentation
3425704860,Java,Copilot,chore,https://github.com/adityasaini0070/univ_voting/pull/1,https://api.github.com/repos/adityasaini0070/univ_voting
3230113849,Java,Copilot,feat,https://github.com/opentelemetrybot/opentelemetry-java-instrumentation/pull/37,https://api.github.com/repos/opentelemetrybot/opentelemetry-java-instrumentation
3263990093,Java,Copilot,chore,https://github.com/mango606/finmate-backend/pull/5,https://api.github.com/repos/mango606/finmate-backend
3332916355,Java,Copilot,fix,https://github.com/MeLzAr707/LinguaSMS/pull/250,https://api.github.com/repos/MeLzAr707/LinguaSMS
3503805627,Java,Copilot,chore,https://github.com/sandeep-jaiswar/thelastwar/pull/52,https://api.github.com/repos/sandeep-jaiswar/thelastwar
3423462060,Java,Copilot,feat,https://github.com/FarmVivi/Fluxcord/pull/442,https://api.github.com/repos/FarmVivi/Fluxcord
3474934313,Java,Copilot,feat,https://github.com/Cybernetic-Forge/QuickStocks/pull/75,https://api.github.com/repos/Cybernetic-Forge/QuickStocks
3497235561,Java,Copilot,fix,https://github.com/Aile0n/calendar-java/pull/12,https://api.github.com/repos/Aile0n/calendar-java
3438186225,Java,Copilot,chore,https://github.com/openpatch/hyperbook-informatik/pull/1,https://api.github.com/repos/openpatch/hyperbook-informatik
3448508424,Java,Copilot,feat,https://github.com/vogellacompany/codeexamples-ide/pull/12,https://api.github.com/repos/vogellacompany/codeexamples-ide
3267055540,Java,Copilot,chore,https://github.com/honeykokia/ecommerce-springboot/pull/31,https://api.github.com/repos/honeykokia/ecommerce-springboot
3244850326,Java,Copilot,feat,https://github.com/Anonventions/Loadscreens/pull/4,https://api.github.com/repos/Anonventions/Loadscreens
3144497319,Java,Copilot,feat,https://github.com/SchmidtDSE/kigali-sim/pull/154,https://api.github.com/repos/SchmidtDSE/kigali-sim
3545467944,Java,Copilot,chore,https://github.com/pigeon-project/allegro-style-cart-app/pull/32,https://api.github.com/repos/pigeon-project/allegro-style-cart-app
3492066630,Java,Copilot,chore,https://github.com/bonitasoft/bonita-connector-salesforce/pull/65,https://api.github.com/repos/bonitasoft/bonita-connector-salesforce
3326386111,Java,Copilot,chore,https://github.com/tylerblakex-netizen/AutoPost/pull/115,https://api.github.com/repos/tylerblakex-netizen/AutoPost
3275599469,Java,Copilot,feat,https://github.com/matthewjohnson42/memex-service/pull/4,https://api.github.com/repos/matthewjohnson42/memex-service
3507421611,Java,Copilot,fix,https://github.com/boniface/open-payments-java/pull/4,https://api.github.com/repos/boniface/open-payments-java
3377523754,Java,Copilot,feat,https://github.com/lowcjm/Chatplugin/pull/1,https://api.github.com/repos/lowcjm/Chatplugin
3505248955,Java,Copilot,fix,https://github.com/gauravkasyap/PracticeDay/pull/1,https://api.github.com/repos/gauravkasyap/PracticeDay
3423977714,Java,Copilot,feat,https://github.com/ptsdirect/knox-token-utility/pull/3,https://api.github.com/repos/ptsdirect/knox-token-utility
3382656945,Java,Copilot,feat,https://github.com/blackchoey/backend-agent-test/pull/50,https://api.github.com/repos/blackchoey/backend-agent-test
3390885005,Java,Copilot,chore,https://github.com/tomasalias/C.L.A.R.A/pull/1,https://api.github.com/repos/tomasalias/C.L.A.R.A
3237189510,Java,Copilot,feat,https://github.com/Azure/azure-microprofile/pull/85,https://api.github.com/repos/Azure/azure-microprofile
3229929288,Java,Copilot,chore,https://github.com/camunda-community-hub/camunda-8-benchmark/pull/145,https://api.github.com/repos/camunda-community-hub/camunda-8-benchmark
3375232895,Java,Copilot,feat,https://github.com/arnaudroubinet/Librarie/pull/55,https://api.github.com/repos/arnaudroubinet/Librarie
3253328404,Java,Copilot,feat,https://github.com/microsoft/lets-learn-mcp-java/pull/7,https://api.github.com/repos/microsoft/lets-learn-mcp-java
3489939447,Java,Copilot,chore,https://github.com/ygmpkk/code-semi-graph/pull/2,https://api.github.com/repos/ygmpkk/code-semi-graph
3516028875,Java,Copilot,fix,https://github.com/SimonBaars/AndroidForceInstall/pull/13,https://api.github.com/repos/SimonBaars/AndroidForceInstall
3333705156,Java,Copilot,feat,https://github.com/Azure/azure-sdk-for-java/pull/46441,https://api.github.com/repos/Azure/azure-sdk-for-java
3347972371,Java,Copilot,feat,https://github.com/Robert-Boylan-Visma/Test/pull/21,https://api.github.com/repos/Robert-Boylan-Visma/Test
3505905133,Java,Copilot,chore,https://github.com/sandeep-jaiswar/thelastwar/pull/61,https://api.github.com/repos/sandeep-jaiswar/thelastwar
3390671770,Java,Copilot,fix,https://github.com/v-Kaefer/SISOP/pull/7,https://api.github.com/repos/v-Kaefer/SISOP
3499599376,Java,Copilot,chore,https://github.com/iamchirag06/Trip-MateV2/pull/4,https://api.github.com/repos/iamchirag06/Trip-MateV2
3390630829,Java,Copilot,fix,https://github.com/MeLzAr707/LinguaSMS/pull/508,https://api.github.com/repos/MeLzAr707/LinguaSMS
3390860191,Java,Copilot,feat,https://github.com/Bowiemtl/HeadIndex/pull/1,https://api.github.com/repos/Bowiemtl/HeadIndex
3481571885,Java,Copilot,fix,https://github.com/Geiger-J/studentportal/pull/16,https://api.github.com/repos/Geiger-J/studentportal
3377506740,Java,Copilot,chore,https://github.com/FRCTeam360/RainMaker25/pull/37,https://api.github.com/repos/FRCTeam360/RainMaker25
3505503063,Java,Copilot,feat,https://github.com/piotr-gorczynski/Soccer/pull/561,https://api.github.com/repos/piotr-gorczynski/Soccer
3186707268,Java,Copilot,chore,https://github.com/opentelemetrybot/opentelemetry-java-contrib/pull/20,https://api.github.com/repos/opentelemetrybot/opentelemetry-java-contrib
3246016139,Java,Copilot,chore,https://github.com/TinyLake/MindustryX/pull/52,https://api.github.com/repos/TinyLake/MindustryX
3377539224,Java,Copilot,chore,https://github.com/Open-J-Proxy/ojp/pull/40,https://api.github.com/repos/Open-J-Proxy/ojp
3321475887,Java,Copilot,chore,https://github.com/arnaudroubinet/Librarie/pull/41,https://api.github.com/repos/arnaudroubinet/Librarie
3318025580,Java,Copilot,feat,https://github.com/cyrus07424/openAgricultureDiary/pull/34,https://api.github.com/repos/cyrus07424/openAgricultureDiary
3350474261,Java,Copilot,fix,https://github.com/MeLzAr707/LinguaSMS/pull/398,https://api.github.com/repos/MeLzAr707/LinguaSMS
3532296621,Java,Copilot,chore,https://github.com/cucumber/cucumber-eclipse/pull/569,https://api.github.com/repos/cucumber/cucumber-eclipse
3321890331,Java,Copilot,chore,https://github.com/Robert-Boylan-Visma/Test/pull/12,https://api.github.com/repos/Robert-Boylan-Visma/Test
3443951341,Java,Copilot,feat,https://github.com/Solly-SM/DatingPulse2/pull/83,https://api.github.com/repos/Solly-SM/DatingPulse2
3417531089,Java,Copilot,fix,https://github.com/antonycc/oidc/pull/232,https://api.github.com/repos/antonycc/oidc
3346057585,Java,Copilot,fix,https://github.com/Eduardob3677/Ubuntux/pull/6,https://api.github.com/repos/Eduardob3677/Ubuntux
3342254232,Java,Copilot,chore,https://github.com/JavierHern/back-end-ecomerce/pull/2,https://api.github.com/repos/JavierHern/back-end-ecomerce
3338431315,Java,Copilot,chore,https://github.com/tahminator/codebloom/pull/290,https://api.github.com/repos/tahminator/codebloom
3186662603,Java,Copilot,feat,https://github.com/opentelemetrybot/opentelemetry-java-contrib/pull/8,https://api.github.com/repos/opentelemetrybot/opentelemetry-java-contrib
3326117500,Java,Copilot,feat,https://github.com/VireonStudios/BetterBounty/pull/4,https://api.github.com/repos/VireonStudios/BetterBounty
3492798516,Java,Copilot,feat,https://github.com/mmalohlava/jpapabench/pull/1,https://api.github.com/repos/mmalohlava/jpapabench
3508202470,Java,Copilot,chore,https://github.com/KbRockzz/QLVeTau/pull/4,https://api.github.com/repos/KbRockzz/QLVeTau
3491665419,Java,Copilot,chore,https://github.com/Gi-Woong/TripGG-Back/pull/2,https://api.github.com/repos/Gi-Woong/TripGG-Back
3432389098,Java,Copilot,feat,https://github.com/prgrms-web-devcourse-final-project/WEB6_8_MOCI_BE/pull/13,https://api.github.com/repos/prgrms-web-devcourse-final-project/WEB6_8_MOCI_BE
3207348309,Java,Copilot,feat,https://github.com/microsoft/ApplicationInsights-Java/pull/4269,https://api.github.com/repos/microsoft/ApplicationInsights-Java
3130803843,Java,Copilot,chore,https://github.com/jiratouchmhp/demo-java-aws-lamda-to-azure/pull/4,https://api.github.com/repos/jiratouchmhp/demo-java-aws-lamda-to-azure
3346571652,Java,Copilot,docs,https://github.com/KUKHUA/JSB/pull/5,https://api.github.com/repos/KUKHUA/JSB
3249238000,Java,Copilot,docs,https://github.com/saurabh-ai/llm-exploring-project/pull/24,https://api.github.com/repos/saurabh-ai/llm-exploring-project
3541543788,Java,Copilot,fix,https://github.com/yalovali/derbent/pull/76,https://api.github.com/repos/yalovali/derbent
3275676664,Java,Copilot,chore,https://github.com/halo-dev/halo/pull/7645,https://api.github.com/repos/halo-dev/halo
3203196608,Java,Copilot,chore,https://github.com/Emmmirr/SharedPreferencesApp/pull/3,https://api.github.com/repos/Emmmirr/SharedPreferencesApp
3525340997,Java,Copilot,feat,https://github.com/josevicenteayala/JavaFeatures/pull/1,https://api.github.com/repos/josevicenteayala/JavaFeatures
3340956665,Java,Copilot,chore,https://github.com/M0diis/M0-OnlinePlayersGUI/pull/12,https://api.github.com/repos/M0diis/M0-OnlinePlayersGUI
3540884991,Java,Copilot,fix,https://github.com/bmarwell/jfmt/pull/106,https://api.github.com/repos/bmarwell/jfmt
3347256522,Java,Copilot,feat,https://github.com/thejaustin/termux-ai-app/pull/10,https://api.github.com/repos/thejaustin/termux-ai-app
3506334222,Java,Copilot,chore,https://github.com/codingChickFox/travel-programme/pull/21,https://api.github.com/repos/codingChickFox/travel-programme
3405018649,Java,Copilot,feat,https://github.com/AlesInfiny/maia/pull/3031,https://api.github.com/repos/AlesInfiny/maia
3414763980,Java,Copilot,feat,https://github.com/snehbhajanka/DropBox/pull/119,https://api.github.com/repos/snehbhajanka/DropBox
3336625313,Java,Copilot,fix,https://github.com/camjjames/dsm-api-client/pull/12,https://api.github.com/repos/camjjames/dsm-api-client
3485684108,Java,Copilot,chore,https://github.com/cjmalloy/jasper/pull/396,https://api.github.com/repos/cjmalloy/jasper
3490640152,Java,Copilot,fix,https://github.com/LnDevAi/E-COMPTA-IA-LIGHT/pull/16,https://api.github.com/repos/LnDevAi/E-COMPTA-IA-LIGHT
3241111213,Java,Copilot,fix,https://github.com/trask/opentelemetry-java-instrumentation/pull/59,https://api.github.com/repos/trask/opentelemetry-java-instrumentation
3380442428,Java,Copilot,chore,https://github.com/leoromerbric/solace-client-archetype/pull/3,https://api.github.com/repos/leoromerbric/solace-client-archetype
3505368552,Java,Copilot,chore,https://github.com/swcstudio/supercompute/pull/12,https://api.github.com/repos/swcstudio/supercompute
3500927546,Java,Copilot,feat,https://github.com/Dans-Plugins/Bluemap_MedievalFactions/pull/4,https://api.github.com/repos/Dans-Plugins/Bluemap_MedievalFactions
3291522007,Java,Copilot,chore,https://github.com/SebnemC/derbent/pull/158,https://api.github.com/repos/SebnemC/derbent
3391613871,Java,Copilot,chore,https://github.com/udayn32/DSAJava/pull/2,https://api.github.com/repos/udayn32/DSAJava
3510950824,Java,Copilot,chore,https://github.com/fjfdelahorra/eb/pull/13,https://api.github.com/repos/fjfdelahorra/eb
3200167491,Java,Copilot,chore,https://github.com/cristiandlahoz/zoolan-vetmgmt/pull/20,https://api.github.com/repos/cristiandlahoz/zoolan-vetmgmt
3290346074,Java,Copilot,chore,https://github.com/xylik/jmix/pull/2,https://api.github.com/repos/xylik/jmix
3319473720,Java,Copilot,feat,https://github.com/arnaudroubinet/Librarie/pull/38,https://api.github.com/repos/arnaudroubinet/Librarie
3516676810,Java,Copilot,chore,https://github.com/AKhoa1611/EV_ChargingStation_Management_Systemm/pull/1,https://api.github.com/repos/AKhoa1611/EV_ChargingStation_Management_Systemm
3322681485,Java,Copilot,feat,https://github.com/DeveloperNoShinigami/Pufferfish-Skill-Leveling/pull/149,https://api.github.com/repos/DeveloperNoShinigami/Pufferfish-Skill-Leveling
3340351138,Java,Copilot,feat,https://github.com/f1soft611/SHMT-MES/pull/48,https://api.github.com/repos/f1soft611/SHMT-MES
3325156287,Java,Copilot,feat,https://github.com/TakuyaFukumura/basic-spring-boot-app/pull/53,https://api.github.com/repos/TakuyaFukumura/basic-spring-boot-app
3474803348,Java,Copilot,fix,https://github.com/cjmalloy/jasper/pull/368,https://api.github.com/repos/cjmalloy/jasper
3429062726,Java,Copilot,fix,https://github.com/jkordick/agentcon-25-swe-agents/pull/10,https://api.github.com/repos/jkordick/agentcon-25-swe-agents
3151126402,Java,Copilot,feat,https://github.com/microsoft/typespec/pull/7651,https://api.github.com/repos/microsoft/typespec
3112886848,Java,Copilot,feat,https://github.com/akto-api-security/akto/pull/2624,https://api.github.com/repos/akto-api-security/akto
3460473828,Java,Copilot,feat,https://github.com/Abhay2133/hello_spring/pull/5,https://api.github.com/repos/Abhay2133/hello_spring
3217550051,Java,Copilot,chore,https://github.com/opentelemetrybot/semantic-conventions-java/pull/12,https://api.github.com/repos/opentelemetrybot/semantic-conventions-java
3449504791,Java,Copilot,feat,https://github.com/rashedjamanraju/problem_solving_with_java/pull/2,https://api.github.com/repos/rashedjamanraju/problem_solving_with_java
3332927971,Java,Copilot,feat,https://github.com/camjjames/deepstack-api-client/pull/6,https://api.github.com/repos/camjjames/deepstack-api-client
3360700185,Java,Copilot,chore,https://github.com/piotr-gorczynski/Soccer/pull/395,https://api.github.com/repos/piotr-gorczynski/Soccer
3188774168,Java,Copilot,feat,https://github.com/camunda/connectors/pull/4993,https://api.github.com/repos/camunda/connectors
3269199150,Java,Copilot,feat,https://github.com/SebnemC/derbent/pull/89,https://api.github.com/repos/SebnemC/derbent
3376589021,Java,Copilot,chore,https://github.com/bunnyholes/boardhole/pull/22,https://api.github.com/repos/bunnyholes/boardhole
3219855309,Java,Copilot,fix,https://github.com/gounthar/backup-plugin/pull/2,https://api.github.com/repos/gounthar/backup-plugin
3345245461,Java,Copilot,docs,https://github.com/nayutalienx/asm_emulator/pull/2,https://api.github.com/repos/nayutalienx/asm_emulator
3381061291,Java,Copilot,fix,https://github.com/djredman99-org/simple-gradle-app/pull/2,https://api.github.com/repos/djredman99-org/simple-gradle-app
3492812557,Java,Copilot,feat,https://github.com/lil-code-team/googlecard-api/pull/1,https://api.github.com/repos/lil-code-team/googlecard-api
3480444449,Java,Copilot,chore,https://github.com/PolaricServer/aprsd/pull/53,https://api.github.com/repos/PolaricServer/aprsd
3354936794,Java,Copilot,fix,https://github.com/antonycc/oidc/pull/60,https://api.github.com/repos/antonycc/oidc
3343329379,Java,Copilot,feat,https://github.com/valkey-io/valkey-glide/pull/4646,https://api.github.com/repos/valkey-io/valkey-glide
3172846336,Java,Copilot,fix,https://github.com/microsoft/typespec/pull/7729,https://api.github.com/repos/microsoft/typespec
3538168065,Java,Copilot,chore,https://github.com/beacon-relay-asset-view-orchestration/mobile/pull/1,https://api.github.com/repos/beacon-relay-asset-view-orchestration/mobile
3244063815,Java,Copilot,fix,https://github.com/trask/opentelemetry-java-instrumentation/pull/61,https://api.github.com/repos/trask/opentelemetry-java-instrumentation
3470049821,Java,Copilot,fix,https://github.com/hpcc-systems/hpcc4j/pull/885,https://api.github.com/repos/hpcc-systems/hpcc4j
3349932670,Java,Copilot,chore,https://github.com/trask/opentelemetry-java-contrib/pull/304,https://api.github.com/repos/trask/opentelemetry-java-contrib
3496123876,Java,Copilot,chore,https://github.com/edumtd/ClienteServidor/pull/2,https://api.github.com/repos/edumtd/ClienteServidor
3324203509,Java,Copilot,feat,https://github.com/tylerblakex-netizen/AutoPost/pull/67,https://api.github.com/repos/tylerblakex-netizen/AutoPost
3468980020,Java,Copilot,fix,https://github.com/eclipse-tycho/tycho/pull/5403,https://api.github.com/repos/eclipse-tycho/tycho
3384263624,Java,Copilot,fix,https://github.com/sprince0031/LIBSDataCurator/pull/51,https://api.github.com/repos/sprince0031/LIBSDataCurator
3301370980,Java,Copilot,chore,https://github.com/walbergaia/JavaAgentDiagnostico/pull/1,https://api.github.com/repos/walbergaia/JavaAgentDiagnostico
3365136874,Java,Copilot,docs,https://github.com/blackchoey/backend-agent-test/pull/27,https://api.github.com/repos/blackchoey/backend-agent-test
3466900869,Java,Copilot,chore,https://github.com/XIYO/ttodo-api/pull/13,https://api.github.com/repos/XIYO/ttodo-api
3496643921,Java,Copilot,fix,https://github.com/microsoft/typespec/pull/8695,https://api.github.com/repos/microsoft/typespec
3546602779,Java,Copilot,docs,https://github.com/Simon-Ord/Primer-Repositorio/pull/4,https://api.github.com/repos/Simon-Ord/Primer-Repositorio
3188840537,Java,Copilot,fix,https://github.com/HyperLee/MyAndroidTutorial/pull/4,https://api.github.com/repos/HyperLee/MyAndroidTutorial
3540725154,Java,Copilot,chore,https://github.com/GerardoPerezArenas/DEM_10102025/pull/34,https://api.github.com/repos/GerardoPerezArenas/DEM_10102025
3437496491,Java,Copilot,feat,https://github.com/piotr-gorczynski/Soccer/pull/527,https://api.github.com/repos/piotr-gorczynski/Soccer
3365847467,Java,Copilot,chore,https://github.com/Coosanta17/MeldMC-Installer/pull/1,https://api.github.com/repos/Coosanta17/MeldMC-Installer
3387081639,Java,Copilot,feat,https://github.com/Dayyylight/lucene/pull/1,https://api.github.com/repos/Dayyylight/lucene
3506745007,Java,Copilot,docs,https://github.com/heesms/carizon/pull/10,https://api.github.com/repos/heesms/carizon
3387146346,Java,Copilot,chore,https://github.com/sutinse/sscodeagent02/pull/10,https://api.github.com/repos/sutinse/sscodeagent02
3515998062,Java,Copilot,fix,https://github.com/SimonBaars/AndroidForceInstall/pull/12,https://api.github.com/repos/SimonBaars/AndroidForceInstall
3419924186,Java,Copilot,fix,https://github.com/Solly-SM/DatingPulse2/pull/18,https://api.github.com/repos/Solly-SM/DatingPulse2
3344965753,Java,Copilot,chore,https://github.com/twilio/twilio-java/pull/893,https://api.github.com/repos/twilio/twilio-java
3504970387,Java,Copilot,feat,https://github.com/Omarrivv/jmeter-crud-demo/pull/1,https://api.github.com/repos/Omarrivv/jmeter-crud-demo
3142742122,Java,Copilot,chore,https://github.com/SwEngin51/technip-demo/pull/3,https://api.github.com/repos/SwEngin51/technip-demo
3449680857,Java,Copilot,feat,https://github.com/frostwire/frostwire/pull/1143,https://api.github.com/repos/frostwire/frostwire
3349460407,Java,Copilot,fix,https://github.com/febry-setyawan/loyalty/pull/13,https://api.github.com/repos/febry-setyawan/loyalty
3402052067,Java,Copilot,feat,https://github.com/demontara/putty/pull/2,https://api.github.com/repos/demontara/putty
3442098232,Java,Copilot,fix,https://github.com/Solly-SM/DatingPulse2/pull/78,https://api.github.com/repos/Solly-SM/DatingPulse2
3383778206,Java,Copilot,docs,https://github.com/juliannaPaz/java-copilot-code-agent/pull/14,https://api.github.com/repos/juliannaPaz/java-copilot-code-agent
3349793591,Java,Copilot,chore,https://github.com/trask/opentelemetry-java-contrib/pull/233,https://api.github.com/repos/trask/opentelemetry-java-contrib
3456759823,Java,Copilot,chore,https://github.com/UQcsse3200/2025-studio-4/pull/146,https://api.github.com/repos/UQcsse3200/2025-studio-4
3287540703,Java,Copilot,fix,https://github.com/MeLzAr707/LinguaSMS/pull/2,https://api.github.com/repos/MeLzAr707/LinguaSMS
3285551348,Java,Copilot,fix,https://github.com/PBH-BTN/PeerBanHelper/pull/1299,https://api.github.com/repos/PBH-BTN/PeerBanHelper
3344499118,Java,Copilot,feat,https://github.com/kavyashree-n-hub/JavaPrograms/pull/4,https://api.github.com/repos/kavyashree-n-hub/JavaPrograms
3528981473,Java,Copilot,feat,https://github.com/cjmalloy/jasper/pull/406,https://api.github.com/repos/cjmalloy/jasper
3487468147,Java,Copilot,chore,https://github.com/arnaudroubinet/demo-migration-tests/pull/1,https://api.github.com/repos/arnaudroubinet/demo-migration-tests
3260986235,Java,Copilot,fix,https://github.com/microsoft/typespec/pull/8001,https://api.github.com/repos/microsoft/typespec
3349573597,Java,Copilot,feat,https://github.com/Elysion-UG/elysion-backend/pull/1,https://api.github.com/repos/Elysion-UG/elysion-backend
3419014958,Java,Copilot,chore,https://github.com/claudiogil2022/api-vendedores/pull/1,https://api.github.com/repos/claudiogil2022/api-vendedores
3528920448,Java,Copilot,fix,https://github.com/arnaudroubinet/Librarie/pull/73,https://api.github.com/repos/arnaudroubinet/Librarie
3174193356,Java,Copilot,chore,https://github.com/microsoft/typespec/pull/7735,https://api.github.com/repos/microsoft/typespec
3332636820,Java,Copilot,chore,https://github.com/intersoftdatalabs-in/percussioncms/pull/62,https://api.github.com/repos/intersoftdatalabs-in/percussioncms
3461643935,Java,Copilot,chore,https://github.com/NighterDevelopment/smartspawner/pull/21,https://api.github.com/repos/NighterDevelopment/smartspawner
3536564792,Java,Copilot,fix,https://github.com/Pake-TU/RivalsOfCatan/pull/27,https://api.github.com/repos/Pake-TU/RivalsOfCatan
3520228277,Java,Copilot,feat,https://github.com/fine5351/Historical/pull/1,https://api.github.com/repos/fine5351/Historical
3477893918,Java,Copilot,fix,https://github.com/PolaricServer/Polaric-Core/pull/1,https://api.github.com/repos/PolaricServer/Polaric-Core
3525016758,Java,Copilot,chore,https://github.com/Oketha-Senadheera/resqnet/pull/12,https://api.github.com/repos/Oketha-Senadheera/resqnet
3280620232,Java,Copilot,feat,https://github.com/alxspiker/Project_1/pull/2,https://api.github.com/repos/alxspiker/Project_1
3428963365,Java,Copilot,feat,https://github.com/OneLiteFeatherNET/AntiRedstoneClock-Remastered/pull/150,https://api.github.com/repos/OneLiteFeatherNET/AntiRedstoneClock-Remastered
3438586785,Java,Copilot,feat,https://github.com/rokomaras/Sanda/pull/1,https://api.github.com/repos/rokomaras/Sanda
3544004555,Java,Copilot,fix,https://github.com/phaneendrakondleOrg/InventoryManagementService/pull/25,https://api.github.com/repos/phaneendrakondleOrg/InventoryManagementService
3437313291,Java,Copilot,fix,https://github.com/Solly-SM/DatingPulse2/pull/44,https://api.github.com/repos/Solly-SM/DatingPulse2
3442620785,Java,Copilot,fix,https://github.com/Solly-SM/DatingPulse2/pull/80,https://api.github.com/repos/Solly-SM/DatingPulse2
3350107058,Java,Copilot,chore,https://github.com/trask/opentelemetry-java-contrib/pull/392,https://api.github.com/repos/trask/opentelemetry-java-contrib
3372641912,Java,Copilot,feat,https://github.com/Jeremy-Heer/LDAPBrowser/pull/7,https://api.github.com/repos/Jeremy-Heer/LDAPBrowser
3528706075,Java,Copilot,feat,https://github.com/seif-hatem/syntax_squad/pull/1,https://api.github.com/repos/seif-hatem/syntax_squad
3247705550,Java,Copilot,chore,https://github.com/AmenAdem/CarthagePulse/pull/1,https://api.github.com/repos/AmenAdem/CarthagePulse
3335678431,Java,Copilot,feat,https://github.com/atimmer418/investingApp/pull/54,https://api.github.com/repos/atimmer418/investingApp
3539457981,Java,Copilot,fix,https://github.com/qisumei/mcgo/pull/4,https://api.github.com/repos/qisumei/mcgo
3445467282,Java,Copilot,chore,https://github.com/TheStackTraceWhisperer/eve-kernel/pull/3,https://api.github.com/repos/TheStackTraceWhisperer/eve-kernel
3278997082,Java,Copilot,chore,https://github.com/showpune/asset-manager-ma/pull/20,https://api.github.com/repos/showpune/asset-manager-ma
3484797696,Java,Copilot,chore,https://github.com/elharo/docfix/pull/211,https://api.github.com/repos/elharo/docfix
3454108571,Java,Copilot,chore,https://github.com/roman-kupar/ConcurrentSortedTree/pull/1,https://api.github.com/repos/roman-kupar/ConcurrentSortedTree
3428689498,Java,Copilot,fix,https://github.com/trihung987/ProjectAngularMongoDB/pull/5,https://api.github.com/repos/trihung987/ProjectAngularMongoDB
3497592212,Java,Copilot,docs,https://github.com/blackchoey/backend-agent-test/pull/94,https://api.github.com/repos/blackchoey/backend-agent-test
3398601572,Java,Copilot,fix,https://github.com/TheStackTraceWhisperer/september/pull/9,https://api.github.com/repos/TheStackTraceWhisperer/september
3287070492,Java,Copilot,fix,https://github.com/Fazil-Vallooran/seleniumframework/pull/2,https://api.github.com/repos/Fazil-Vallooran/seleniumframework
3368783431,Java,Copilot,chore,https://github.com/yukselcodingwithyou/investment-tracker/pull/3,https://api.github.com/repos/yukselcodingwithyou/investment-tracker
3460665717,Java,Copilot,chore,https://github.com/MeLzAr707/LinguaSMS/pull/639,https://api.github.com/repos/MeLzAr707/LinguaSMS
3468347598,Java,Copilot,feat,https://github.com/XIYO/ttodo-api/pull/17,https://api.github.com/repos/XIYO/ttodo-api
3508312673,Java,Copilot,chore,https://github.com/dimadesu/bond-bunny/pull/28,https://api.github.com/repos/dimadesu/bond-bunny
3349950271,Java,Copilot,chore,https://github.com/escontrela/chess-journey/pull/11,https://api.github.com/repos/escontrela/chess-journey
3186726189,Java,Copilot,chore,https://github.com/opentelemetrybot/opentelemetry-java-instrumentation/pull/19,https://api.github.com/repos/opentelemetrybot/opentelemetry-java-instrumentation
3543932426,Java,Copilot,fix,https://github.com/phaneendrakondleOrg/FuzzyService/pull/15,https://api.github.com/repos/phaneendrakondleOrg/FuzzyService
3319491998,Java,Copilot,chore,https://github.com/arnaudroubinet/Librarie/pull/40,https://api.github.com/repos/arnaudroubinet/Librarie
3502676786,Java,Copilot,chore,https://github.com/mobiuscode-com/pdfbox-table/pull/2,https://api.github.com/repos/mobiuscode-com/pdfbox-table
3305358521,Java,Copilot,chore,https://github.com/RickAnderson-hub/camelTestBed/pull/51,https://api.github.com/repos/RickAnderson-hub/camelTestBed
3377787649,Java,Copilot,chore,https://github.com/KallebySchultz/FinanzaCompleto/pull/17,https://api.github.com/repos/KallebySchultz/FinanzaCompleto
3416924049,Java,Copilot,feat,https://github.com/piotr-gorczynski/Soccer/pull/470,https://api.github.com/repos/piotr-gorczynski/Soccer
3370585310,Java,Copilot,feat,https://github.com/GamingToastEVE/Sloth/pull/37,https://api.github.com/repos/GamingToastEVE/Sloth
3471966241,Java,Copilot,feat,https://github.com/laeubi/cdt/pull/1,https://api.github.com/repos/laeubi/cdt
3484788684,Java,Copilot,fix,https://github.com/codehaus-plexus/plexus-archiver/pull/392,https://api.github.com/repos/codehaus-plexus/plexus-archiver
3470912703,Java,Copilot,fix,https://github.com/lelong1304/kafka-testing-framework/pull/1,https://api.github.com/repos/lelong1304/kafka-testing-framework
3508763757,Java,Copilot,feat,https://github.com/webjetcms/webjetcms/pull/83,https://api.github.com/repos/webjetcms/webjetcms
3312067106,Java,Copilot,docs,https://github.com/dudurtg2/SENAI-API/pull/6,https://api.github.com/repos/dudurtg2/SENAI-API
3382940227,Java,Copilot,feat,https://github.com/piotr-gorczynski/Soccer/pull/438,https://api.github.com/repos/piotr-gorczynski/Soccer
3512249831,Java,Copilot,chore,https://github.com/yuzhengchua/cinema-app/pull/8,https://api.github.com/repos/yuzhengchua/cinema-app
3516570361,Java,Copilot,docs,https://github.com/eclipse-equinox/equinox/pull/1165,https://api.github.com/repos/eclipse-equinox/equinox
3438740325,Java,Copilot,docs,https://github.com/sfuosdev/Email-Backend/pull/1,https://api.github.com/repos/sfuosdev/Email-Backend
3480435919,Java,Copilot,chore,https://github.com/Cybernetic-Forge/QuickStocks/pull/83,https://api.github.com/repos/Cybernetic-Forge/QuickStocks
3527506498,Java,Copilot,feat,https://github.com/PCoelho06/apontaja/pull/1,https://api.github.com/repos/PCoelho06/apontaja
3395956206,Java,Copilot,feat,https://github.com/slnntk/Arquitetura/pull/2,https://api.github.com/repos/slnntk/Arquitetura
3491406156,Java,Copilot,feat,https://github.com/prsNatan/java-copilot-code-agent/pull/3,https://api.github.com/repos/prsNatan/java-copilot-code-agent
3485197310,Java,Copilot,fix,https://github.com/PolaricServer/aprsd/pull/64,https://api.github.com/repos/PolaricServer/aprsd
3512564454,Java,Copilot,chore,https://github.com/teggr/robintegg/pull/14,https://api.github.com/repos/teggr/robintegg
3397346939,Java,Copilot,chore,https://github.com/timestored/pulseui/pull/344,https://api.github.com/repos/timestored/pulseui
3493835294,Java,Copilot,chore,https://github.com/Dans-Plugins/SimpleSkills/pull/117,https://api.github.com/repos/Dans-Plugins/SimpleSkills
3381822185,Java,Copilot,chore,https://github.com/jenkinsci/explain-error-plugin/pull/27,https://api.github.com/repos/jenkinsci/explain-error-plugin
3545911530,Java,Copilot,chore,https://github.com/pigeon-project/allegro-style-cart-app/pull/37,https://api.github.com/repos/pigeon-project/allegro-style-cart-app
3314743580,Java,Copilot,feat,https://github.com/agwlvssainokuni/sqlapp2/pull/8,https://api.github.com/repos/agwlvssainokuni/sqlapp2
3248121279,Java,Copilot,fix,https://github.com/Cantara/realestate-metasys-cloudconnector-agent/pull/395,https://api.github.com/repos/Cantara/realestate-metasys-cloudconnector-agent
3505932319,Java,Copilot,docs,https://github.com/yalovali/derbent/pull/25,https://api.github.com/repos/yalovali/derbent
3531033651,Java,Copilot,feat,https://github.com/springlearn9/comitte-app/pull/8,https://api.github.com/repos/springlearn9/comitte-app
3202345085,Java,Copilot,chore,https://github.com/flrrth/telegram-picture-bot/pull/1,https://api.github.com/repos/flrrth/telegram-picture-bot
3484757449,Java,Copilot,chore,https://github.com/PolaricServer/aprsd/pull/60,https://api.github.com/repos/PolaricServer/aprsd
3260025145,Java,Copilot,fix,https://github.com/TinusJ/stocklee/pull/15,https://api.github.com/repos/TinusJ/stocklee
3286164152,Java,Copilot,feat,https://github.com/twilio/twilio-java/pull/880,https://api.github.com/repos/twilio/twilio-java
3246987672,Java,Copilot,feat,https://github.com/Anonventions/GlobalPost/pull/4,https://api.github.com/repos/Anonventions/GlobalPost
3481633080,Java,Copilot,fix,https://github.com/Geiger-J/studentportal/pull/17,https://api.github.com/repos/Geiger-J/studentportal
3287300735,Java,Copilot,fix,https://github.com/SebnemC/derbent/pull/133,https://api.github.com/repos/SebnemC/derbent
3286795915,Java,Copilot,fix,https://github.com/TartaricAcid/TouhouLittleMaid/pull/834,https://api.github.com/repos/TartaricAcid/TouhouLittleMaid
3347141408,Java,Copilot,fix,https://github.com/Eduardob3677/Ubuntux/pull/38,https://api.github.com/repos/Eduardob3677/Ubuntux
3304037511,Java,Copilot,fix,https://github.com/codecentric/spring-boot-admin/pull/4554,https://api.github.com/repos/codecentric/spring-boot-admin
3312260253,Java,Copilot,fix,https://github.com/tcheeric/nostr-java/pull/348,https://api.github.com/repos/tcheeric/nostr-java
3214584812,Java,Copilot,fix,https://github.com/Eslaro/BasculasyServicios/pull/11,https://api.github.com/repos/Eslaro/BasculasyServicios
3256100793,Java,Copilot,fix,https://github.com/Daniel-Chavarro/AirFlow/pull/34,https://api.github.com/repos/Daniel-Chavarro/AirFlow
3547687306,Java,Copilot,feat,https://github.com/f1soft611/SHMT-MES/pull/81,https://api.github.com/repos/f1soft611/SHMT-MES
3242627773,Java,Copilot,chore,https://github.com/TakuyaFukumura/visuasset/pull/28,https://api.github.com/repos/TakuyaFukumura/visuasset
3320567100,Java,Copilot,fix,https://github.com/obieda-hussien/simple-keyboard/pull/5,https://api.github.com/repos/obieda-hussien/simple-keyboard
3200256144,Java,Copilot,chore,https://github.com/MinecraftZock/mTracks/pull/555,https://api.github.com/repos/MinecraftZock/mTracks
3250263241,Java,Copilot,chore,https://github.com/microsoft/ApplicationInsights-Java/pull/4369,https://api.github.com/repos/microsoft/ApplicationInsights-Java
3426373315,Java,Copilot,chore,https://github.com/SerBart/Drimain-web-mobile-copilot-fix-e1097b9a-4d56-41a8-b2fa-47d54a2e22a4/pull/4,https://api.github.com/repos/SerBart/Drimain-web-mobile-copilot-fix-e1097b9a-4d56-41a8-b2fa-47d54a2e22a4
3427690842,Java,Copilot,feat,https://github.com/FarmVivi/Fluxcord/pull/446,https://api.github.com/repos/FarmVivi/Fluxcord
3522375242,Java,Copilot,fix,https://github.com/yoshioterada/Spec-Driven-Dev/pull/13,https://api.github.com/repos/yoshioterada/Spec-Driven-Dev
3522715206,Java,Copilot,chore,https://github.com/eclipse-equinox/p2/pull/956,https://api.github.com/repos/eclipse-equinox/p2
3538974489,Java,Copilot,chore,https://github.com/peddepri/the-cats-api-case/pull/15,https://api.github.com/repos/peddepri/the-cats-api-case
3544011226,Java,Copilot,fix,https://github.com/phaneendrakondleOrg/InventoryManagementService/pull/27,https://api.github.com/repos/phaneendrakondleOrg/InventoryManagementService
3374285049,Java,Copilot,fix,https://github.com/MeLzAr707/LinguaSMS/pull/472,https://api.github.com/repos/MeLzAr707/LinguaSMS
3441763775,Java,Copilot,fix,https://github.com/binarywang/WxJava/pull/3709,https://api.github.com/repos/binarywang/WxJava
3216412795,Java,Copilot,fix,https://github.com/microsoft/ApplicationInsights-Java/pull/4295,https://api.github.com/repos/microsoft/ApplicationInsights-Java
3396677146,Java,Copilot,feat,https://github.com/izuno4t/springboot-doma2-example/pull/11,https://api.github.com/repos/izuno4t/springboot-doma2-example
3137135268,Java,Copilot,feat,https://github.com/almostrealism/common/pull/29,https://api.github.com/repos/almostrealism/common
3546246562,Java,Copilot,feat,https://github.com/pigeon-project/allegro-style-cart-app/pull/40,https://api.github.com/repos/pigeon-project/allegro-style-cart-app
3201677474,Java,Copilot,fix,https://github.com/AutoMQ/automq/pull/2652,https://api.github.com/repos/AutoMQ/automq
3376909134,Java,Copilot,chore,https://github.com/ferrazsergio/price-watcher/pull/3,https://api.github.com/repos/ferrazsergio/price-watcher
3358323441,Java,Copilot,fix,https://github.com/WinKyaw/InventSight/pull/1,https://api.github.com/repos/WinKyaw/InventSight
3151012522,Java,Copilot,chore,https://github.com/SchmidtDSE/kigali-sim/pull/218,https://api.github.com/repos/SchmidtDSE/kigali-sim
3225434682,Java,Copilot,fix,https://github.com/ftcaarya/21829-loki25/pull/17,https://api.github.com/repos/ftcaarya/21829-loki25
3408585462,Java,Copilot,feat,https://github.com/KallebySchultz/FinanzaCompleto/pull/104,https://api.github.com/repos/KallebySchultz/FinanzaCompleto
3536845254,Java,Copilot,chore,https://github.com/ballard-high-ap-cs/Assignment1021/pull/1,https://api.github.com/repos/ballard-high-ap-cs/Assignment1021
3394560352,Java,Copilot,chore,https://github.com/TakuyaFukumura/gmail-viewer/pull/14,https://api.github.com/repos/TakuyaFukumura/gmail-viewer
3231935854,Java,Copilot,fix,https://github.com/valkey-io/valkey-glide/pull/4382,https://api.github.com/repos/valkey-io/valkey-glide
3451338304,Java,Copilot,chore,https://github.com/crossplatformdev/Logisim-RUST/pull/48,https://api.github.com/repos/crossplatformdev/Logisim-RUST
3334580396,Java,Copilot,chore,https://github.com/rachellefriloux-alt/sallie_1.0/pull/4,https://api.github.com/repos/rachellefriloux-alt/sallie_1.0
3510557673,Java,Copilot,feat,https://github.com/Ralkage/mc-cobblestone-generator-neoforge/pull/1,https://api.github.com/repos/Ralkage/mc-cobblestone-generator-neoforge
3542917574,Java,Copilot,chore,https://github.com/f1soft611/SHMT-MES/pull/71,https://api.github.com/repos/f1soft611/SHMT-MES
3161868231,Java,Copilot,fix,https://github.com/SerenityCodes/PersonalScheduler/pull/43,https://api.github.com/repos/SerenityCodes/PersonalScheduler
3425569823,Java,Copilot,fix,https://github.com/SerBart/Drimain-web-mobile/pull/34,https://api.github.com/repos/SerBart/Drimain-web-mobile
3526323522,Java,Copilot,fix,https://github.com/eclipse-m2e/m2e-core/pull/2049,https://api.github.com/repos/eclipse-m2e/m2e-core
3461780358,Java,Copilot,feat,https://github.com/blackchoey/backend-agent-test/pull/88,https://api.github.com/repos/blackchoey/backend-agent-test
3281550602,Java,Copilot,docs,https://github.com/AliAkhgar/react-native-openvpn/pull/2,https://api.github.com/repos/AliAkhgar/react-native-openvpn
3381593027,Java,Copilot,chore,https://github.com/YronJack/IronWars/pull/49,https://api.github.com/repos/YronJack/IronWars
3423737032,Java,Copilot,fix,https://github.com/FarmVivi/Fluxcord/pull/444,https://api.github.com/repos/FarmVivi/Fluxcord
3405342867,Java,Copilot,feat,https://github.com/luoxiner/nacos/pull/1,https://api.github.com/repos/luoxiner/nacos
3246730148,Java,Copilot,chore,https://github.com/sriram980980/KafkaUITool/pull/5,https://api.github.com/repos/sriram980980/KafkaUITool
3509227298,Java,Copilot,chore,https://github.com/Bigtablet/bigtablet-homepage-server/pull/1,https://api.github.com/repos/Bigtablet/bigtablet-homepage-server
3428690739,Java,Copilot,chore,https://github.com/xanox-org/ghmpdnl/pull/12,https://api.github.com/repos/xanox-org/ghmpdnl
3293582439,Java,Copilot,fix,https://github.com/smlaurindo/mumuca-diet-server/pull/1,https://api.github.com/repos/smlaurindo/mumuca-diet-server
3393317833,Java,Copilot,docs,https://github.com/camunda/camunda/pull/37732,https://api.github.com/repos/camunda/camunda
3234249955,Java,Copilot,chore,https://github.com/TechMentors-LLC/charity_hub/pull/17,https://api.github.com/repos/TechMentors-LLC/charity_hub
3532778632,Java,Copilot,chore,https://github.com/Pake-TU/RivalsOfCatan/pull/2,https://api.github.com/repos/Pake-TU/RivalsOfCatan
3266036407,Java,Copilot,chore,https://github.com/iannkzw/streaming-admin-catalog/pull/1,https://api.github.com/repos/iannkzw/streaming-admin-catalog
3370898555,Java,Copilot,fix,https://github.com/f1soft611/SHMT-MES/pull/54,https://api.github.com/repos/f1soft611/SHMT-MES
3547964183,Java,Copilot,chore,https://github.com/Kirill1308/Cryptology-KAI-Labs/pull/1,https://api.github.com/repos/Kirill1308/Cryptology-KAI-Labs
3534719879,Java,Copilot,chore,https://github.com/dmccoystephenson/open-mc-server-infrastructure/pull/40,https://api.github.com/repos/dmccoystephenson/open-mc-server-infrastructure
3536849491,Java,Copilot,fix,https://github.com/Pake-TU/RivalsOfCatan/pull/32,https://api.github.com/repos/Pake-TU/RivalsOfCatan
3531466526,Java,Copilot,chore,https://github.com/CarGuo/GSYVideoPlayer/pull/4197,https://api.github.com/repos/CarGuo/GSYVideoPlayer
3444818111,Java,Copilot,chore,https://github.com/elharo/docfix/pull/185,https://api.github.com/repos/elharo/docfix
3540476755,Java,Copilot,feat,https://github.com/AR2030/finbank-microservices/pull/3,https://api.github.com/repos/AR2030/finbank-microservices
3274618431,Java,Copilot,chore,https://github.com/SebnemC/derbent/pull/106,https://api.github.com/repos/SebnemC/derbent
3201255906,Java,Copilot,chore,https://github.com/tata-nguyen-BA/androidapp/pull/4,https://api.github.com/repos/tata-nguyen-BA/androidapp
3409315102,Java,Copilot,fix,https://github.com/SebnemC/derbent/pull/233,https://api.github.com/repos/SebnemC/derbent
3441251290,Java,Copilot,fix,https://github.com/Solly-SM/DatingPulse2/pull/72,https://api.github.com/repos/Solly-SM/DatingPulse2
3296006420,Java,Copilot,chore,https://github.com/SebnemC/derbent/pull/169,https://api.github.com/repos/SebnemC/derbent
3504173804,Java,Copilot,chore,https://github.com/sandeep-jaiswar/thelastwar/pull/53,https://api.github.com/repos/sandeep-jaiswar/thelastwar
3391982079,Java,Copilot,feat,https://github.com/uppnrise/distributed-rate-limiter/pull/22,https://api.github.com/repos/uppnrise/distributed-rate-limiter
3271235946,Java,Copilot,fix,https://github.com/trask/opentelemetry-java-contrib/pull/83,https://api.github.com/repos/trask/opentelemetry-java-contrib
3410914710,Java,Copilot,feat,https://github.com/LogiComposer/boxable/pull/21,https://api.github.com/repos/LogiComposer/boxable
3307676306,Java,Copilot,fix,https://github.com/AkumasCoffin/mc-panel/pull/2,https://api.github.com/repos/AkumasCoffin/mc-panel
3126580774,Java,Copilot,docs,https://github.com/ecolight15/EcoEgg/pull/22,https://api.github.com/repos/ecolight15/EcoEgg
3530416273,Java,Copilot,chore,https://github.com/tbsalling/aisutils/pull/13,https://api.github.com/repos/tbsalling/aisutils
3354491811,Java,Copilot,chore,https://github.com/SerBart/Drimain-web-mobile/pull/10,https://api.github.com/repos/SerBart/Drimain-web-mobile
3235232952,Java,Copilot,chore,https://github.com/DiepTranCFPT/LessionPRM-Backend/pull/5,https://api.github.com/repos/DiepTranCFPT/LessionPRM-Backend
3345054884,Java,Copilot,feat,https://github.com/microsoft/mssql-jdbc/pull/2748,https://api.github.com/repos/microsoft/mssql-jdbc
3505690076,Java,Copilot,fix,https://github.com/yalovali/derbent/pull/24,https://api.github.com/repos/yalovali/derbent
3244935699,Java,Copilot,chore,https://github.com/Ramanujan-Computing/Ramanujan/pull/18,https://api.github.com/repos/Ramanujan-Computing/Ramanujan
3483031053,Java,Copilot,feat,https://github.com/gliptak/JAllele/pull/90,https://api.github.com/repos/gliptak/JAllele
3535313213,Java,Copilot,feat,https://github.com/eclipse-platform/eclipse.platform.ui/pull/3419,https://api.github.com/repos/eclipse-platform/eclipse.platform.ui
3485865993,Java,Copilot,chore,https://github.com/Hollow0023/Presotsuken/pull/43,https://api.github.com/repos/Hollow0023/Presotsuken
3236850879,Java,Copilot,fix,https://github.com/jedusort/azure-keyvault-spi-keycloak/pull/24,https://api.github.com/repos/jedusort/azure-keyvault-spi-keycloak
3526053025,Java,Copilot,chore,https://github.com/balojr/Automated-Maven-Documentation-Generator/pull/4,https://api.github.com/repos/balojr/Automated-Maven-Documentation-Generator
3355459530,Java,Copilot,fix,https://github.com/vemikrs/jackson-databind-jsonc/pull/44,https://api.github.com/repos/vemikrs/jackson-databind-jsonc
3462636156,Java,Copilot,chore,https://github.com/mars-sim/mars-sim/pull/1761,https://api.github.com/repos/mars-sim/mars-sim
3360421544,Java,Copilot,feat,https://github.com/etendosoftware/com.etendoerp.etendorx/pull/118,https://api.github.com/repos/etendosoftware/com.etendoerp.etendorx
3429070059,Java,Copilot,chore,https://github.com/opencast/opencast/pull/7058,https://api.github.com/repos/opencast/opencast
3475526071,Java,Copilot,feat,https://github.com/cjmalloy/jasper/pull/374,https://api.github.com/repos/cjmalloy/jasper
3470683046,Java,Copilot,fix,https://github.com/vemikrs/jackson-databind-jsonc/pull/68,https://api.github.com/repos/vemikrs/jackson-databind-jsonc
3229092056,Java,Copilot,chore,https://github.com/dzp5103/AppRetentionHook/pull/2,https://api.github.com/repos/dzp5103/AppRetentionHook
3347390718,Java,Copilot,feat,https://github.com/Rajesh282000/Microservices/pull/3,https://api.github.com/repos/Rajesh282000/Microservices
3360340194,Java,Copilot,feat,https://github.com/nvclas/Flats/pull/16,https://api.github.com/repos/nvclas/Flats
3547678456,Java,Copilot,feat,https://github.com/yalovali/derbent/pull/79,https://api.github.com/repos/yalovali/derbent
3289991285,Java,Copilot,chore,https://github.com/ddrpa/elias/pull/1,https://api.github.com/repos/ddrpa/elias
3514040291,Java,Copilot,fix,https://github.com/TheEgea/Lab_Gamblers/pull/27,https://api.github.com/repos/TheEgea/Lab_Gamblers
3158217890,Java,Copilot,feat,https://github.com/cyrus07424/openAgricultureDiary/pull/9,https://api.github.com/repos/cyrus07424/openAgricultureDiary
3326043152,Java,Copilot,chore,https://github.com/tylerblakex-netizen/AutoPost/pull/79,https://api.github.com/repos/tylerblakex-netizen/AutoPost
3451404790,Java,Copilot,docs,https://github.com/blackchoey/backend-agent-test/pull/81,https://api.github.com/repos/blackchoey/backend-agent-test
3141481522,Java,Copilot,chore,https://github.com/IvanCl4udio/users-api-java/pull/55,https://api.github.com/repos/IvanCl4udio/users-api-java
3526436697,Java,Copilot,chore,https://github.com/kaligautier/tinder-match-engine/pull/73,https://api.github.com/repos/kaligautier/tinder-match-engine
3500928984,Java,Copilot,feat,https://github.com/Dans-Plugins/Bluemap_MedievalFactions/pull/6,https://api.github.com/repos/Dans-Plugins/Bluemap_MedievalFactions
3419139228,Java,Copilot,chore,https://github.com/FarmVivi/Fluxcord/pull/437,https://api.github.com/repos/FarmVivi/Fluxcord
3535276267,Java,Copilot,chore,https://github.com/phaneendrakondle/InventoryManagementService/pull/6,https://api.github.com/repos/phaneendrakondle/InventoryManagementService
3418691719,Java,Copilot,chore,https://github.com/GamingToastEVE/Sloth/pull/72,https://api.github.com/repos/GamingToastEVE/Sloth
3478097587,Java,Copilot,feat,https://github.com/opentelemetrybot/semantic-conventions-java/pull/24,https://api.github.com/repos/opentelemetrybot/semantic-conventions-java
3489312616,Java,Copilot,chore,https://github.com/LnDevAi/E-COMPTA-IA-LIGHT/pull/15,https://api.github.com/repos/LnDevAi/E-COMPTA-IA-LIGHT
3397973951,Java,Copilot,chore,https://github.com/qusar01/devops-playground/pull/1,https://api.github.com/repos/qusar01/devops-playground
3204100846,Java,Copilot,chore,https://github.com/skarzhevskyy/nexus-repository-cleanup/pull/13,https://api.github.com/repos/skarzhevskyy/nexus-repository-cleanup
3315132083,Java,Copilot,fix,https://github.com/sunilkotiya/book-library-platform/pull/1,https://api.github.com/repos/sunilkotiya/book-library-platform
3305907951,Java,Copilot,chore,https://github.com/honeykokia/ecommerce-springboot/pull/42,https://api.github.com/repos/honeykokia/ecommerce-springboot
3543122970,Java,Copilot,feat,https://github.com/karthikurao/CareCrew/pull/29,https://api.github.com/repos/karthikurao/CareCrew
3363292374,Java,Copilot,feat,https://github.com/edmcman/kaiju/pull/1,https://api.github.com/repos/edmcman/kaiju
3374381967,Java,Copilot,fix,https://github.com/RuffusReeves/discussion_post_formatter/pull/3,https://api.github.com/repos/RuffusReeves/discussion_post_formatter
3513145437,Java,Copilot,chore,https://github.com/fjfdelahorra/eb/pull/14,https://api.github.com/repos/fjfdelahorra/eb
3462534910,Java,Copilot,fix,https://github.com/Cybernetic-Forge/QuickStocks/pull/34,https://api.github.com/repos/Cybernetic-Forge/QuickStocks
3301948488,Java,Copilot,fix,https://github.com/walbergaia/JavaAgentDiagnostico/pull/3,https://api.github.com/repos/walbergaia/JavaAgentDiagnostico
3501729261,Java,Copilot,chore,https://github.com/khalinmaksym-ops/agenspace_app_poc/pull/14,https://api.github.com/repos/khalinmaksym-ops/agenspace_app_poc
3325676230,Java,Copilot,chore,https://github.com/tylerblakex-netizen/AutoPost/pull/73,https://api.github.com/repos/tylerblakex-netizen/AutoPost
3365867649,Java,Copilot,chore,https://github.com/GEDOPLAN/spring-metrics/pull/2,https://api.github.com/repos/GEDOPLAN/spring-metrics
3438346870,Java,Copilot,chore,https://github.com/jejelegagnant/OOP_Project/pull/1,https://api.github.com/repos/jejelegagnant/OOP_Project
3390969923,Java,Copilot,chore,https://github.com/antonycc/oidc/pull/165,https://api.github.com/repos/antonycc/oidc
3526136504,Java,Copilot,feat,https://github.com/A-EDev/NewPipeExtractor/pull/1,https://api.github.com/repos/A-EDev/NewPipeExtractor
3538746176,Java,Copilot,feat,https://github.com/FranciscoCLira/agendamais/pull/2,https://api.github.com/repos/FranciscoCLira/agendamais
3204492211,Java,Copilot,feat,https://github.com/mahya8585/20250630-webapp-demo-java/pull/4,https://api.github.com/repos/mahya8585/20250630-webapp-demo-java
3186732303,Java,Copilot,chore,https://github.com/opentelemetrybot/opentelemetry-java-contrib/pull/26,https://api.github.com/repos/opentelemetrybot/opentelemetry-java-contrib
3245433275,Java,Copilot,chore,https://github.com/stepanhampl/bible-java/pull/2,https://api.github.com/repos/stepanhampl/bible-java
3497701625,Java,Copilot,feat,https://github.com/Tleety/rl-market-helper/pull/1,https://api.github.com/repos/Tleety/rl-market-helper
3310200953,Java,Copilot,fix,https://github.com/AkumasCoffin/mc-panel/pull/18,https://api.github.com/repos/AkumasCoffin/mc-panel
3374050615,Java,Copilot,feat,https://github.com/TheStackTraceWhisperer/ouroboros/pull/11,https://api.github.com/repos/TheStackTraceWhisperer/ouroboros
3329760687,Java,Copilot,feat,https://github.com/felipecustodio/sketchbook/pull/28,https://api.github.com/repos/felipecustodio/sketchbook
3443057089,Java,Copilot,chore,https://github.com/montage8/talkback/pull/4,https://api.github.com/repos/montage8/talkback
3503163033,Java,Copilot,docs,https://github.com/equipe-javagle/mvp-recruitment-system/pull/149,https://api.github.com/repos/equipe-javagle/mvp-recruitment-system
3209511785,Java,Copilot,chore,https://github.com/idoo25/BPark25/pull/3,https://api.github.com/repos/idoo25/BPark25
3483727428,Java,Copilot,chore,https://github.com/Cuonq2912/Haus/pull/20,https://api.github.com/repos/Cuonq2912/Haus
3349737662,Java,Copilot,chore,https://github.com/trask/opentelemetry-java-contrib/pull/167,https://api.github.com/repos/trask/opentelemetry-java-contrib
3159531161,Java,Copilot,chore,https://github.com/ajisawa-k/workbookshop/pull/6,https://api.github.com/repos/ajisawa-k/workbookshop
3400978325,Java,Copilot,chore,https://github.com/MeLzAr707/LinguaSMS/pull/589,https://api.github.com/repos/MeLzAr707/LinguaSMS
3191178406,Java,Copilot,fix,https://github.com/beenycool/bwh/pull/8,https://api.github.com/repos/beenycool/bwh
3382659440,Java,Copilot,chore,https://github.com/blackchoey/backend-agent-test/pull/51,https://api.github.com/repos/blackchoey/backend-agent-test
3488713395,Java,Copilot,chore,https://github.com/Andy-Wall/aw-personal-stock-trading/pull/6,https://api.github.com/repos/Andy-Wall/aw-personal-stock-trading
3410787627,Java,Copilot,feat,https://github.com/swhelan123/HexOust/pull/2,https://api.github.com/repos/swhelan123/HexOust
3387388049,Java,Copilot,feat,https://github.com/divya-sah/github_qcoe_longview_automation/pull/3,https://api.github.com/repos/divya-sah/github_qcoe_longview_automation
3381859742,Java,Copilot,fix,https://github.com/MeLzAr707/LinguaSMS/pull/486,https://api.github.com/repos/MeLzAr707/LinguaSMS
3401023327,Java,Copilot,fix,https://github.com/MeLzAr707/LinguaSMS/pull/591,https://api.github.com/repos/MeLzAr707/LinguaSMS
3181158656,Java,Copilot,chore,https://github.com/mahya8585/20250630-webapp-demo-java/pull/2,https://api.github.com/repos/mahya8585/20250630-webapp-demo-java
3368881332,Java,Copilot,feat,https://github.com/bedrin/kerb4j/pull/70,https://api.github.com/repos/bedrin/kerb4j
3267022880,Java,Copilot,chore,https://github.com/Tonypsilon/rankify-api/pull/4,https://api.github.com/repos/Tonypsilon/rankify-api
3405210215,Java,Copilot,fix,https://github.com/MeLzAr707/LinguaSMS/pull/597,https://api.github.com/repos/MeLzAr707/LinguaSMS
3316676762,Java,Copilot,chore,https://github.com/andrefontourainvillia/Java4/pull/14,https://api.github.com/repos/andrefontourainvillia/Java4
3418901487,Java,Copilot,chore,https://github.com/lodha-urmi/Memory-match/pull/1,https://api.github.com/repos/lodha-urmi/Memory-match
3507656785,Java,Copilot,chore,https://github.com/NighterDevelopment/smartspawner/pull/50,https://api.github.com/repos/NighterDevelopment/smartspawner
3499164910,Java,Copilot,feat,https://github.com/bonitasoft/bonita-connector-rest/pull/176,https://api.github.com/repos/bonitasoft/bonita-connector-rest
3523344096,Java,Copilot,feat,https://github.com/Open-J-Proxy/ojp/pull/56,https://api.github.com/repos/Open-J-Proxy/ojp
3349793027,Java,Copilot,chore,https://github.com/trask/opentelemetry-java-contrib/pull/196,https://api.github.com/repos/trask/opentelemetry-java-contrib
3461997042,Java,Copilot,chore,https://github.com/SebnemC/derbent/pull/257,https://api.github.com/repos/SebnemC/derbent
3326511232,Java,Copilot,chore,https://github.com/tylerblakex-netizen/AutoPost/pull/125,https://api.github.com/repos/tylerblakex-netizen/AutoPost
3335155407,Java,Copilot,chore,https://github.com/lalala2726/echo-pro/pull/133,https://api.github.com/repos/lalala2726/echo-pro
3317162597,Java,Copilot,chore,https://github.com/microsoft/typespec/pull/8179,https://api.github.com/repos/microsoft/typespec
3456867516,Java,Copilot,chore,https://github.com/trihung987/GraphqlSpring/pull/3,https://api.github.com/repos/trihung987/GraphqlSpring
3420732507,Java,Copilot,fix,https://github.com/Karunesh-18/MusicPlayer/pull/1,https://api.github.com/repos/Karunesh-18/MusicPlayer
3544496501,Java,Copilot,chore,https://github.com/KbRockzz/QLVeTau/pull/19,https://api.github.com/repos/KbRockzz/QLVeTau
3258058154,Java,Copilot,fix,https://github.com/lsendel/zamaz-debate-mcp/pull/30,https://api.github.com/repos/lsendel/zamaz-debate-mcp
3292046690,Java,Copilot,chore,https://github.com/IndigoCloud6/netty-turn-server/pull/1,https://api.github.com/repos/IndigoCloud6/netty-turn-server
3394484523,Java,Copilot,chore,https://github.com/TakuyaFukumura/gmail-viewer/pull/10,https://api.github.com/repos/TakuyaFukumura/gmail-viewer
3490609551,Java,Copilot,feat,https://github.com/TT-PSC-S-A-Partner-Demo/GitHubCopilotWorkshops/pull/15,https://api.github.com/repos/TT-PSC-S-A-Partner-Demo/GitHubCopilotWorkshops
3349904280,Java,Copilot,chore,https://github.com/mgerhards/landlord_manager/pull/25,https://api.github.com/repos/mgerhards/landlord_manager
3255896293,Java,Copilot,feat,https://github.com/Open-J-Proxy/ojp/pull/14,https://api.github.com/repos/Open-J-Proxy/ojp
3359714218,Java,Copilot,feat,https://github.com/slnntk/GRA-BOT/pull/12,https://api.github.com/repos/slnntk/GRA-BOT
3479282342,Java,Copilot,feat,https://github.com/equipe-javagle/mvp-recruitment-system/pull/112,https://api.github.com/repos/equipe-javagle/mvp-recruitment-system
3391592690,Java,Copilot,docs,https://github.com/GiorCocc/MyCurrency/pull/1,https://api.github.com/repos/GiorCocc/MyCurrency
3298924487,Java,Copilot,fix,https://github.com/MeLzAr707/LinguaSMS/pull/35,https://api.github.com/repos/MeLzAr707/LinguaSMS
3441914601,Java,Copilot,chore,https://github.com/montage8/talkback/pull/1,https://api.github.com/repos/montage8/talkback
3390928010,Java,Copilot,chore,https://github.com/MeLzAr707/LinguaSMS/pull/523,https://api.github.com/repos/MeLzAr707/LinguaSMS
3519317874,Java,Copilot,feat,https://github.com/lwives/crea036-java/pull/1,https://api.github.com/repos/lwives/crea036-java
3460019732,Java,Copilot,feat,https://github.com/Catfriend1/syncthing-android/pull/1674,https://api.github.com/repos/Catfriend1/syncthing-android
3272616981,Java,Copilot,feat,https://github.com/childscreentime/cst/pull/3,https://api.github.com/repos/childscreentime/cst
3510257032,Java,Copilot,feat,https://github.com/WPS/common-contracts/pull/66,https://api.github.com/repos/WPS/common-contracts
3491559940,Java,Copilot,feat,https://github.com/jaisonschmidt/java-copilot-code-agent4/pull/12,https://api.github.com/repos/jaisonschmidt/java-copilot-code-agent4
3433021512,Java,Copilot,feat,https://github.com/KushParsaniya/spring-kafka-commons/pull/1,https://api.github.com/repos/KushParsaniya/spring-kafka-commons
3314978058,Java,Copilot,feat,https://github.com/agwlvssainokuni/sqlapp2/pull/10,https://api.github.com/repos/agwlvssainokuni/sqlapp2
3126433058,Java,Copilot,feat,https://github.com/ecolight15/EcoFramework/pull/5,https://api.github.com/repos/ecolight15/EcoFramework
3431068508,Java,Copilot,chore,https://github.com/malikasingh2509/JAVA_Chatting_Application/pull/1,https://api.github.com/repos/malikasingh2509/JAVA_Chatting_Application
3402948775,Java,Copilot,feat,https://github.com/SebnemC/derbent/pull/223,https://api.github.com/repos/SebnemC/derbent
3440812861,Java,Copilot,fix,https://github.com/Solly-SM/DatingPulse2/pull/71,https://api.github.com/repos/Solly-SM/DatingPulse2
3376991229,Java,Copilot,chore,https://github.com/NostrGameEngine/ngengine/pull/6,https://api.github.com/repos/NostrGameEngine/ngengine
3539061631,Java,Copilot,feat,https://github.com/P-wig/LLP-Java-Algorithms/pull/2,https://api.github.com/repos/P-wig/LLP-Java-Algorithms
3432644529,Java,Copilot,fix,https://github.com/MeLzAr707/LinguaSMS/pull/637,https://api.github.com/repos/MeLzAr707/LinguaSMS
3350383136,Java,Copilot,chore,https://github.com/ByronKinal/ProyectoB3PaginaWeb/pull/5,https://api.github.com/repos/ByronKinal/ProyectoB3PaginaWeb
3530888369,Java,Copilot,chore,https://github.com/Jhojan98/UrbanRideProject/pull/1,https://api.github.com/repos/Jhojan98/UrbanRideProject
3545685433,Java,Copilot,feat,https://github.com/HashenUdara/uninest/pull/41,https://api.github.com/repos/HashenUdara/uninest
3544141398,Java,Copilot,fix,https://github.com/phaneendrakondleOrg/UserMappingService/pull/17,https://api.github.com/repos/phaneendrakondleOrg/UserMappingService
3414020383,Java,Copilot,fix,https://github.com/cezicolaseniorsoftwareengineer/schedbank/pull/1,https://api.github.com/repos/cezicolaseniorsoftwareengineer/schedbank
3517400579,Java,Copilot,feat,https://github.com/Oketha-Senadheera/resqnet/pull/7,https://api.github.com/repos/Oketha-Senadheera/resqnet
3375571811,Java,Copilot,fix,https://github.com/isharax9/healthcare-system/pull/10,https://api.github.com/repos/isharax9/healthcare-system
3528921201,Java,Copilot,feat,https://github.com/arnaudroubinet/Librarie/pull/83,https://api.github.com/repos/arnaudroubinet/Librarie
3472868799,Java,Copilot,chore,https://github.com/Cybernetic-Forge/QuickStocks/pull/67,https://api.github.com/repos/Cybernetic-Forge/QuickStocks
3434701186,Java,Copilot,chore,https://github.com/syukoGit/CreateRandomTickSpeed/pull/6,https://api.github.com/repos/syukoGit/CreateRandomTickSpeed
3294171904,Java,Copilot,fix,https://github.com/kenimon123/pene/pull/2,https://api.github.com/repos/kenimon123/pene
3354527099,Java,Copilot,feat,https://github.com/SerBart/Drimain-web-mobile/pull/11,https://api.github.com/repos/SerBart/Drimain-web-mobile
3364229081,Java,Copilot,chore,https://github.com/trask/opentelemetry-java-instrumentation/pull/69,https://api.github.com/repos/trask/opentelemetry-java-instrumentation
3206691388,Java,Copilot,feat,https://github.com/SentriusLLC/Sentrius/pull/75,https://api.github.com/repos/SentriusLLC/Sentrius
3384257965,Java,Copilot,feat,https://github.com/zck0810/career-exploration-end/pull/1,https://api.github.com/repos/zck0810/career-exploration-end
3446863575,Java,Copilot,feat,https://github.com/crossplatformdev/Logisim-RUST/pull/4,https://api.github.com/repos/crossplatformdev/Logisim-RUST
3142718447,Java,Copilot,feat,https://github.com/almostrealism/common/pull/85,https://api.github.com/repos/almostrealism/common
3351841278,Java,Copilot,fix,https://github.com/elharo/docfix/pull/128,https://api.github.com/repos/elharo/docfix
3499276678,Java,Copilot,feat,https://github.com/Azure/azure-sdk-for-java/pull/46951,https://api.github.com/repos/Azure/azure-sdk-for-java
3191409717,Java,Copilot,chore,https://github.com/MyNameIsBof/BE_SWP/pull/22,https://api.github.com/repos/MyNameIsBof/BE_SWP
3307993150,Java,Copilot,feat,https://github.com/piotr-gorczynski/Soccer/pull/289,https://api.github.com/repos/piotr-gorczynski/Soccer
3271374851,Java,Copilot,chore,https://github.com/rileyseaburg/github-checks-plugin/pull/4,https://api.github.com/repos/rileyseaburg/github-checks-plugin
3337161470,Java,Copilot,chore,https://github.com/microsoft/typespec/pull/8254,https://api.github.com/repos/microsoft/typespec
3466368881,Java,Copilot,fix,https://github.com/Cybernetic-Forge/QuickStocks/pull/55,https://api.github.com/repos/Cybernetic-Forge/QuickStocks
3233356924,Java,Copilot,chore,https://github.com/HoneyBerries/GemMod/pull/2,https://api.github.com/repos/HoneyBerries/GemMod
3492604383,Java,Copilot,fix,https://github.com/frenchy64/clojure/pull/44,https://api.github.com/repos/frenchy64/clojure
3534972780,Java,Copilot,chore,https://github.com/eclipse-tycho/tycho/pull/5495,https://api.github.com/repos/eclipse-tycho/tycho
3407189657,Java,Copilot,feat,https://github.com/Open-J-Proxy/ojp/pull/44,https://api.github.com/repos/Open-J-Proxy/ojp
3462903228,Java,Copilot,chore,https://github.com/MeLzAr707/LinguaSMS/pull/661,https://api.github.com/repos/MeLzAr707/LinguaSMS
3514122313,Java,Copilot,chore,https://github.com/TheEgea/Lab_Gamblers/pull/28,https://api.github.com/repos/TheEgea/Lab_Gamblers
3496509552,Java,Copilot,chore,https://github.com/masterAtGithub143AtN/devpost_compition1/pull/1,https://api.github.com/repos/masterAtGithub143AtN/devpost_compition1
3414452637,Java,Copilot,chore,https://github.com/NighterDevelopment/smartspawner/pull/8,https://api.github.com/repos/NighterDevelopment/smartspawner
3531088083,Java,Copilot,feat,https://github.com/springlearn9/comitte-app/pull/10,https://api.github.com/repos/springlearn9/comitte-app
3143303411,Java,Copilot,fix,https://github.com/objectionary/eo/pull/4282,https://api.github.com/repos/objectionary/eo
3275855641,Java,Cursor,chore,https://github.com/ALPullaguariSW/SistemaBuffetAbogados/pull/8,https://api.github.com/repos/ALPullaguariSW/SistemaBuffetAbogados
3517783518,Java,Cursor,feat,https://github.com/jamiewannenburg/uacalcsrc/pull/14,https://api.github.com/repos/jamiewannenburg/uacalcsrc
3394402564,Java,Cursor,chore,https://github.com/chuitang/selenium/pull/15,https://api.github.com/repos/chuitang/selenium
3369054553,Java,Cursor,fix,https://github.com/EiotPro/wireless/pull/1,https://api.github.com/repos/EiotPro/wireless
3323873408,Java,Cursor,chore,https://github.com/lolo16cm/packinglist/pull/46,https://api.github.com/repos/lolo16cm/packinglist
3431402097,Java,Cursor,fix,https://github.com/BiswayanPaul/Microservice-Secure-Message/pull/1,https://api.github.com/repos/BiswayanPaul/Microservice-Secure-Message
3374021682,Java,Cursor,feat,https://github.com/WinDanesz/AncientSpellcraft/pull/280,https://api.github.com/repos/WinDanesz/AncientSpellcraft
3308281354,Java,Cursor,chore,https://github.com/JBMATURAN/schoolproject/pull/1,https://api.github.com/repos/JBMATURAN/schoolproject
3482209570,Java,Cursor,chore,https://github.com/imaginaryone1/Launcher/pull/1,https://api.github.com/repos/imaginaryone1/Launcher
3547828779,Java,Cursor,chore,https://github.com/cookieDough20/OOP-Hackathon/pull/2,https://api.github.com/repos/cookieDough20/OOP-Hackathon
3280759745,Java,Cursor,chore,https://github.com/EXPLOREY/BankProject/pull/5,https://api.github.com/repos/EXPLOREY/BankProject
3259156603,Java,Cursor,fix,https://github.com/bumpier/bShop/pull/5,https://api.github.com/repos/bumpier/bShop
3422650322,Java,Cursor,chore,https://github.com/Diabiga/Chez-Moi/pull/1,https://api.github.com/repos/Diabiga/Chez-Moi
3279163167,Java,Cursor,chore,https://github.com/bslusarczyk/ARTIST/pull/1,https://api.github.com/repos/bslusarczyk/ARTIST
3342714372,Java,Cursor,chore,https://github.com/VNMcodes/OAuth_Implementation_POC/pull/1,https://api.github.com/repos/VNMcodes/OAuth_Implementation_POC
3253000643,Java,Cursor,feat,https://github.com/DevCycleHQ/java-server-sdk/pull/176,https://api.github.com/repos/DevCycleHQ/java-server-sdk
3402771040,Java,Cursor,fix,https://github.com/magicbear2025/keycloak/pull/6,https://api.github.com/repos/magicbear2025/keycloak
3302445720,Java,Cursor,chore,https://github.com/mayurkale22/java-spanner-cassandra/pull/2,https://api.github.com/repos/mayurkale22/java-spanner-cassandra
3438152859,Java,Cursor,chore,https://github.com/minasalah555/Project-Oop/pull/1,https://api.github.com/repos/minasalah555/Project-Oop
3327950373,Java,Cursor,chore,https://github.com/simplnc/android_frameworks_base/pull/4,https://api.github.com/repos/simplnc/android_frameworks_base
3447816984,Java,Cursor,chore,https://github.com/lennytmp/german_club/pull/23,https://api.github.com/repos/lennytmp/german_club
3274116053,Java,Cursor,chore,https://github.com/yassine901/stage/pull/1,https://api.github.com/repos/yassine901/stage
3307096248,Java,Cursor,chore,https://github.com/Swofty-Developments/HypixelSkyBlock/pull/509,https://api.github.com/repos/Swofty-Developments/HypixelSkyBlock
3314994040,Java,Cursor,chore,https://github.com/erokoder/vodovod/pull/51,https://api.github.com/repos/erokoder/vodovod
3212160113,Java,Cursor,chore,https://github.com/fulltimefarmer/minicms/pull/19,https://api.github.com/repos/fulltimefarmer/minicms
3547551139,Java,Cursor,chore,https://github.com/TDatpham/Ecommerce-website/pull/6,https://api.github.com/repos/TDatpham/Ecommerce-website
3536139852,Java,Cursor,chore,https://github.com/Sonikaa07/VehicleRental/pull/1,https://api.github.com/repos/Sonikaa07/VehicleRental
3419029288,Java,Cursor,chore,https://github.com/luffy07x/Event-Booking-App/pull/3,https://api.github.com/repos/luffy07x/Event-Booking-App
3357407147,Java,Cursor,chore,https://github.com/Austin-Metke/JNES/pull/6,https://api.github.com/repos/Austin-Metke/JNES
3348437735,Java,Cursor,chore,https://github.com/ahtshamelahi/ASSIGNMENT-2/pull/2,https://api.github.com/repos/ahtshamelahi/ASSIGNMENT-2
3386081870,Java,Cursor,fix,https://github.com/SourceDive/mybatis-learn/pull/2,https://api.github.com/repos/SourceDive/mybatis-learn
3301873257,Java,Cursor,chore,https://github.com/klok-opensource/swedish-holidays/pull/1,https://api.github.com/repos/klok-opensource/swedish-holidays
3507752243,Java,Cursor,chore,https://github.com/TheWebX/openworld/pull/3,https://api.github.com/repos/TheWebX/openworld
3264428727,Java,Cursor,fix,https://github.com/htvduc/1/pull/1,https://api.github.com/repos/htvduc/1
3324074835,Java,Cursor,feat,https://github.com/TheGreatCube/Cube-s-meteor-add-on/pull/2,https://api.github.com/repos/TheGreatCube/Cube-s-meteor-add-on
3199905903,Java,Cursor,chore,https://github.com/kongshine/stock-tool/pull/1,https://api.github.com/repos/kongshine/stock-tool
3415075234,Java,Cursor,chore,https://github.com/ellie1sh/iSLUportal/pull/8,https://api.github.com/repos/ellie1sh/iSLUportal
3279636501,Java,Cursor,chore,https://github.com/Ganesh-M11/Ganesh/pull/1,https://api.github.com/repos/Ganesh-M11/Ganesh
3225772739,Java,Cursor,chore,https://github.com/typeshit99/cursor_springer/pull/1,https://api.github.com/repos/typeshit99/cursor_springer
3549085461,Java,Cursor,chore,https://github.com/gatsby6060/team3jgh/pull/4,https://api.github.com/repos/gatsby6060/team3jgh
3462331953,Java,Cursor,feat,https://github.com/lennytmp/german_club/pull/44,https://api.github.com/repos/lennytmp/german_club
3483785572,Java,Cursor,chore,https://github.com/jabrena/dvbe25-demos/pull/11,https://api.github.com/repos/jabrena/dvbe25-demos
3278289004,Java,Cursor,chore,https://github.com/lolo16cm/packinglist/pull/21,https://api.github.com/repos/lolo16cm/packinglist
3543805354,Java,Cursor,chore,https://github.com/UT258/assignment/pull/1,https://api.github.com/repos/UT258/assignment
3298117457,Java,Cursor,fix,https://github.com/iFleetwood/UHC/pull/1,https://api.github.com/repos/iFleetwood/UHC
3550279946,Java,Cursor,chore,https://github.com/nolaurence/java-manus/pull/5,https://api.github.com/repos/nolaurence/java-manus
3378428104,Java,Cursor,chore,https://github.com/Vansh-Upadhyay/railse-backend-assignment/pull/1,https://api.github.com/repos/Vansh-Upadhyay/railse-backend-assignment
3404703327,Java,Cursor,chore,https://github.com/marian3299/routopia_back/pull/3,https://api.github.com/repos/marian3299/routopia_back
3285721910,Java,Cursor,chore,https://github.com/1008rakshamg/firstcode-demo/pull/1,https://api.github.com/repos/1008rakshamg/firstcode-demo
3350172235,Java,Cursor,chore,https://github.com/Misstery13/Project/pull/1,https://api.github.com/repos/Misstery13/Project
3315018325,Java,Cursor,chore,https://github.com/benboachie/OpenHI/pull/2,https://api.github.com/repos/benboachie/OpenHI
3148035082,Java,Cursor,chore,https://github.com/ziulG/DSA-HybridIndexer/pull/1,https://api.github.com/repos/ziulG/DSA-HybridIndexer
3534557254,Java,Cursor,chore,https://github.com/seven-308/mall/pull/1,https://api.github.com/repos/seven-308/mall
3494253669,Java,Cursor,fix,https://github.com/DucHuy-Nro/NroandProjectClient/pull/3,https://api.github.com/repos/DucHuy-Nro/NroandProjectClient
3234521334,Java,Cursor,chore,https://github.com/rurifu/CursorTest/pull/1,https://api.github.com/repos/rurifu/CursorTest
3541621711,Java,Cursor,chore,https://github.com/4epirka/repo_3.1.3/pull/2,https://api.github.com/repos/4epirka/repo_3.1.3
3386122575,Java,Cursor,chore,https://github.com/SourceDive/mybatis-learn/pull/3,https://api.github.com/repos/SourceDive/mybatis-learn
3449195986,Java,Cursor,fix,https://github.com/ellie1sh/iSLUportalVersion03/pull/8,https://api.github.com/repos/ellie1sh/iSLUportalVersion03
3505638997,Java,Cursor,chore,https://github.com/jabrena/dvbe25-demos/pull/78,https://api.github.com/repos/jabrena/dvbe25-demos
3320101526,Java,Cursor,feat,https://github.com/isaacscottirwin/paloma/pull/3,https://api.github.com/repos/isaacscottirwin/paloma
3315054285,Java,Cursor,chore,https://github.com/erokoder/vodovod/pull/58,https://api.github.com/repos/erokoder/vodovod
3343009930,Java,Cursor,fix,https://github.com/MohammedAlmzini/World-Cup-2026-Smart-Guide/pull/6,https://api.github.com/repos/MohammedAlmzini/World-Cup-2026-Smart-Guide
3227704780,Java,Cursor,feat,https://github.com/alansid/test/pull/2,https://api.github.com/repos/alansid/test
3357488759,Java,Cursor,fix,https://github.com/Austin-Metke/JNES/pull/9,https://api.github.com/repos/Austin-Metke/JNES
3494183032,Java,Cursor,chore,https://github.com/minhpvwh/spring-graph/pull/1,https://api.github.com/repos/minhpvwh/spring-graph
3266842134,Java,Cursor,chore,https://github.com/ayush-pandey007/Database/pull/1,https://api.github.com/repos/ayush-pandey007/Database
3287282676,Java,Cursor,fix,https://github.com/2023219523hardik-tech/OnlineCourseManagement/pull/2,https://api.github.com/repos/2023219523hardik-tech/OnlineCourseManagement
3497246482,Java,Cursor,chore,https://github.com/xjw2005/112233/pull/1,https://api.github.com/repos/xjw2005/112233
3308277589,Java,Cursor,chore,https://github.com/seng3018/XUpdate/pull/1,https://api.github.com/repos/seng3018/XUpdate
3321565111,Java,Cursor,chore,https://github.com/olair/Ask/pull/3,https://api.github.com/repos/olair/Ask
3359248942,Java,Cursor,fix,https://github.com/manhnguyen652/PRM392/pull/5,https://api.github.com/repos/manhnguyen652/PRM392
3225727479,Java,Cursor,chore,https://github.com/rifat-simoom/huma/pull/1,https://api.github.com/repos/rifat-simoom/huma
3378085968,Java,Cursor,chore,https://github.com/masum2k/spring-project-2/pull/1,https://api.github.com/repos/masum2k/spring-project-2
3497880598,Java,Cursor,chore,https://github.com/alok1504/NewRepo/pull/1,https://api.github.com/repos/alok1504/NewRepo
3498298320,Java,Cursor,fix,https://github.com/zwffff/yabeBlog/pull/1,https://api.github.com/repos/zwffff/yabeBlog
3275581491,Java,Cursor,chore,https://github.com/Bryllebanquil/ForegroundService/pull/4,https://api.github.com/repos/Bryllebanquil/ForegroundService
3434193440,Java,Cursor,chore,https://github.com/hivijayhere/spring-boot-samples/pull/2,https://api.github.com/repos/hivijayhere/spring-boot-samples
3479239532,Java,Cursor,chore,https://github.com/AllFiRE0/ColorDialog/pull/1,https://api.github.com/repos/AllFiRE0/ColorDialog
3501818773,Java,Cursor,fix,https://github.com/FayeSpica/chat-bi-ai-poc/pull/3,https://api.github.com/repos/FayeSpica/chat-bi-ai-poc
3295217054,Java,Cursor,chore,https://github.com/Jerzy16/museovivo/pull/1,https://api.github.com/repos/Jerzy16/museovivo
3197243553,Java,Cursor,chore,https://github.com/BadgersMC/LumaSG/pull/2,https://api.github.com/repos/BadgersMC/LumaSG
3210202104,Java,Cursor,chore,https://github.com/Vishnu-Das/DataStructuresAndAlgorithms/pull/1,https://api.github.com/repos/Vishnu-Das/DataStructuresAndAlgorithms
3222511299,Java,Cursor,feat,https://github.com/dz0tto/OpenXLIFF/pull/1,https://api.github.com/repos/dz0tto/OpenXLIFF
3242131458,Java,Cursor,chore,https://github.com/satthugon123/as/pull/1,https://api.github.com/repos/satthugon123/as
3285546025,Java,Cursor,chore,https://github.com/lzt775/leetcode/pull/1,https://api.github.com/repos/lzt775/leetcode
3293419090,Java,Cursor,feat,https://github.com/04akvs/demo-repo2/pull/5,https://api.github.com/repos/04akvs/demo-repo2
3281041889,Java,Cursor,chore,https://github.com/bhargavqwertyuiop/Microservices-project/pull/3,https://api.github.com/repos/bhargavqwertyuiop/Microservices-project
3451958781,Java,Cursor,feat,https://github.com/lennytmp/german_club/pull/30,https://api.github.com/repos/lennytmp/german_club
3533038501,Java,Cursor,chore,https://github.com/Ali-x-Naqi/Test/pull/1,https://api.github.com/repos/Ali-x-Naqi/Test
3547516785,Java,Cursor,chore,https://github.com/Sagar-N-Mutalik/AI-powered-quiz-generator/pull/3,https://api.github.com/repos/Sagar-N-Mutalik/AI-powered-quiz-generator
3295332868,Java,Cursor,fix,https://github.com/VakdeviKankipati/EcommersProject/pull/1,https://api.github.com/repos/VakdeviKankipati/EcommersProject
3177254958,Java,Cursor,fix,https://github.com/ottenhoff/sakai/pull/21,https://api.github.com/repos/ottenhoff/sakai
3306149112,Java,Cursor,chore,https://github.com/erokoder/vodovod/pull/15,https://api.github.com/repos/erokoder/vodovod
3279225552,Java,Cursor,chore,https://github.com/luffy07x/Event-Booking-App/pull/1,https://api.github.com/repos/luffy07x/Event-Booking-App
3466083460,Java,Cursor,chore,https://github.com/dzarizard/weather-app/pull/2,https://api.github.com/repos/dzarizard/weather-app
3535151133,Java,Cursor,chore,https://github.com/Biusecond/test/pull/3,https://api.github.com/repos/Biusecond/test
3266954401,Java,Cursor,chore,https://github.com/kelik-web/mephi-master/pull/1,https://api.github.com/repos/kelik-web/mephi-master
3328050810,Java,Cursor,chore,https://github.com/dtim-upc/ODIN/pull/52,https://api.github.com/repos/dtim-upc/ODIN
3374745851,Java,Cursor,chore,https://github.com/kaccccco/ec/pull/1,https://api.github.com/repos/kaccccco/ec
3519909521,Java,Cursor,chore,https://github.com/hellobenp10/java/pull/4,https://api.github.com/repos/hellobenp10/java
3525224813,Java,Cursor,chore,https://github.com/hellow-world-collab/AutoCodeComplement/pull/4,https://api.github.com/repos/hellow-world-collab/AutoCodeComplement
3310590676,Java,Cursor,feat,https://github.com/axelporras1010/generador_tiny/pull/2,https://api.github.com/repos/axelporras1010/generador_tiny
3476826174,Java,Cursor,chore,https://github.com/AllFiRE0/eRegions/pull/1,https://api.github.com/repos/AllFiRE0/eRegions
3307600663,Java,Cursor,chore,https://github.com/Abdullah-Alshabi/DrCoffeeCup/pull/1,https://api.github.com/repos/Abdullah-Alshabi/DrCoffeeCup
3535253650,Java,Cursor,feat,https://github.com/AlmeerahLosper/ui-feedback-temp/pull/2,https://api.github.com/repos/AlmeerahLosper/ui-feedback-temp
3274409204,Java,Cursor,chore,https://github.com/pradyumn263/spring-boot-practice/pull/1,https://api.github.com/repos/pradyumn263/spring-boot-practice
3287447984,Java,Cursor,chore,https://github.com/PranavN07/Parcel_Management/pull/1,https://api.github.com/repos/PranavN07/Parcel_Management
3236755407,Java,Cursor,chore,https://github.com/Horribile/Carousel/pull/1,https://api.github.com/repos/Horribile/Carousel
3299194174,Java,Cursor,fix,https://github.com/NikitHamal/StormyQ/pull/3,https://api.github.com/repos/NikitHamal/StormyQ
3461010938,Java,Cursor,docs,https://github.com/StarRocks/starrocks/pull/63644,https://api.github.com/repos/StarRocks/starrocks
3195692337,Java,Cursor,feat,https://github.com/disparter/tokugawa-discord-game-java/pull/1,https://api.github.com/repos/disparter/tokugawa-discord-game-java
3386829214,Java,Cursor,chore,https://github.com/ellie1sh/IT212_9458_RiveraSherlie/pull/2,https://api.github.com/repos/ellie1sh/IT212_9458_RiveraSherlie
3449612177,Java,Cursor,chore,https://github.com/ellie1sh/iSLUportalVersion03/pull/14,https://api.github.com/repos/ellie1sh/iSLUportalVersion03
3364256846,Java,Cursor,chore,https://github.com/TitiRosa/Desafio_Sesc/pull/10,https://api.github.com/repos/TitiRosa/Desafio_Sesc
3519210376,Java,Cursor,chore,https://github.com/jabrena/wjax25-demos/pull/25,https://api.github.com/repos/jabrena/wjax25-demos
3312425573,Java,Cursor,fix,https://github.com/CarlosASM2001/compilador_proyecto/pull/4,https://api.github.com/repos/CarlosASM2001/compilador_proyecto
3348821873,Java,Cursor,fix,https://github.com/lennytmp/german_club/pull/5,https://api.github.com/repos/lennytmp/german_club
3520752473,Java,Cursor,chore,https://github.com/jamiewannenburg/uacalcsrc/pull/18,https://api.github.com/repos/jamiewannenburg/uacalcsrc
3497254087,Java,Cursor,chore,https://github.com/carloscarren/CityCourier/pull/1,https://api.github.com/repos/carloscarren/CityCourier
3192105515,Java,Cursor,fix,https://github.com/corezoid/sdk-java/pull/7,https://api.github.com/repos/corezoid/sdk-java
3461934119,Java,Cursor,fix,https://github.com/ellie1sh/iSLUportalVersion08/pull/2,https://api.github.com/repos/ellie1sh/iSLUportalVersion08
3483893056,Java,Cursor,chore,https://github.com/jabrena/dvbe25-demos/pull/15,https://api.github.com/repos/jabrena/dvbe25-demos
3349405416,Java,Cursor,chore,https://github.com/ytjhtyjty/MysticsPlugin/pull/1,https://api.github.com/repos/ytjhtyjty/MysticsPlugin
3484880850,Java,Cursor,fix,https://github.com/deepak007-stack/Video-Calling-App/pull/1,https://api.github.com/repos/deepak007-stack/Video-Calling-App
3262880401,Java,Cursor,chore,https://github.com/marcusgreenwood/JurassiCraft/pull/1,https://api.github.com/repos/marcusgreenwood/JurassiCraft
3206203679,Java,Cursor,docs,https://github.com/fulltimefarmer/minicms/pull/14,https://api.github.com/repos/fulltimefarmer/minicms
3201503824,Java,Cursor,chore,https://github.com/fulltimefarmer/minicms/pull/5,https://api.github.com/repos/fulltimefarmer/minicms
3379338632,Java,Cursor,chore,https://github.com/SmritiKshatriya/Hack2024/pull/2,https://api.github.com/repos/SmritiKshatriya/Hack2024
3224373930,Java,Cursor,chore,https://github.com/sangus-alt/Gabhospit/pull/2,https://api.github.com/repos/sangus-alt/Gabhospit
3390889679,Java,Cursor,chore,https://github.com/denyshubh/springboot-demo-news-api/pull/3,https://api.github.com/repos/denyshubh/springboot-demo-news-api
3334489434,Java,Cursor,chore,https://github.com/sabbir-hasnat/LifeSpringHospital/pull/1,https://api.github.com/repos/sabbir-hasnat/LifeSpringHospital
3494783209,Java,Cursor,chore,https://github.com/SpencerMSU/SecretProject/pull/10,https://api.github.com/repos/SpencerMSU/SecretProject
3358737577,Java,Cursor,chore,https://github.com/sdhyey26/BankProjectMain/pull/2,https://api.github.com/repos/sdhyey26/BankProjectMain
3318377182,Java,Cursor,chore,https://github.com/erokoder/vodovod/pull/70,https://api.github.com/repos/erokoder/vodovod
3349464328,Java,Cursor,fix,https://github.com/NguyenThanhNhatAnh123/HealthDiary/pull/5,https://api.github.com/repos/NguyenThanhNhatAnh123/HealthDiary
3287417496,Java,Cursor,chore,https://github.com/kushal9963/Retry/pull/1,https://api.github.com/repos/kushal9963/Retry
3399290731,Java,Cursor,chore,https://github.com/emmerichdev/Duels/pull/15,https://api.github.com/repos/emmerichdev/Duels
3460222317,Java,Cursor,chore,https://github.com/ellie1sh/iSLUportalVersion07/pull/5,https://api.github.com/repos/ellie1sh/iSLUportalVersion07
3453932703,Java,Cursor,chore,https://github.com/gashok13193/simple-java-maven-app/pull/1,https://api.github.com/repos/gashok13193/simple-java-maven-app
3497973084,Java,Cursor,chore,https://github.com/Pankhuri909/farmrisetest/pull/1,https://api.github.com/repos/Pankhuri909/farmrisetest
3331685047,Java,Cursor,chore,https://github.com/SatyamR30/Employee_Management/pull/1,https://api.github.com/repos/SatyamR30/Employee_Management
3507806594,Java,Cursor,fix,https://github.com/vuminhkhang2005/Web_Category/pull/10,https://api.github.com/repos/vuminhkhang2005/Web_Category
3496954919,Java,Cursor,chore,https://github.com/jabrena/java-crawler-demo/pull/17,https://api.github.com/repos/jabrena/java-crawler-demo
3270347336,Java,Cursor,chore,https://github.com/Anils117/GroceryManagementApplication/pull/2,https://api.github.com/repos/Anils117/GroceryManagementApplication
3306280437,Java,Cursor,chore,https://github.com/dgormally/Flickr/pull/3,https://api.github.com/repos/dgormally/Flickr
3263731861,Java,Cursor,chore,https://github.com/xcancloud/AngusInfra/pull/91,https://api.github.com/repos/xcancloud/AngusInfra
3317179368,Java,Cursor,feat,https://github.com/JamwalSunny/aprilBatch1/pull/1,https://api.github.com/repos/JamwalSunny/aprilBatch1
3288240240,Java,Cursor,feat,https://github.com/vipi-n/banking-system/pull/2,https://api.github.com/repos/vipi-n/banking-system
3284984409,Java,Cursor,fix,https://github.com/vunameaut/HealthTips-App-/pull/1,https://api.github.com/repos/vunameaut/HealthTips-App-
3470030151,Java,Cursor,chore,https://github.com/danvalentinpopa/AutomationLiveProject/pull/2,https://api.github.com/repos/danvalentinpopa/AutomationLiveProject
3306623418,Java,Cursor,chore,https://github.com/bdogayuksel/CucumberProject/pull/1,https://api.github.com/repos/bdogayuksel/CucumberProject
3222473641,Java,Cursor,chore,https://github.com/vepo/morpho-board/pull/2,https://api.github.com/repos/vepo/morpho-board
3270163995,Java,Cursor,chore,https://github.com/shadow-phantom-sys/AutoHealX/pull/1,https://api.github.com/repos/shadow-phantom-sys/AutoHealX
3540648943,Java,Cursor,chore,https://github.com/mighty-baseplate/Krishi-coBot-eyantra25-26/pull/1,https://api.github.com/repos/mighty-baseplate/Krishi-coBot-eyantra25-26
3285838766,Java,Cursor,chore,https://github.com/Recpina/java/pull/1,https://api.github.com/repos/Recpina/java
3312273980,Java,Cursor,chore,https://github.com/Swofty-Developments/HypixelSkyBlock/pull/513,https://api.github.com/repos/Swofty-Developments/HypixelSkyBlock
3498021695,Java,Cursor,chore,https://github.com/theanh3105/codeptit/pull/1,https://api.github.com/repos/theanh3105/codeptit
3460446391,Java,Cursor,fix,https://github.com/lennytmp/german_club/pull/41,https://api.github.com/repos/lennytmp/german_club
3195170248,Java,Cursor,chore,https://github.com/NikitHamal/PdfAI/pull/1,https://api.github.com/repos/NikitHamal/PdfAI
3259207771,Java,Cursor,fix,https://github.com/bumpier/bShop/pull/8,https://api.github.com/repos/bumpier/bShop
3328168026,Java,Cursor,chore,https://github.com/zeroregard/Ars-Affinity/pull/15,https://api.github.com/repos/zeroregard/Ars-Affinity
3517877922,Java,Cursor,chore,https://github.com/uiyjthguiyjtyh-cpu/deneme/pull/4,https://api.github.com/repos/uiyjthguiyjtyh-cpu/deneme
3262038297,Java,Cursor,fix,https://github.com/Gobinath21/CRUDEmployee/pull/1,https://api.github.com/repos/Gobinath21/CRUDEmployee
3530946038,Java,Cursor,chore,https://github.com/nguyentrungduong19981121-wq/springboot-ecommerce/pull/2,https://api.github.com/repos/nguyentrungduong19981121-wq/springboot-ecommerce
3259760903,Java,Cursor,fix,https://github.com/bumpier/bShop/pull/15,https://api.github.com/repos/bumpier/bShop
3321579442,Java,Cursor,chore,https://github.com/olair/Ask/pull/4,https://api.github.com/repos/olair/Ask
3303258197,Java,Cursor,docs,https://github.com/anymore-stay/AirCargoSystem/pull/1,https://api.github.com/repos/anymore-stay/AirCargoSystem
3219086115,Java,Cursor,chore,https://github.com/fulltimefarmer/minicms/pull/37,https://api.github.com/repos/fulltimefarmer/minicms
3525703982,Java,Cursor,chore,https://github.com/AnilYadav-7/medsync-hospital-claim-system/pull/2,https://api.github.com/repos/AnilYadav-7/medsync-hospital-claim-system
3305950914,Java,Cursor,chore,https://github.com/panxia/ai-interview-assistant/pull/3,https://api.github.com/repos/panxia/ai-interview-assistant
3280871027,Java,Cursor,feat,https://github.com/Disa44ay/player_lagbe_app/pull/8,https://api.github.com/repos/Disa44ay/player_lagbe_app
3306783844,Java,Cursor,chore,https://github.com/RensBlitz/bookmarker/pull/1,https://api.github.com/repos/RensBlitz/bookmarker
3490730165,Java,Cursor,chore,https://github.com/SergeyUr/AndriodJetpack_Room/pull/1,https://api.github.com/repos/SergeyUr/AndriodJetpack_Room
3496701492,Java,Cursor,chore,https://github.com/taswar5/booking-service/pull/1,https://api.github.com/repos/taswar5/booking-service
3225933155,Java,Cursor,chore,https://github.com/oumingyuan/cursor/pull/2,https://api.github.com/repos/oumingyuan/cursor
3479259689,Java,Cursor,feat,https://github.com/puneethkumarvh/DSA/pull/4,https://api.github.com/repos/puneethkumarvh/DSA
3445776675,Java,Cursor,chore,https://github.com/CleytonLeal/VideoListPlayer/pull/1,https://api.github.com/repos/CleytonLeal/VideoListPlayer
3325385304,Java,Cursor,chore,https://github.com/kalix64dev/KalixMOTD/pull/2,https://api.github.com/repos/kalix64dev/KalixMOTD
3351209969,Java,Cursor,chore,https://github.com/mahendra150/hello-world/pull/1,https://api.github.com/repos/mahendra150/hello-world
3370107925,Java,Cursor,chore,https://github.com/zeroregard/Ars-Affinity/pull/27,https://api.github.com/repos/zeroregard/Ars-Affinity
3315277573,Java,Cursor,chore,https://github.com/erokoder/vodovod/pull/63,https://api.github.com/repos/erokoder/vodovod
3479440556,Java,Cursor,chore,https://github.com/Wbaker7702/bitcoin-wallet/pull/4,https://api.github.com/repos/Wbaker7702/bitcoin-wallet
3531355030,Java,Cursor,chore,https://github.com/shailajagunti/JDBC/pull/2,https://api.github.com/repos/shailajagunti/JDBC
3352185461,Java,Cursor,chore,https://github.com/jh8579/Algorithm_Java/pull/1,https://api.github.com/repos/jh8579/Algorithm_Java
3335108007,Java,Cursor,chore,https://github.com/islamelaila/test/pull/2,https://api.github.com/repos/islamelaila/test
3489317551,Java,Cursor,chore,https://github.com/DucHuy-Nro/Threading/pull/1,https://api.github.com/repos/DucHuy-Nro/Threading
3533896556,Java,Cursor,chore,https://github.com/ansuhameedkutty/Ansu/pull/1,https://api.github.com/repos/ansuhameedkutty/Ansu
3509090538,Java,Cursor,chore,https://github.com/NandiniRathod2104/Backend-sms/pull/1,https://api.github.com/repos/NandiniRathod2104/Backend-sms
3226085597,Java,Cursor,chore,https://github.com/ayerswj/meeting-of-minds/pull/4,https://api.github.com/repos/ayerswj/meeting-of-minds
3276109757,Java,Cursor,fix,https://github.com/Sotatek-LongPham2/kaia-sdk/pull/3,https://api.github.com/repos/Sotatek-LongPham2/kaia-sdk
3413620794,Java,Cursor,chore,https://github.com/Renzhenderen/Test111/pull/20,https://api.github.com/repos/Renzhenderen/Test111
3434835469,Java,Cursor,chore,https://github.com/F1xTrack/Mesh/pull/13,https://api.github.com/repos/F1xTrack/Mesh
3503908174,Java,Cursor,chore,https://github.com/100-ANITA/vscode-remote-try-java/pull/2,https://api.github.com/repos/100-ANITA/vscode-remote-try-java
3294053675,Java,Cursor,chore,https://github.com/akshayghuge09/Adv-java-case-studies/pull/1,https://api.github.com/repos/akshayghuge09/Adv-java-case-studies
3325825114,Java,Cursor,feat,https://github.com/sw-pachanady/OnlineFruitStore/pull/1,https://api.github.com/repos/sw-pachanady/OnlineFruitStore
3163975561,Java,Cursor,chore,https://github.com/cuongday/open-loyalty/pull/1,https://api.github.com/repos/cuongday/open-loyalty
3327207767,Java,Cursor,chore,https://github.com/Vasilek1993111/InvestmentDataLoaderService/pull/2,https://api.github.com/repos/Vasilek1993111/InvestmentDataLoaderService
3468198714,Java,Cursor,chore,https://github.com/fakanakavera/TNAuctionhouse/pull/2,https://api.github.com/repos/fakanakavera/TNAuctionhouse
3259646648,Java,Cursor,chore,https://github.com/Joyboy009/spring6-course/pull/1,https://api.github.com/repos/Joyboy009/spring6-course
3315407214,Java,Cursor,docs,https://github.com/CarlosASM2001/compilador_proyecto/pull/9,https://api.github.com/repos/CarlosASM2001/compilador_proyecto
3519055025,Java,Cursor,chore,https://github.com/jabrena/wjax25-demos/pull/11,https://api.github.com/repos/jabrena/wjax25-demos
3415983997,Java,Cursor,fix,https://github.com/liqianlong/EasyPR-Java/pull/2,https://api.github.com/repos/liqianlong/EasyPR-Java
3327784791,Java,Cursor,chore,https://github.com/aarham363/Ali-new-repo/pull/5,https://api.github.com/repos/aarham363/Ali-new-repo
3291026297,Java,Cursor,feat,https://github.com/kaicode/snomed-simplex-toolkit/pull/1,https://api.github.com/repos/kaicode/snomed-simplex-toolkit
3202162907,Java,Cursor,chore,https://github.com/olair/Ask/pull/1,https://api.github.com/repos/olair/Ask
3498710460,Java,Cursor,chore,https://github.com/shreyash0185/CollaborativeTaskTrackingSystemApplication/pull/1,https://api.github.com/repos/shreyash0185/CollaborativeTaskTrackingSystemApplication
3327497391,Java,Cursor,chore,https://github.com/AVAndrianov/camunda11/pull/2,https://api.github.com/repos/AVAndrianov/camunda11
3386836262,Java,Cursor,chore,https://github.com/ellie1sh/IT212_9458_RiveraSherlie/pull/4,https://api.github.com/repos/ellie1sh/IT212_9458_RiveraSherlie
3343844601,Java,Cursor,chore,https://github.com/emexo/SpringBootProjects/pull/1,https://api.github.com/repos/emexo/SpringBootProjects
3229245637,Java,Cursor,chore,https://github.com/Singkosdevi/AI-Coding/pull/3,https://api.github.com/repos/Singkosdevi/AI-Coding
3459914403,Java,Cursor,chore,https://github.com/lennytmp/german_club/pull/39,https://api.github.com/repos/lennytmp/german_club
3447257836,Java,Cursor,feat,https://github.com/lewismc/nutch/pull/9,https://api.github.com/repos/lewismc/nutch
3513697939,Java,Cursor,chore,https://github.com/Vansh-Upadhyay/railse-backend-assignment/pull/4,https://api.github.com/repos/Vansh-Upadhyay/railse-backend-assignment
3327909060,Java,Cursor,feat,https://github.com/simplnc/android_frameworks_base/pull/3,https://api.github.com/repos/simplnc/android_frameworks_base
3340214178,Java,Cursor,chore,https://github.com/TharanyaBK/hospital-management-blockchain/pull/1,https://api.github.com/repos/TharanyaBK/hospital-management-blockchain
3275695644,Java,Cursor,fix,https://github.com/lolo16cm/packinglist/pull/1,https://api.github.com/repos/lolo16cm/packinglist
3325777070,Java,Cursor,chore,https://github.com/sauramel/crashy-mccrashface/pull/1,https://api.github.com/repos/sauramel/crashy-mccrashface
3453259554,Java,Cursor,chore,https://github.com/ellie1sh/iSLUportalVersion003/pull/28,https://api.github.com/repos/ellie1sh/iSLUportalVersion003
3487266478,Java,Cursor,chore,https://github.com/NikitHamal/VibeChat/pull/2,https://api.github.com/repos/NikitHamal/VibeChat
3316812488,Java,Cursor,docs,https://github.com/EnZ0cez/HMPs/pull/1,https://api.github.com/repos/EnZ0cez/HMPs
3303490082,Java,Cursor,feat,https://github.com/sadiarahmansmrity0/Group---4/pull/5,https://api.github.com/repos/sadiarahmansmrity0/Group---4
3324578012,Java,Cursor,chore,https://github.com/svartoS/repo-generator/pull/4,https://api.github.com/repos/svartoS/repo-generator
3377879426,Java,Cursor,chore,https://github.com/Renzhenderen/Test111/pull/8,https://api.github.com/repos/Renzhenderen/Test111
3550573115,Java,Cursor,chore,https://github.com/MostafaAtta/MyApp/pull/4,https://api.github.com/repos/MostafaAtta/MyApp
3305707866,Java,Cursor,chore,https://github.com/khushavnt-cognitiona/Hospital/pull/6,https://api.github.com/repos/khushavnt-cognitiona/Hospital
3276023574,Java,Cursor,fix,https://github.com/badhusha-dev/SmartOutlet-POS/pull/24,https://api.github.com/repos/badhusha-dev/SmartOutlet-POS
3252076879,Java,Cursor,chore,https://github.com/Sallysedkey87/TestNGDemo/pull/1,https://api.github.com/repos/Sallysedkey87/TestNGDemo
3318317393,Java,Cursor,chore,https://github.com/syncocog/TestAPI/pull/1,https://api.github.com/repos/syncocog/TestAPI
3315107231,Java,Cursor,chore,https://github.com/minewaku/Chatter/pull/2,https://api.github.com/repos/minewaku/Chatter
3362607408,Java,Cursor,chore,https://github.com/Tsuzitatu/test-auto-llm-/pull/3,https://api.github.com/repos/Tsuzitatu/test-auto-llm-
3485487587,Java,Cursor,chore,https://github.com/you112ef/kestra/pull/1,https://api.github.com/repos/you112ef/kestra
3287581286,Java,Cursor,docs,https://github.com/khonimovulugbek/security/pull/2,https://api.github.com/repos/khonimovulugbek/security
3363916389,Java,Cursor,fix,https://github.com/Deltor1/lab3/pull/1,https://api.github.com/repos/Deltor1/lab3
3438515417,Java,Cursor,feat,https://github.com/lennytmp/german_club/pull/19,https://api.github.com/repos/lennytmp/german_club
3327055341,Java,Cursor,chore,https://github.com/cshuo/hudi/pull/10,https://api.github.com/repos/cshuo/hudi
3357370774,Java,Cursor,chore,https://github.com/emmerichdev/Duels/pull/4,https://api.github.com/repos/emmerichdev/Duels
3540933095,Java,Cursor,docs,https://github.com/Mahmosallam/jenkins-java-shopping-cart/pull/1,https://api.github.com/repos/Mahmosallam/jenkins-java-shopping-cart
3429153022,Java,Cursor,chore,https://github.com/ardayvsgl/StudentApp/pull/1,https://api.github.com/repos/ardayvsgl/StudentApp
3276568144,Java,Cursor,chore,https://github.com/ABDESSADEQMAKKIOUI/MRQUIZ/pull/9,https://api.github.com/repos/ABDESSADEQMAKKIOUI/MRQUIZ
3389925761,Java,Cursor,chore,https://github.com/mgubran1/PayrollDev/pull/53,https://api.github.com/repos/mgubran1/PayrollDev
3306650520,Java,Cursor,fix,https://github.com/saurabh-rawat47/JobZygo./pull/2,https://api.github.com/repos/saurabh-rawat47/JobZygo.
3459406603,Java,Cursor,chore,https://github.com/kuoyaoming/cgh-tflite-app/pull/2,https://api.github.com/repos/kuoyaoming/cgh-tflite-app
3490749031,Java,Cursor,chore,https://github.com/jabrena/dvbe25-demos/pull/70,https://api.github.com/repos/jabrena/dvbe25-demos
3199652022,Java,Cursor,fix,https://github.com/teja230/shopgauge/pull/10,https://api.github.com/repos/teja230/shopgauge
3312881569,Java,Cursor,chore,https://github.com/vinoth0310/leetcodes/pull/2,https://api.github.com/repos/vinoth0310/leetcodes
3288968876,Java,Cursor,chore,https://github.com/heychinnu/VibeCoding/pull/1,https://api.github.com/repos/heychinnu/VibeCoding
3351428508,Java,Cursor,feat,https://github.com/justpr09rammer/ReBankingProjectFinal/pull/4,https://api.github.com/repos/justpr09rammer/ReBankingProjectFinal
3396447103,Java,Cursor,chore,https://github.com/ClockWingSoar/YueHeApp/pull/7,https://api.github.com/repos/ClockWingSoar/YueHeApp
3431728271,Java,Cursor,chore,https://github.com/F1xTrack/Mesh/pull/1,https://api.github.com/repos/F1xTrack/Mesh
3455891889,Java,Cursor,chore,https://github.com/lennytmp/german_club/pull/35,https://api.github.com/repos/lennytmp/german_club
3267059061,Java,Cursor,chore,https://github.com/syncocog/SkibDi/pull/1,https://api.github.com/repos/syncocog/SkibDi
3270818024,Java,Cursor,fix,https://github.com/saty-a/Chess-Clock/pull/1,https://api.github.com/repos/saty-a/Chess-Clock
3444981927,Java,Cursor,fix,https://github.com/LnDevAi/E-COMPTA-IA-CLEAN/pull/6,https://api.github.com/repos/LnDevAi/E-COMPTA-IA-CLEAN
3488210619,Java,Cursor,chore,https://github.com/erfandev123/New-idea-app/pull/1,https://api.github.com/repos/erfandev123/New-idea-app
3452534697,Java,Cursor,chore,https://github.com/ellie1sh/iSLUportalVersion003/pull/2,https://api.github.com/repos/ellie1sh/iSLUportalVersion003
3287576994,Java,Cursor,docs,https://github.com/khonimovulugbek/security/pull/1,https://api.github.com/repos/khonimovulugbek/security
3522059799,Java,Cursor,chore,https://github.com/brishi19791/incubator-xtable/pull/2,https://api.github.com/repos/brishi19791/incubator-xtable
3267867673,Java,Cursor,fix,https://github.com/zhongxiangaixiaolan/expert/pull/2,https://api.github.com/repos/zhongxiangaixiaolan/expert
3358976373,Java,Cursor,fix,https://github.com/Sukrisus/Xelo-Client/pull/4,https://api.github.com/repos/Sukrisus/Xelo-Client
3528700245,Java,Cursor,chore,https://github.com/just-cmm/test/pull/2,https://api.github.com/repos/just-cmm/test
3318328428,Java,Cursor,chore,https://github.com/Markantr/sk-2023-claude-sonnet-4/pull/1,https://api.github.com/repos/Markantr/sk-2023-claude-sonnet-4
3509784057,Java,Cursor,fix,https://github.com/acekhalifa/Eventify/pull/1,https://api.github.com/repos/acekhalifa/Eventify
3498098495,Java,Cursor,fix,https://github.com/garenwen/account/pull/1,https://api.github.com/repos/garenwen/account
3303063044,Java,Cursor,chore,https://github.com/GnanaprakashKaruthan/cloud/pull/1,https://api.github.com/repos/GnanaprakashKaruthan/cloud
3251577834,Java,Cursor,fix,https://github.com/Sukrisus/Test/pull/4,https://api.github.com/repos/Sukrisus/Test
3229978447,Java,Cursor,chore,https://github.com/MouhibBenSalah/E-credit/pull/1,https://api.github.com/repos/MouhibBenSalah/E-credit
3328177846,Java,Cursor,chore,https://github.com/wza13/demo2/pull/1,https://api.github.com/repos/wza13/demo2
3283479736,Java,Cursor,feat,https://github.com/risin42/NagramX/pull/145,https://api.github.com/repos/risin42/NagramX
3220073581,Java,Cursor,chore,https://github.com/GoldMorry/QuestionsTest/pull/2,https://api.github.com/repos/GoldMorry/QuestionsTest
3309253611,Java,Cursor,chore,https://github.com/carrot12327/Ziayzu-Launcher/pull/1,https://api.github.com/repos/carrot12327/Ziayzu-Launcher
3221237263,Java,Cursor,chore,https://github.com/Dinhdayne/javaswing/pull/3,https://api.github.com/repos/Dinhdayne/javaswing
3319253255,Java,Cursor,chore,https://github.com/erokoder/vodovod/pull/81,https://api.github.com/repos/erokoder/vodovod
3511444924,Java,Cursor,chore,https://github.com/priyanm/Kalah/pull/1,https://api.github.com/repos/priyanm/Kalah
3497351093,Java,Cursor,chore,https://github.com/wuhuanqi/springboot/pull/2,https://api.github.com/repos/wuhuanqi/springboot
3517782178,Java,Cursor,chore,https://github.com/jamiewannenburg/uacalcsrc/pull/13,https://api.github.com/repos/jamiewannenburg/uacalcsrc
3379751874,Java,Cursor,chore,https://github.com/erokoder/vodovod/pull/97,https://api.github.com/repos/erokoder/vodovod
3287276450,Java,Cursor,fix,https://github.com/Ykkshi2110/Backend-TanXuanApp/pull/1,https://api.github.com/repos/Ykkshi2110/Backend-TanXuanApp
3306939401,Java,Cursor,chore,https://github.com/CarlosASM2001/generador_tiny/pull/6,https://api.github.com/repos/CarlosASM2001/generador_tiny
3234752626,Java,Cursor,chore,https://github.com/jonahsnider/doglog/pull/101,https://api.github.com/repos/jonahsnider/doglog
3427944930,Java,Cursor,chore,https://github.com/jabrena/cursor-rules-java/pull/342,https://api.github.com/repos/jabrena/cursor-rules-java
3502159748,Java,Cursor,feat,https://github.com/SachinAkash01/module-ballerina-ftp/pull/1,https://api.github.com/repos/SachinAkash01/module-ballerina-ftp
3230485768,Java,Cursor,chore,https://github.com/kiranbuthpur/holiday-planner-agentic-ai/pull/2,https://api.github.com/repos/kiranbuthpur/holiday-planner-agentic-ai
3386678109,Java,Cursor,fix,https://github.com/shangzy-coder/food-information-backend/pull/5,https://api.github.com/repos/shangzy-coder/food-information-backend
3402769771,Java,Cursor,fix,https://github.com/magicbear2025/keycloak/pull/5,https://api.github.com/repos/magicbear2025/keycloak
3323755350,Java,Cursor,chore,https://github.com/lolo16cm/packinglist/pull/44,https://api.github.com/repos/lolo16cm/packinglist
3282989791,Java,Cursor,chore,https://github.com/VladislavBorisov/Algorithms/pull/2,https://api.github.com/repos/VladislavBorisov/Algorithms
3306126076,Java,Cursor,chore,https://github.com/erokoder/vodovod/pull/11,https://api.github.com/repos/erokoder/vodovod
3329135472,Java,Cursor,docs,https://github.com/duclong27/JavaSpringBoot-Ecommerce/pull/1,https://api.github.com/repos/duclong27/JavaSpringBoot-Ecommerce
3316729518,Java,Cursor,chore,https://github.com/EnZ0cez/CoserAnalysier/pull/2,https://api.github.com/repos/EnZ0cez/CoserAnalysier
3352489994,Java,Cursor,chore,https://github.com/Emerson147/gestion-inventario-ely/pull/2,https://api.github.com/repos/Emerson147/gestion-inventario-ely
3506351150,Java,Cursor,chore,https://github.com/nirvigupta/attendance-management/pull/2,https://api.github.com/repos/nirvigupta/attendance-management
3307362582,Java,Cursor,fix,https://github.com/Sarthak0722/CarMonitoring/pull/1,https://api.github.com/repos/Sarthak0722/CarMonitoring
3319206239,Java,Cursor,fix,https://github.com/beenycool/villagesreborn/pull/13,https://api.github.com/repos/beenycool/villagesreborn
3239312018,Java,Cursor,chore,https://github.com/DC-HaD3S/E-learning-app/pull/4,https://api.github.com/repos/DC-HaD3S/E-learning-app
3513103104,Java,Cursor,feat,https://github.com/rohit-rmethwani/api-list/pull/1,https://api.github.com/repos/rohit-rmethwani/api-list
3543946958,Java,Cursor,chore,https://github.com/jasonxalqatl905-alt/Lava/pull/4,https://api.github.com/repos/jasonxalqatl905-alt/Lava
3206275340,Java,Cursor,chore,https://github.com/endeeeeeeeee/ProyectosUniversidad/pull/1,https://api.github.com/repos/endeeeeeeeee/ProyectosUniversidad
3297503894,Java,Cursor,chore,https://github.com/mrinalnathtcs/vulnerability-test-spring/pull/1,https://api.github.com/repos/mrinalnathtcs/vulnerability-test-spring
3470493455,Java,Cursor,chore,https://github.com/Harshal-Bhangale/Holistic-Health-Care-App/pull/1,https://api.github.com/repos/Harshal-Bhangale/Holistic-Health-Care-App
3328921468,Java,Cursor,chore,https://github.com/fieu1997/CLIENT/pull/6,https://api.github.com/repos/fieu1997/CLIENT
3377340563,Java,Cursor,chore,https://github.com/jabrena/setup-cli/pull/146,https://api.github.com/repos/jabrena/setup-cli
3483997209,Java,Cursor,chore,https://github.com/jabrena/dvbe25-demos/pull/21,https://api.github.com/repos/jabrena/dvbe25-demos
3509727446,Java,Cursor,chore,https://github.com/sudamsiths/E-Waste-Management-System-Backend/pull/2,https://api.github.com/repos/sudamsiths/E-Waste-Management-System-Backend
3483160953,Java,Cursor,chore,https://github.com/itvietanh/mrz_native/pull/5,https://api.github.com/repos/itvietanh/mrz_native
3412945960,Java,Cursor,chore,https://github.com/Renzhenderen/Test111/pull/19,https://api.github.com/repos/Renzhenderen/Test111
3493593078,Java,Cursor,chore,https://github.com/Lefakatleho14/task-1/pull/2,https://api.github.com/repos/Lefakatleho14/task-1
3415006953,Java,Cursor,fix,https://github.com/ellie1sh/iSLUportal/pull/1,https://api.github.com/repos/ellie1sh/iSLUportal
3513884280,Java,Cursor,chore,https://github.com/jamiewannenburg/uacalcsrc/pull/1,https://api.github.com/repos/jamiewannenburg/uacalcsrc
3528324135,Java,Cursor,chore,https://github.com/Spica910/tabcontrol/pull/4,https://api.github.com/repos/Spica910/tabcontrol
3530198745,Java,Cursor,docs,https://github.com/batouei/demo/pull/2,https://api.github.com/repos/batouei/demo
3507012479,Java,Cursor,chore,https://github.com/natifxking-sudo/NISIRCOP/pull/3,https://api.github.com/repos/natifxking-sudo/NISIRCOP
3505538007,Java,Cursor,chore,https://github.com/saurabhrapanwar/demo/pull/3,https://api.github.com/repos/saurabhrapanwar/demo
3339382628,Java,Cursor,fix,https://github.com/zadadid82-ai/prova_Lab/pull/1,https://api.github.com/repos/zadadid82-ai/prova_Lab
3262482512,Java,Cursor,chore,https://github.com/badhusha-dev/MergeEats/pull/1,https://api.github.com/repos/badhusha-dev/MergeEats
3274343303,Java,Cursor,chore,https://github.com/ethanrjs/SecretRoutes/pull/2,https://api.github.com/repos/ethanrjs/SecretRoutes
3384733026,Java,Cursor,chore,https://github.com/erokoder/vodovod/pull/101,https://api.github.com/repos/erokoder/vodovod
3221308177,Java,Cursor,chore,https://github.com/Dinhdayne/javaswing/pull/5,https://api.github.com/repos/Dinhdayne/javaswing
3450104356,Java,Cursor,chore,https://github.com/ellie1sh/iSLUportalVersion03/pull/22,https://api.github.com/repos/ellie1sh/iSLUportalVersion03
3517877959,Java,Cursor,chore,https://github.com/uiyjthguiyjtyh-cpu/deneme/pull/5,https://api.github.com/repos/uiyjthguiyjtyh-cpu/deneme
3396574701,Java,Cursor,chore,https://github.com/nolaurence/java-manus/pull/1,https://api.github.com/repos/nolaurence/java-manus
3304530251,Java,Cursor,chore,https://github.com/erokoder/vodovod/pull/2,https://api.github.com/repos/erokoder/vodovod
3196104961,Java,Cursor,chore,https://github.com/disparter/tokugawa-discord-game-java/pull/2,https://api.github.com/repos/disparter/tokugawa-discord-game-java
3547489833,Java,Cursor,docs,https://github.com/huzhennan/wishlist_hackugyo/pull/1,https://api.github.com/repos/huzhennan/wishlist_hackugyo
3389519109,Java,Cursor,chore,https://github.com/LnDevAi/E-COMPTA-IA-CLEAN/pull/2,https://api.github.com/repos/LnDevAi/E-COMPTA-IA-CLEAN
3275844571,Java,Cursor,fix,https://github.com/badhusha-dev/SmartOutlet-POS/pull/23,https://api.github.com/repos/badhusha-dev/SmartOutlet-POS
3214473674,Java,Cursor,docs,https://github.com/mythili-SDET/Sample-Framework/pull/2,https://api.github.com/repos/mythili-SDET/Sample-Framework
3498130372,Java,Cursor,chore,https://github.com/PBharat12/First/pull/3,https://api.github.com/repos/PBharat12/First
3357877839,Java,Cursor,docs,https://github.com/StarRocks/starrocks/pull/62367,https://api.github.com/repos/StarRocks/starrocks
3490037530,Java,Cursor,chore,https://github.com/0pens0/cf-mcp-client-sso/pull/3,https://api.github.com/repos/0pens0/cf-mcp-client-sso
3222132832,Java,Cursor,feat,https://github.com/Sumanth1602/wordguesser-java-project/pull/1,https://api.github.com/repos/Sumanth1602/wordguesser-java-project
3491911049,Java,Cursor,chore,https://github.com/Mokshagnya-MR/Plagiarism-Project/pull/2,https://api.github.com/repos/Mokshagnya-MR/Plagiarism-Project
3304555490,Java,Cursor,chore,https://github.com/erokoder/vodovod/pull/3,https://api.github.com/repos/erokoder/vodovod
3530033339,Java,Cursor,chore,https://github.com/jabrena/wjax25-demos/pull/34,https://api.github.com/repos/jabrena/wjax25-demos
3315025561,Java,Cursor,fix,https://github.com/erokoder/vodovod/pull/55,https://api.github.com/repos/erokoder/vodovod
3462499533,Java,Cursor,chore,https://github.com/jabrena/cis-194/pull/19,https://api.github.com/repos/jabrena/cis-194
3538689775,Java,Cursor,fix,https://github.com/victor240619/banco-digital/pull/5,https://api.github.com/repos/victor240619/banco-digital
3363453653,Java,Cursor,chore,https://github.com/tamilvendhan444/github1/pull/2,https://api.github.com/repos/tamilvendhan444/github1
3377844867,Java,Cursor,chore,https://github.com/Renzhenderen/Test111/pull/7,https://api.github.com/repos/Renzhenderen/Test111
3230737754,Java,Cursor,chore,https://github.com/MouhibBenSalah/E-credit/pull/3,https://api.github.com/repos/MouhibBenSalah/E-credit
3267947555,Java,Cursor,fix,https://github.com/ronaldwm2/alienads_props/pull/1,https://api.github.com/repos/ronaldwm2/alienads_props
3506355652,Java,Cursor,chore,https://github.com/emrahakbiyik/GTS/pull/1,https://api.github.com/repos/emrahakbiyik/GTS
3221292534,Java,Cursor,chore,https://github.com/Dinhdayne/javaswing/pull/4,https://api.github.com/repos/Dinhdayne/javaswing
3307358984,Java,Cursor,chore,https://github.com/Sukrisus/Axion-Launcher/pull/1,https://api.github.com/repos/Sukrisus/Axion-Launcher
3503515643,Java,Cursor,chore,https://github.com/kranthikarthan/PE/pull/7,https://api.github.com/repos/kranthikarthan/PE
3306174251,Java,Cursor,fix,https://github.com/erokoder/vodovod/pull/19,https://api.github.com/repos/erokoder/vodovod
3277817193,Java,Cursor,chore,https://github.com/gowtham20402/Ikigai/pull/1,https://api.github.com/repos/gowtham20402/Ikigai
3281068580,Java,Cursor,chore,https://github.com/tstran95/deadLetterExchange/pull/1,https://api.github.com/repos/tstran95/deadLetterExchange
3548560289,Java,Cursor,chore,https://github.com/a747895159/agent-demo/pull/1,https://api.github.com/repos/a747895159/agent-demo
3359829853,Java,Cursor,chore,https://github.com/chyrinechaar/backend-ooredoo/pull/1,https://api.github.com/repos/chyrinechaar/backend-ooredoo
3215730334,Java,Cursor,chore,https://github.com/utariyld/pbo-project/pull/1,https://api.github.com/repos/utariyld/pbo-project
3347755664,Java,Cursor,chore,https://github.com/KartikZurale/Anudip/pull/1,https://api.github.com/repos/KartikZurale/Anudip
3240938623,Java,Cursor,chore,https://github.com/jonahsnider/doglog/pull/103,https://api.github.com/repos/jonahsnider/doglog
3327352524,Java,Cursor,chore,https://github.com/wnaji/SneakPeak/pull/1,https://api.github.com/repos/wnaji/SneakPeak
3267557300,Java,Cursor,docs,https://github.com/ihsanosmanoglu/EECS3311_Group_Alpha/pull/15,https://api.github.com/repos/ihsanosmanoglu/EECS3311_Group_Alpha
3543713767,Java,Cursor,fix,https://github.com/dormwell/bitlet/pull/1,https://api.github.com/repos/dormwell/bitlet
3531275192,Java,Cursor,chore,https://github.com/JamesR1123/Sistem/pull/5,https://api.github.com/repos/JamesR1123/Sistem
3438666093,Java,Cursor,chore,https://github.com/lennytmp/german_club/pull/22,https://api.github.com/repos/lennytmp/german_club
3307521202,Java,Cursor,chore,https://github.com/njbhgvfdscdtnyi/FBREAPER/pull/3,https://api.github.com/repos/njbhgvfdscdtnyi/FBREAPER
3452861981,Java,Cursor,chore,https://github.com/ellie1sh/iSLUportalVersion003/pull/10,https://api.github.com/repos/ellie1sh/iSLUportalVersion003
3230478911,Java,Cursor,chore,https://github.com/kiranbuthpur/holiday-planner-agentic-ai/pull/1,https://api.github.com/repos/kiranbuthpur/holiday-planner-agentic-ai
3495189412,Java,Cursor,chore,https://github.com/SpencerMSU/SecretProject/pull/13,https://api.github.com/repos/SpencerMSU/SecretProject
3543471636,Java,Cursor,feat,https://github.com/RakeshRaneDev/system_design/pull/8,https://api.github.com/repos/RakeshRaneDev/system_design
3349209837,Java,Cursor,chore,https://github.com/NeginShekari/AzmoonDemo/pull/5,https://api.github.com/repos/NeginShekari/AzmoonDemo
3319161724,Java,Cursor,chore,https://github.com/SyncFocus17/core-v2/pull/1,https://api.github.com/repos/SyncFocus17/core-v2
3201466579,Java,Cursor,chore,https://github.com/teja230/shopgauge/pull/11,https://api.github.com/repos/teja230/shopgauge
3258910171,Java,Cursor,chore,https://github.com/albertocavalcante/rules_antlr/pull/85,https://api.github.com/repos/albertocavalcante/rules_antlr
3313280821,Java,Cursor,docs,https://github.com/hxrry27/PaperAccurateBlockPlacement/pull/2,https://api.github.com/repos/hxrry27/PaperAccurateBlockPlacement
3263077152,Java,Cursor,docs,https://github.com/udaydhope/GmailAPIsUsing-Java/pull/1,https://api.github.com/repos/udaydhope/GmailAPIsUsing-Java
3457848570,Java,Cursor,chore,https://github.com/qaliblog/termux-app/pull/1,https://api.github.com/repos/qaliblog/termux-app
3269313270,Java,Cursor,chore,https://github.com/VikhyatChoppa18/sobefurniture/pull/1,https://api.github.com/repos/VikhyatChoppa18/sobefurniture
3391404021,Java,Cursor,fix,https://github.com/TOPLIB/V-Engine/pull/7,https://api.github.com/repos/TOPLIB/V-Engine
3462955353,Java,Cursor,fix,https://github.com/StarRocks/starrocks/pull/63670,https://api.github.com/repos/StarRocks/starrocks
3360653947,Java,Cursor,chore,https://github.com/IceHarley/annot-vc/pull/1,https://api.github.com/repos/IceHarley/annot-vc
3247131719,Java,Cursor,chore,https://github.com/ZurineZulkifli/test/pull/1,https://api.github.com/repos/ZurineZulkifli/test
3327065111,Java,Cursor,docs,https://github.com/2014150011/Luojuanyun/pull/1,https://api.github.com/repos/2014150011/Luojuanyun
3386459606,Java,Cursor,chore,https://github.com/datahub-project/datahub/pull/14682,https://api.github.com/repos/datahub-project/datahub
3188990584,Java,Cursor,docs,https://github.com/kiranchintala/service-catalogue/pull/1,https://api.github.com/repos/kiranchintala/service-catalogue
3279448825,Java,Cursor,chore,https://github.com/kandukooriniharika/project_module/pull/4,https://api.github.com/repos/kandukooriniharika/project_module
3243842763,Java,Cursor,chore,https://github.com/sebas27zm/sebas27zm/pull/1,https://api.github.com/repos/sebas27zm/sebas27zm
3328765692,Java,Cursor,chore,https://github.com/kswen/996.ICU/pull/4,https://api.github.com/repos/kswen/996.ICU
3378449231,Java,Cursor,chore,https://github.com/DineshPradhan0503/Inventory-management-demo/pull/2,https://api.github.com/repos/DineshPradhan0503/Inventory-management-demo
3391980116,Java,Cursor,chore,https://github.com/vijay-veer/swasthya-sarthi/pull/5,https://api.github.com/repos/vijay-veer/swasthya-sarthi
3235118083,Java,Cursor,chore,https://github.com/cherry-7254/Java_Project/pull/1,https://api.github.com/repos/cherry-7254/Java_Project
3312876335,Java,Cursor,chore,https://github.com/vinoth0310/leetcodes/pull/1,https://api.github.com/repos/vinoth0310/leetcodes
3264003639,Java,Cursor,chore,https://github.com/TranDangMinhQuan/CMS-main/pull/3,https://api.github.com/repos/TranDangMinhQuan/CMS-main
3294673835,Java,Cursor,chore,https://github.com/pdp3012/bikin-repository/pull/2,https://api.github.com/repos/pdp3012/bikin-repository
3261585398,Java,Cursor,chore,https://github.com/oreo91/helloWorld/pull/1,https://api.github.com/repos/oreo91/helloWorld
3519065160,Java,Cursor,chore,https://github.com/jabrena/wjax25-demos/pull/13,https://api.github.com/repos/jabrena/wjax25-demos
3268524859,Java,Cursor,feat,https://github.com/badhusha-dev/MergeEats/pull/3,https://api.github.com/repos/badhusha-dev/MergeEats
3197870830,Java,Cursor,fix,https://github.com/ServerlessApplicationRun/TProfiler/pull/1,https://api.github.com/repos/ServerlessApplicationRun/TProfiler
3306806778,Java,Cursor,chore,https://github.com/VistorRang/Webview/pull/2,https://api.github.com/repos/VistorRang/Webview
3484811910,Java,Cursor,chore,https://github.com/VrushankPatel/auctionflow/pull/1,https://api.github.com/repos/VrushankPatel/auctionflow
3295035484,Java,Cursor,feat,https://github.com/sudipkumar2/newproject/pull/4,https://api.github.com/repos/sudipkumar2/newproject
3233740361,Java,Cursor,feat,https://github.com/zoyaumar/ColorCompare/pull/19,https://api.github.com/repos/zoyaumar/ColorCompare
3280828407,Java,Cursor,chore,https://github.com/lolo16cm/packinglist/pull/30,https://api.github.com/repos/lolo16cm/packinglist
3285932834,Java,Cursor,feat,https://github.com/dangminhphuc/spring-framework-learning/pull/32,https://api.github.com/repos/dangminhphuc/spring-framework-learning
3531171592,Java,Cursor,chore,https://github.com/JamesR1123/Sistem/pull/1,https://api.github.com/repos/JamesR1123/Sistem
3412919949,Java,Cursor,chore,https://github.com/Renzhenderen/Test111/pull/18,https://api.github.com/repos/Renzhenderen/Test111
3431930536,Java,Cursor,docs,https://github.com/jabrena/cursor-rules-java/pull/349,https://api.github.com/repos/jabrena/cursor-rules-java
3321097211,Java,Cursor,chore,https://github.com/Vladislav2709/Java-CITB408-Project/pull/1,https://api.github.com/repos/Vladislav2709/Java-CITB408-Project
3312444078,Java,Cursor,fix,https://github.com/CarlosASM2001/compilador_proyecto/pull/5,https://api.github.com/repos/CarlosASM2001/compilador_proyecto
3283198342,Java,Cursor,chore,https://github.com/suyashsethh/HotelSurya_Web/pull/1,https://api.github.com/repos/suyashsethh/HotelSurya_Web
3343018177,Java,Cursor,fix,https://github.com/MohammedAlmzini/World-Cup-2026-Smart-Guide/pull/7,https://api.github.com/repos/MohammedAlmzini/World-Cup-2026-Smart-Guide
3438492877,Java,Cursor,fix,https://github.com/lennytmp/german_club/pull/17,https://api.github.com/repos/lennytmp/german_club
3326844271,Java,Cursor,chore,https://github.com/fieu1997/CLIENT/pull/2,https://api.github.com/repos/fieu1997/CLIENT
3310633491,Java,Cursor,chore,https://github.com/erokoder/vodovod/pull/26,https://api.github.com/repos/erokoder/vodovod
3459903804,Java,Cursor,chore,https://github.com/Nikhil1120/Cod-Tech-IT-Solution/pull/1,https://api.github.com/repos/Nikhil1120/Cod-Tech-IT-Solution
3246349867,Java,Cursor,chore,https://github.com/Pranav7722/text/pull/1,https://api.github.com/repos/Pranav7722/text
3486300616,Java,Cursor,feat,https://github.com/silehacks/NISIRCOP/pull/9,https://api.github.com/repos/silehacks/NISIRCOP
3312973156,Java,Cursor,feat,https://github.com/erokoder/vodovod/pull/38,https://api.github.com/repos/erokoder/vodovod
3310644635,Java,Cursor,chore,https://github.com/erokoder/vodovod/pull/28,https://api.github.com/repos/erokoder/vodovod
3390944343,Java,Cursor,fix,https://github.com/denyshubh/springboot-demo-news-api/pull/5,https://api.github.com/repos/denyshubh/springboot-demo-news-api
3306207999,Java,Cursor,chore,https://github.com/pdp3012/bikin-repository/pull/11,https://api.github.com/repos/pdp3012/bikin-repository
3503862457,Java,Cursor,chore,https://github.com/kranthikarthan/PE/pull/39,https://api.github.com/repos/kranthikarthan/PE
3351073589,Java,Cursor,chore,https://github.com/6731503031/lab03/pull/1,https://api.github.com/repos/6731503031/lab03
3263861799,Java,Cursor,chore,https://github.com/Sukrisus/Test/pull/9,https://api.github.com/repos/Sukrisus/Test
3215679835,Java,Cursor,fix,https://github.com/fulltimefarmer/minicms/pull/31,https://api.github.com/repos/fulltimefarmer/minicms
3275742412,Java,Cursor,chore,https://github.com/ALPullaguariSW/SistemaBuffetAbogados/pull/7,https://api.github.com/repos/ALPullaguariSW/SistemaBuffetAbogados
3543645006,Java,Cursor,chore,https://github.com/TDatpham/Ecommerce-website/pull/1,https://api.github.com/repos/TDatpham/Ecommerce-website
3301192386,Java,Cursor,chore,https://github.com/Y-MITHRA/sample/pull/1,https://api.github.com/repos/Y-MITHRA/sample
3231076192,Java,Cursor,chore,https://github.com/xieyuhui728/spring-framework/pull/3,https://api.github.com/repos/xieyuhui728/spring-framework
3548066381,Java,Cursor,chore,https://github.com/ellie1sh/MidtermLabProject01/pull/2,https://api.github.com/repos/ellie1sh/MidtermLabProject01
3548946842,Java,Cursor,feat,https://github.com/Phongnam2903/-IDCMA/pull/2,https://api.github.com/repos/Phongnam2903/-IDCMA
3225197938,Java,Cursor,chore,https://github.com/pycrafted/News-Platform---Projet-d-Architecture-Logicielle/pull/2,https://api.github.com/repos/pycrafted/News-Platform---Projet-d-Architecture-Logicielle
3278944638,Java,Cursor,fix,https://github.com/StarRocks/starrocks/pull/61452,https://api.github.com/repos/StarRocks/starrocks
3282653713,Java,Cursor,fix,https://github.com/Sanketkavanekar/corejavassignment2/pull/2,https://api.github.com/repos/Sanketkavanekar/corejavassignment2
3461945802,Java,Cursor,fix,https://github.com/ellie1sh/iSLUportalVersion08/pull/3,https://api.github.com/repos/ellie1sh/iSLUportalVersion08
3530033399,Java,Cursor,chore,https://github.com/jabrena/wjax25-demos/pull/37,https://api.github.com/repos/jabrena/wjax25-demos
3275841230,Java,Cursor,chore,https://github.com/badhusha-dev/SmartOutlet-POS/pull/22,https://api.github.com/repos/badhusha-dev/SmartOutlet-POS
3368701981,Java,Cursor,chore,https://github.com/DarioFontes/redNeuronal/pull/1,https://api.github.com/repos/DarioFontes/redNeuronal
3505619540,Java,Cursor,chore,https://github.com/jabrena/dvbe25-demos/pull/77,https://api.github.com/repos/jabrena/dvbe25-demos
3515982549,Java,Cursor,chore,https://github.com/Today-Story/TRIT-BE/pull/1296,https://api.github.com/repos/Today-Story/TRIT-BE
3508281184,Java,Cursor,fix,https://github.com/vuminhkhang2005/WebProject/pull/2,https://api.github.com/repos/vuminhkhang2005/WebProject
3275697530,Java,Cursor,chore,https://github.com/ALPullaguariSW/SistemaBuffetAbogados/pull/6,https://api.github.com/repos/ALPullaguariSW/SistemaBuffetAbogados
3318229127,Java,Cursor,chore,https://github.com/hloni2004/StudentMarket2/pull/15,https://api.github.com/repos/hloni2004/StudentMarket2
3539033867,Java,Cursor,chore,https://github.com/SourceDive/spring-boot/pull/1,https://api.github.com/repos/SourceDive/spring-boot
3376079919,Java,Cursor,fix,https://github.com/erokoder/vodovod/pull/89,https://api.github.com/repos/erokoder/vodovod
3517839869,Java,Cursor,chore,https://github.com/uiyjthguiyjtyh-cpu/deneme/pull/1,https://api.github.com/repos/uiyjthguiyjtyh-cpu/deneme
3307554975,Java,Cursor,chore,https://github.com/manojpmali88/evolent/pull/3,https://api.github.com/repos/manojpmali88/evolent
3543774817,Java,Cursor,chore,https://github.com/olehlishchuk/Exam_Proj_OL/pull/2,https://api.github.com/repos/olehlishchuk/Exam_Proj_OL
3542310882,Java,Cursor,feat,https://github.com/IndiHarsh/NeuroAssist/pull/1,https://api.github.com/repos/IndiHarsh/NeuroAssist
3197330637,Java,Cursor,chore,https://github.com/jabrena/cursor-rules-java/pull/118,https://api.github.com/repos/jabrena/cursor-rules-java
3509365195,Java,Cursor,docs,https://github.com/moqimoqidea/moqi-demo-java-maven/pull/2,https://api.github.com/repos/moqimoqidea/moqi-demo-java-maven
3541988810,Java,Cursor,chore,https://github.com/mstf16/Proije_1/pull/2,https://api.github.com/repos/mstf16/Proije_1
3225568981,Java,Cursor,chore,https://github.com/Singkosdevi/AI-Coding/pull/2,https://api.github.com/repos/Singkosdevi/AI-Coding
3543270981,Java,Cursor,fix,https://github.com/patryck123/aprendendo---spring/pull/3,https://api.github.com/repos/patryck123/aprendendo---spring
3530117146,Java,Cursor,chore,https://github.com/nazeer77718/private_hstl/pull/1,https://api.github.com/repos/nazeer77718/private_hstl
3246480882,Java,Cursor,chore,https://github.com/dushyant1978/argus/pull/1,https://api.github.com/repos/dushyant1978/argus
3485631434,Java,Cursor,chore,https://github.com/victor240619/banco-digital/pull/1,https://api.github.com/repos/victor240619/banco-digital
3462322810,Java,Cursor,chore,https://github.com/jabrena/cis-194/pull/16,https://api.github.com/repos/jabrena/cis-194
3331788419,Java,Cursor,chore,https://github.com/eAbdelrahmanMohamed/Desktop/pull/1,https://api.github.com/repos/eAbdelrahmanMohamed/Desktop
3493593623,Java,Cursor,chore,https://github.com/Lefakatleho14/task-1/pull/3,https://api.github.com/repos/Lefakatleho14/task-1
3362599827,Java,Cursor,chore,https://github.com/Tsuzitatu/test-auto-llm-/pull/2,https://api.github.com/repos/Tsuzitatu/test-auto-llm-
3534574419,Java,Cursor,chore,https://github.com/NaveenJCER/STRING-REVERSE/pull/1,https://api.github.com/repos/NaveenJCER/STRING-REVERSE
3286920927,Java,Cursor,chore,https://github.com/ParryParry/TB_3.1.1/pull/1,https://api.github.com/repos/ParryParry/TB_3.1.1
3410609502,Java,Cursor,chore,https://github.com/kayufok/flowstep-framework/pull/9,https://api.github.com/repos/kayufok/flowstep-framework
3276184753,Java,Cursor,fix,https://github.com/lubomirqa/tunein_challenge/pull/1,https://api.github.com/repos/lubomirqa/tunein_challenge
3533467593,Java,Cursor,chore,https://github.com/minhniee/Dental-Clinic-Management-System/pull/3,https://api.github.com/repos/minhniee/Dental-Clinic-Management-System
3328462993,Java,Cursor,chore,https://github.com/aadimore4347/coffeeApp/pull/2,https://api.github.com/repos/aadimore4347/coffeeApp
3529284359,Java,Cursor,chore,https://github.com/ColinRitman/xfg-android-miner/pull/12,https://api.github.com/repos/ColinRitman/xfg-android-miner
3506584130,Java,Cursor,fix,https://github.com/StarRocks/starrocks/pull/63927,https://api.github.com/repos/StarRocks/starrocks
3497467908,Java,Cursor,feat,https://github.com/StarRocks/starrocks/pull/63824,https://api.github.com/repos/StarRocks/starrocks
3323747732,Java,Cursor,chore,https://github.com/SPORK-3196/SPORK_2025_Reefscape/pull/2,https://api.github.com/repos/SPORK-3196/SPORK_2025_Reefscape
3484800687,Java,Cursor,chore,https://github.com/jabrena/dvbe25-demos/pull/49,https://api.github.com/repos/jabrena/dvbe25-demos
3377576736,Java,Cursor,chore,https://github.com/Mehboob-alam1/CallDialer/pull/7,https://api.github.com/repos/Mehboob-alam1/CallDialer
3314443512,Java,Cursor,chore,https://github.com/hasnaamohamed-git/my-first-project-with-gui/pull/3,https://api.github.com/repos/hasnaamohamed-git/my-first-project-with-gui
3295558449,Java,Cursor,chore,https://github.com/SubhajitMajumder03/vibecodingdemo/pull/1,https://api.github.com/repos/SubhajitMajumder03/vibecodingdemo
3539148896,Java,Cursor,chore,https://github.com/BloomedRiver/Android-SecureTrack/pull/2,https://api.github.com/repos/BloomedRiver/Android-SecureTrack
3535133548,Java,Cursor,chore,https://github.com/Biusecond/test/pull/1,https://api.github.com/repos/Biusecond/test
3467050948,Java,Cursor,chore,https://github.com/kimhyenmu/main/pull/2,https://api.github.com/repos/kimhyenmu/main
3391322803,Java,Cursor,chore,https://github.com/Renzhenderen/Test111/pull/16,https://api.github.com/repos/Renzhenderen/Test111
3280585704,Java,Cursor,chore,https://github.com/YashGore018/blackcoffer/pull/5,https://api.github.com/repos/YashGore018/blackcoffer
3525603154,Java,Cursor,chore,https://github.com/DevYFofl/FortniteRAMSpoofer/pull/1,https://api.github.com/repos/DevYFofl/FortniteRAMSpoofer
3264211811,Java,Cursor,chore,https://github.com/w3builderit/cursor-ia/pull/4,https://api.github.com/repos/w3builderit/cursor-ia
3306125066,Java,Cursor,chore,https://github.com/erokoder/vodovod/pull/9,https://api.github.com/repos/erokoder/vodovod
3548724315,Java,Cursor,chore,https://github.com/jamiewannenburg/uacalcsrc/pull/32,https://api.github.com/repos/jamiewannenburg/uacalcsrc
3251980673,Java,Cursor,fix,https://github.com/ZurineZulkifli/ecommerce/pull/2,https://api.github.com/repos/ZurineZulkifli/ecommerce
3295063954,Java,Cursor,chore,https://github.com/lttl66/test1/pull/3,https://api.github.com/repos/lttl66/test1
3244753345,Java,Cursor,chore,https://github.com/AllanceBoom/ds-rosetta-service/pull/1,https://api.github.com/repos/AllanceBoom/ds-rosetta-service
3358278797,Java,Cursor,fix,https://github.com/Sukrisus/Xelo-Client/pull/3,https://api.github.com/repos/Sukrisus/Xelo-Client
3276282943,Java,Cursor,fix,https://github.com/lolo16cm/packinglist/pull/14,https://api.github.com/repos/lolo16cm/packinglist
3391372994,Java,Cursor,chore,https://github.com/gsdmagency/JSP/pull/25,https://api.github.com/repos/gsdmagency/JSP
3452009240,Java,Cursor,chore,https://github.com/lennytmp/german_club/pull/31,https://api.github.com/repos/lennytmp/german_club
3523640728,Java,Cursor,feat,https://github.com/tuanh250105/web-expense-tracker/pull/1,https://api.github.com/repos/tuanh250105/web-expense-tracker
3535139885,Java,Cursor,chore,https://github.com/Biusecond/test/pull/2,https://api.github.com/repos/Biusecond/test
3548928609,Java,Cursor,chore,https://github.com/JonathanRentoft/bookshelf-sp2/pull/5,https://api.github.com/repos/JonathanRentoft/bookshelf-sp2
3304555785,Java,Cursor,chore,https://github.com/erokoder/vodovod/pull/4,https://api.github.com/repos/erokoder/vodovod
3400023958,Java,Cursor,chore,https://github.com/jabrena/cursor-agents-api-java-client/pull/4,https://api.github.com/repos/jabrena/cursor-agents-api-java-client
3336233915,Java,Cursor,fix,https://github.com/acceldata-io/ranger/pull/81,https://api.github.com/repos/acceldata-io/ranger
3460256889,Java,Cursor,chore,https://github.com/lennytmp/german_club/pull/40,https://api.github.com/repos/lennytmp/german_club
3507747548,Java,Cursor,fix,https://github.com/vuminhkhang2005/Web_Category/pull/4,https://api.github.com/repos/vuminhkhang2005/Web_Category
3226945829,Java,Cursor,chore,https://github.com/smurf83/api-monitoring-dashboard/pull/1,https://api.github.com/repos/smurf83/api-monitoring-dashboard
3224533398,Java,Cursor,fix,https://github.com/zoyaumar/ColorCompare/pull/8,https://api.github.com/repos/zoyaumar/ColorCompare
3443724773,Java,Cursor,fix,https://github.com/Oggie26/FurniMart-BE/pull/8,https://api.github.com/repos/Oggie26/FurniMart-BE
3443431202,Java,Cursor,chore,https://github.com/shihuinaiii/baritone/pull/1,https://api.github.com/repos/shihuinaiii/baritone
3287341203,Java,Cursor,chore,https://github.com/petsuh10-design/yfiuffiuy/pull/1,https://api.github.com/repos/petsuh10-design/yfiuffiuy
3275536796,Java,Cursor,chore,https://github.com/ALPullaguariSW/SistemaBuffetAbogados/pull/2,https://api.github.com/repos/ALPullaguariSW/SistemaBuffetAbogados
3281453710,Java,Cursor,chore,https://github.com/mythili99/FirstRepo/pull/2,https://api.github.com/repos/mythili99/FirstRepo
3311956576,Java,Cursor,chore,https://github.com/erokoder/vodovod/pull/33,https://api.github.com/repos/erokoder/vodovod
3277289472,Java,Cursor,chore,https://github.com/SHIVAWD93/automation-dashboard-service/pull/10,https://api.github.com/repos/SHIVAWD93/automation-dashboard-service
3323948701,Java,Cursor,docs,https://github.com/lolo16cm/packinglist/pull/50,https://api.github.com/repos/lolo16cm/packinglist
3212707801,Java,Cursor,chore,https://github.com/fulltimefarmer/minicms/pull/26,https://api.github.com/repos/fulltimefarmer/minicms
3468400919,Java,Cursor,chore,https://github.com/Zeetof/java-spring-boot-service/pull/1,https://api.github.com/repos/Zeetof/java-spring-boot-service
3242449102,Java,Cursor,chore,https://github.com/fulltimefarmer/minicms/pull/43,https://api.github.com/repos/fulltimefarmer/minicms
3544205056,Java,Cursor,fix,https://github.com/lebeaprince/quotationManagement/pull/3,https://api.github.com/repos/lebeaprince/quotationManagement
3264075136,Java,Cursor,chore,https://github.com/w3builderit/cursor-ia/pull/3,https://api.github.com/repos/w3builderit/cursor-ia
3251988877,Java,Cursor,fix,https://github.com/Sukrisus/Test/pull/6,https://api.github.com/repos/Sukrisus/Test
3207245594,Java,Cursor,chore,https://github.com/funny-bunny-corp/wallet/pull/9,https://api.github.com/repos/funny-bunny-corp/wallet
3265863821,Java,Cursor,chore,https://github.com/aledelling/GestorTaller/pull/5,https://api.github.com/repos/aledelling/GestorTaller
3177212628,Java,Cursor,chore,https://github.com/sakaiproject/sakai/pull/13874,https://api.github.com/repos/sakaiproject/sakai
3328392036,Java,Cursor,chore,https://github.com/Maximum3ffort/demo-proj/pull/2,https://api.github.com/repos/Maximum3ffort/demo-proj
3519293618,Java,Cursor,chore,https://github.com/jabrena/wjax25-demos/pull/29,https://api.github.com/repos/jabrena/wjax25-demos
3276775293,Java,Cursor,fix,https://github.com/Bryllebanquil/ForegroundService/pull/8,https://api.github.com/repos/Bryllebanquil/ForegroundService
3502350785,Java,Cursor,chore,https://github.com/kranthikarthan/PE/pull/5,https://api.github.com/repos/kranthikarthan/PE
3525964731,Java,Cursor,chore,https://github.com/Galib-272/CAR-RENTAL-SYSTEM-OOP-Project-Java-/pull/2,https://api.github.com/repos/Galib-272/CAR-RENTAL-SYSTEM-OOP-Project-Java-
3326131730,Java,Cursor,chore,https://github.com/ardeshirayati/CursorRepo-/pull/8,https://api.github.com/repos/ardeshirayati/CursorRepo-
3266475899,Java,Cursor,chore,https://github.com/sushanthkodipyaka/Java-spring-Practice/pull/1,https://api.github.com/repos/sushanthkodipyaka/Java-spring-Practice
3307055751,Java,Cursor,docs,https://github.com/funny-bunny-corp/wallet/pull/11,https://api.github.com/repos/funny-bunny-corp/wallet
3414834153,Java,Cursor,chore,https://github.com/android606/dita-ot/pull/1,https://api.github.com/repos/android606/dita-ot
3190830792,Java,Cursor,feat,https://github.com/aman007j/expense-tracker-docker/pull/1,https://api.github.com/repos/aman007j/expense-tracker-docker
3543784821,Java,Cursor,fix,https://github.com/dormwell/bitlet/pull/2,https://api.github.com/repos/dormwell/bitlet
3544438106,Java,Cursor,docs,https://github.com/before-Sunrise/starrocks/pull/1,https://api.github.com/repos/before-Sunrise/starrocks
3531194735,Java,Cursor,chore,https://github.com/shailajagunti/JDBC/pull/1,https://api.github.com/repos/shailajagunti/JDBC
3343078884,Java,Cursor,chore,https://github.com/Leisson1993/Projeto-spy/pull/1,https://api.github.com/repos/Leisson1993/Projeto-spy
3345674619,Java,Cursor,fix,https://github.com/Sukrisus/Xelo-Client/pull/1,https://api.github.com/repos/Sukrisus/Xelo-Client
3320499409,Java,Cursor,chore,https://github.com/lzt775/leetcode/pull/5,https://api.github.com/repos/lzt775/leetcode
3532220011,Java,Cursor,chore,https://github.com/tanchun04/VaccinationManagementSystem/pull/5,https://api.github.com/repos/tanchun04/VaccinationManagementSystem
3520365912,Java,Cursor,chore,https://github.com/darshanchipade/springboot-SQS-Impl/pull/1,https://api.github.com/repos/darshanchipade/springboot-SQS-Impl
3198873663,Java,Cursor,docs,https://github.com/VinitGurjar/springy/pull/1,https://api.github.com/repos/VinitGurjar/springy
3200214151,Java,Cursor,chore,https://github.com/Deoprag/api_prysme/pull/2,https://api.github.com/repos/Deoprag/api_prysme
3349464010,Java,Cursor,fix,https://github.com/NguyenThanhNhatAnh123/HealthDiary/pull/4,https://api.github.com/repos/NguyenThanhNhatAnh123/HealthDiary
3202181636,Java,Cursor,feat,https://github.com/Mkolhar/LevelUp/pull/2,https://api.github.com/repos/Mkolhar/LevelUp
3412888669,Java,Cursor,chore,https://github.com/Rahul00112233/Hospital-Management-System/pull/1,https://api.github.com/repos/Rahul00112233/Hospital-Management-System
3249353670,Java,Cursor,chore,https://github.com/TheSpectrec/CRASA_BACK/pull/1,https://api.github.com/repos/TheSpectrec/CRASA_BACK
3259472266,Java,Cursor,fix,https://github.com/bumpier/bShop/pull/14,https://api.github.com/repos/bumpier/bShop
3273968738,Java,Cursor,fix,https://github.com/qaliblog/RoboVosk/pull/2,https://api.github.com/repos/qaliblog/RoboVosk
3234041421,Java,Cursor,chore,https://github.com/Prateeksrt/dream-api/pull/3,https://api.github.com/repos/Prateeksrt/dream-api
3460087842,Java,Cursor,chore,https://github.com/w554823429/Demo/pull/3,https://api.github.com/repos/w554823429/Demo
3441036551,Java,Cursor,feat,https://github.com/simbo1905/java.util.json.Java21/pull/52,https://api.github.com/repos/simbo1905/java.util.json.Java21
3378457267,Java,Cursor,chore,https://github.com/swarshah09/foodDeliveryApp/pull/2,https://api.github.com/repos/swarshah09/foodDeliveryApp
3282890830,Java,Cursor,docs,https://github.com/ainory/KafkaStreamsTest/pull/3,https://api.github.com/repos/ainory/KafkaStreamsTest
3512045721,Java,Cursor,chore,https://github.com/gurjarpradhan043/Projects/pull/2,https://api.github.com/repos/gurjarpradhan043/Projects
3313362945,Java,Cursor,chore,https://github.com/erokoder/vodovod/pull/44,https://api.github.com/repos/erokoder/vodovod
3479108869,Java,Cursor,chore,https://github.com/erdprt/miscenallous/pull/1,https://api.github.com/repos/erdprt/miscenallous
3268427843,Java,Cursor,fix,https://github.com/NikitHamal/SlideX/pull/3,https://api.github.com/repos/NikitHamal/SlideX
3484713341,Java,Cursor,chore,https://github.com/jabrena/dvbe25-demos/pull/38,https://api.github.com/repos/jabrena/dvbe25-demos
3301678566,Java,Cursor,chore,https://github.com/iFleetwood/UHC/pull/3,https://api.github.com/repos/iFleetwood/UHC
3267496998,Java,Cursor,fix,https://github.com/ihsanosmanoglu/EECS3311_Group_Alpha/pull/11,https://api.github.com/repos/ihsanosmanoglu/EECS3311_Group_Alpha
3501372741,Java,Cursor,chore,https://github.com/Srujankatukam/new/pull/1,https://api.github.com/repos/Srujankatukam/new
3462160378,Java,Cursor,fix,https://github.com/lennytmp/german_club/pull/43,https://api.github.com/repos/lennytmp/german_club
3515442677,Java,Cursor,feat,https://github.com/jamiewannenburg/uacalcsrc/pull/8,https://api.github.com/repos/jamiewannenburg/uacalcsrc
3550512400,Java,Cursor,chore,https://github.com/MostafaAtta/MyApp/pull/2,https://api.github.com/repos/MostafaAtta/MyApp
3543240888,Java,Cursor,chore,https://github.com/avalonyzhily/code-study/pull/1,https://api.github.com/repos/avalonyzhily/code-study
3405118430,Java,Cursor,chore,https://github.com/mayankdabhi-a11y/selenium-automation/pull/3,https://api.github.com/repos/mayankdabhi-a11y/selenium-automation
3317651687,Java,Cursor,chore,https://github.com/SHIVAWD93/automation-dashboard-service/pull/16,https://api.github.com/repos/SHIVAWD93/automation-dashboard-service
3348126046,Java,Cursor,chore,https://github.com/Renzhenderen/Test111/pull/3,https://api.github.com/repos/Renzhenderen/Test111
3462343961,Java,Cursor,feat,https://github.com/lennytmp/german_club/pull/45,https://api.github.com/repos/lennytmp/german_club
3253452112,Java,Cursor,chore,https://github.com/MohdSaif72/Spring-boot/pull/3,https://api.github.com/repos/MohdSaif72/Spring-boot
3322264010,Java,Cursor,chore,https://github.com/Hasnat5502/carbonfootprint/pull/2,https://api.github.com/repos/Hasnat5502/carbonfootprint
3420149012,Java,Cursor,chore,https://github.com/maxdos28/docker-demo-java-tomcat/pull/2,https://api.github.com/repos/maxdos28/docker-demo-java-tomcat
3543243121,Java,Cursor,chore,https://github.com/Avi9151/e-commerce-api/pull/2,https://api.github.com/repos/Avi9151/e-commerce-api
3346461846,Java,Cursor,chore,https://github.com/datahub-project/datahub/pull/14550,https://api.github.com/repos/datahub-project/datahub
3397411766,Java,Cursor,chore,https://github.com/lingkong11/contact-center/pull/1,https://api.github.com/repos/lingkong11/contact-center
3530279516,Java,Cursor,chore,https://github.com/Roopa1-p/Employee-Payroll-/pull/1,https://api.github.com/repos/Roopa1-p/Employee-Payroll-
3305095856,Java,Cursor,fix,https://github.com/sanketwarule/zebra_scanner_plugin/pull/9,https://api.github.com/repos/sanketwarule/zebra_scanner_plugin
3285550188,Java,Cursor,chore,https://github.com/lzt775/leetcode/pull/2,https://api.github.com/repos/lzt775/leetcode
3535326225,Java,Cursor,fix,https://github.com/elihaidv/kosherTelegram/pull/3,https://api.github.com/repos/elihaidv/kosherTelegram
3549099636,Java,Cursor,chore,https://github.com/gatsby6060/team3jgh/pull/5,https://api.github.com/repos/gatsby6060/team3jgh
3322706891,Java,Cursor,chore,https://github.com/lolo16cm/packinglist/pull/41,https://api.github.com/repos/lolo16cm/packinglist
3545788915,Java,Cursor,feat,https://github.com/annujames123455/CollegeEventApp/pull/4,https://api.github.com/repos/annujames123455/CollegeEventApp
3438474905,Java,Cursor,feat,https://github.com/lennytmp/german_club/pull/16,https://api.github.com/repos/lennytmp/german_club
3509734346,Java,Cursor,chore,https://github.com/thongdat/md4/pull/1,https://api.github.com/repos/thongdat/md4
3287164998,Java,Cursor,fix,https://github.com/hieuder/windcore/pull/2,https://api.github.com/repos/hieuder/windcore
3303938914,Java,Cursor,chore,https://github.com/Clemdlc1/PrisonTycoon/pull/3,https://api.github.com/repos/Clemdlc1/PrisonTycoon
3306791490,Java,Cursor,chore,https://github.com/VistorRang/Webview/pull/1,https://api.github.com/repos/VistorRang/Webview
3521656516,Java,Cursor,chore,https://github.com/alicetreesa/JAVA/pull/1,https://api.github.com/repos/alicetreesa/JAVA
3511964982,Java,Cursor,chore,https://github.com/ColinRitman/xfg-android-miner/pull/4,https://api.github.com/repos/ColinRitman/xfg-android-miner
3259947208,Java,Cursor,docs,https://github.com/StarRocks/starrocks/pull/61248,https://api.github.com/repos/StarRocks/starrocks
3293121803,Java,Cursor,chore,https://github.com/SharvilDhumal/GrafanaAutoBuilder/pull/1,https://api.github.com/repos/SharvilDhumal/GrafanaAutoBuilder
3276192914,Java,Cursor,chore,https://github.com/badhusha-dev/SmartOutlet-POS/pull/30,https://api.github.com/repos/badhusha-dev/SmartOutlet-POS
3307634527,Java,Cursor,fix,https://github.com/Xelo-Client/Xelo-Client/pull/1,https://api.github.com/repos/Xelo-Client/Xelo-Client
3343288156,Java,Cursor,chore,https://github.com/SPORK-3196/SPORK_2025_Reefscape/pull/3,https://api.github.com/repos/SPORK-3196/SPORK_2025_Reefscape
3265835305,Java,Cursor,chore,https://github.com/aledelling/GestorTaller/pull/3,https://api.github.com/repos/aledelling/GestorTaller
3448910333,Java,Cursor,chore,https://github.com/StarRocks/starrocks/pull/63521,https://api.github.com/repos/StarRocks/starrocks
3345490028,Java,Cursor,chore,https://github.com/8rikitikitavi8/ibmUniversalAdapter/pull/1,https://api.github.com/repos/8rikitikitavi8/ibmUniversalAdapter
3309120621,Java,Cursor,chore,https://github.com/jesscortes3005/Hydraware/pull/2,https://api.github.com/repos/jesscortes3005/Hydraware
3299795075,Java,Cursor,chore,https://github.com/abhay01011995/Daily-Spend/pull/3,https://api.github.com/repos/abhay01011995/Daily-Spend
3505644381,Java,Cursor,fix,https://github.com/StarRocks/starrocks/pull/63926,https://api.github.com/repos/StarRocks/starrocks
3259113734,Java,Cursor,fix,https://github.com/bumpier/bShop/pull/3,https://api.github.com/repos/bumpier/bShop
3460222461,Java,Cursor,chore,https://github.com/ellie1sh/iSLUportalVersion07/pull/6,https://api.github.com/repos/ellie1sh/iSLUportalVersion07
3229655445,Java,Cursor,chore,https://github.com/ayerswj/meeting-of-minds/pull/15,https://api.github.com/repos/ayerswj/meeting-of-minds
3441158908,Java,Cursor,fix,https://github.com/simbo1905/java.util.json.Java21/pull/54,https://api.github.com/repos/simbo1905/java.util.json.Java21
3483574774,Java,Cursor,chore,https://github.com/jabrena/cis-194/pull/33,https://api.github.com/repos/jabrena/cis-194
3249139178,Java,Cursor,chore,https://github.com/sonvq-enryu/sqlite-java/pull/1,https://api.github.com/repos/sonvq-enryu/sqlite-java
3425024485,Java,Cursor,chore,https://github.com/kaccccco/ec/pull/4,https://api.github.com/repos/kaccccco/ec
3367417835,Java,Cursor,fix,https://github.com/knowch1k/hitbox-gui-fabric/pull/2,https://api.github.com/repos/knowch1k/hitbox-gui-fabric
3261334081,Java,Cursor,fix,https://github.com/Disa44ay/player_lagbe_app/pull/3,https://api.github.com/repos/Disa44ay/player_lagbe_app
3530177464,Java,Cursor,chore,https://github.com/srkabane/Hellomaven/pull/1,https://api.github.com/repos/srkabane/Hellomaven
3328570538,Java,Cursor,feat,https://github.com/stephen2000pog/taskConnect/pull/1,https://api.github.com/repos/stephen2000pog/taskConnect
3291417594,Java,Cursor,chore,https://github.com/lzhgodlike/sky-take-out/pull/2,https://api.github.com/repos/lzhgodlike/sky-take-out
3201147709,Java,Cursor,fix,https://github.com/fulltimefarmer/minicms/pull/2,https://api.github.com/repos/fulltimefarmer/minicms
3204333321,Java,Cursor,chore,https://github.com/hanelalo/db-monitor/pull/4,https://api.github.com/repos/hanelalo/db-monitor
3232695881,Java,Cursor,feat,https://github.com/Yashwanth-88/LinkNest/pull/1,https://api.github.com/repos/Yashwanth-88/LinkNest
3507811556,Java,Cursor,fix,https://github.com/vuminhkhang2005/Web_Category/pull/11,https://api.github.com/repos/vuminhkhang2005/Web_Category
3512039189,Java,Cursor,chore,https://github.com/gurjarpradhan043/Projects/pull/1,https://api.github.com/repos/gurjarpradhan043/Projects
3199957247,Java,Cursor,chore,https://github.com/kongshine/stock-tool/pull/2,https://api.github.com/repos/kongshine/stock-tool
3506669386,Java,Cursor,chore,https://github.com/ellie1sh/MidtermExercise1_PolynomialArithmeticProject_DataStructures/pull/1,https://api.github.com/repos/ellie1sh/MidtermExercise1_PolynomialArithmeticProject_DataStructures
3462104465,Java,Cursor,chore,https://github.com/ellie1sh/iSLUportalVersion08/pull/4,https://api.github.com/repos/ellie1sh/iSLUportalVersion08
3324313949,Java,Cursor,chore,https://github.com/viet0508/demoA12/pull/2,https://api.github.com/repos/viet0508/demoA12
3315851622,Java,Cursor,chore,https://github.com/Tuananh464900/OOP_N02_T3_2_2025_Group1/pull/3,https://api.github.com/repos/Tuananh464900/OOP_N02_T3_2_2025_Group1
3521419068,Java,Cursor,fix,https://github.com/cby0310/epic/pull/1,https://api.github.com/repos/cby0310/epic
3252624227,Java,Cursor,chore,https://github.com/MohdSaif72/Spring-boot/pull/2,https://api.github.com/repos/MohdSaif72/Spring-boot
3247285119,Java,Cursor,chore,https://github.com/SVAdithya/azure-demo/pull/22,https://api.github.com/repos/SVAdithya/azure-demo
3444626304,Java,Cursor,chore,https://github.com/Carton/android-breakout/pull/1,https://api.github.com/repos/Carton/android-breakout
3224380158,Java,Cursor,chore,https://github.com/zoyaumar/ColorCompare/pull/3,https://api.github.com/repos/zoyaumar/ColorCompare
3494613590,Java,Cursor,chore,https://github.com/SpencerMSU/SecretProject/pull/8,https://api.github.com/repos/SpencerMSU/SecretProject
3194951033,Java,Cursor,docs,https://github.com/chernistry/tabularasa-bi-core/pull/4,https://api.github.com/repos/chernistry/tabularasa-bi-core
3287275039,Java,Cursor,chore,https://github.com/Javid5073-ece/BankingApp-/pull/2,https://api.github.com/repos/Javid5073-ece/BankingApp-
3363530306,Java,Cursor,chore,https://github.com/StarRocks/starrocks/pull/62481,https://api.github.com/repos/StarRocks/starrocks
3549327073,Java,Cursor,chore,https://github.com/madhurisurampudi/2coms/pull/2,https://api.github.com/repos/madhurisurampudi/2coms
3295865674,Java,Cursor,chore,https://github.com/kandukooriniharika/project_module/pull/5,https://api.github.com/repos/kandukooriniharika/project_module
3516219905,Java,Cursor,chore,https://github.com/hellobenp10/java/pull/1,https://api.github.com/repos/hellobenp10/java
3504342660,Java,Cursor,chore,https://github.com/mohamed857/spring_security_demo/pull/1,https://api.github.com/repos/mohamed857/spring_security_demo
3508717900,Java,Cursor,feat,https://github.com/vuminhkhang2005/project_web/pull/2,https://api.github.com/repos/vuminhkhang2005/project_web
3205119231,Java,Cursor,chore,https://github.com/fareed971/microservice-crud/pull/1,https://api.github.com/repos/fareed971/microservice-crud
3327973693,Java,Cursor,docs,https://github.com/TheTejaswiRai/Radiology/pull/1,https://api.github.com/repos/TheTejaswiRai/Radiology
3326085838,Java,Cursor,chore,https://github.com/SAADEL9/jobRecommandationFinal/pull/1,https://api.github.com/repos/SAADEL9/jobRecommandationFinal
3547516206,Java,Cursor,chore,https://github.com/Sagar-N-Mutalik/AI-powered-quiz-generator/pull/2,https://api.github.com/repos/Sagar-N-Mutalik/AI-powered-quiz-generator
3215779437,Java,Cursor,feat,https://github.com/dbbaskette/ragui/pull/7,https://api.github.com/repos/dbbaskette/ragui
3342119213,Java,Cursor,chore,https://github.com/Ravinnpawar/ANDROIDMVVM/pull/9,https://api.github.com/repos/Ravinnpawar/ANDROIDMVVM
3446374293,Java,Cursor,chore,https://github.com/FarmVivi/Fluxcord/pull/471,https://api.github.com/repos/FarmVivi/Fluxcord
3324565883,Java,Cursor,chore,https://github.com/Kkcode2100/intance-tab-a/pull/2,https://api.github.com/repos/Kkcode2100/intance-tab-a
3528260044,Java,Cursor,chore,https://github.com/damntrust/java/pull/4,https://api.github.com/repos/damntrust/java
3498332550,Java,Cursor,fix,https://github.com/zwffff/yabeBlog/pull/2,https://api.github.com/repos/zwffff/yabeBlog
3308178765,Java,Cursor,fix,https://github.com/robertsn808/Seller/pull/5,https://api.github.com/repos/robertsn808/Seller
3275074753,Java,Cursor,docs,https://github.com/masonbae/java_projects/pull/2,https://api.github.com/repos/masonbae/java_projects
3532637690,Java,Cursor,chore,https://github.com/dev-ricks/FleetOps-API/pull/4,https://api.github.com/repos/dev-ricks/FleetOps-API
3275459809,Java,Cursor,fix,https://github.com/badhusha-dev/SmartOutlet-POS/pull/19,https://api.github.com/repos/badhusha-dev/SmartOutlet-POS
3357008648,Java,Cursor,chore,https://github.com/behking/My../pull/3,https://api.github.com/repos/behking/My..
3475593978,Java,Cursor,chore,https://github.com/rainco77/evochora/pull/14,https://api.github.com/repos/rainco77/evochora
3354384104,Java,Cursor,chore,https://github.com/Amritpani00/Where-is-my-train/pull/1,https://api.github.com/repos/Amritpani00/Where-is-my-train
3452653997,Java,Cursor,chore,https://github.com/ellie1sh/iSLUportalVersion003/pull/4,https://api.github.com/repos/ellie1sh/iSLUportalVersion003
3535275021,Java,Cursor,docs,https://github.com/hellow-world-collab/AutoCodeComplement/pull/8,https://api.github.com/repos/hellow-world-collab/AutoCodeComplement
3262763746,Java,Cursor,fix,https://github.com/7820988888/android-malicious-link-detector/pull/1,https://api.github.com/repos/7820988888/android-malicious-link-detector
3507796194,Java,Cursor,fix,https://github.com/Nehakatara16/hospital_mangaement_system/pull/2,https://api.github.com/repos/Nehakatara16/hospital_mangaement_system
3503067064,Java,Cursor,chore,https://github.com/sahil-shv/Java-Project/pull/3,https://api.github.com/repos/sahil-shv/Java-Project
3204847097,Java,Cursor,chore,https://github.com/3brazek234/YummyRecipes/pull/1,https://api.github.com/repos/3brazek234/YummyRecipes
3347981758,Java,Cursor,chore,https://github.com/Renzhenderen/Test111/pull/2,https://api.github.com/repos/Renzhenderen/Test111
3273926481,Java,Cursor,chore,https://github.com/qaliblog/RoboVosk/pull/1,https://api.github.com/repos/qaliblog/RoboVosk
3215430516,Java,Cursor,chore,https://github.com/utariyld/Project-PBO/pull/2,https://api.github.com/repos/utariyld/Project-PBO
3490198010,Java,Cursor,chore,https://github.com/silehacks/NISIRCOP/pull/17,https://api.github.com/repos/silehacks/NISIRCOP
3328395769,Java,Cursor,chore,https://github.com/alan-am/rsa-SecureTxt/pull/1,https://api.github.com/repos/alan-am/rsa-SecureTxt
3459581709,Java,Cursor,chore,https://github.com/ellie1sh/iSLUportalVersion05/pull/4,https://api.github.com/repos/ellie1sh/iSLUportalVersion05
3261225601,Java,Cursor,chore,https://github.com/Disa44ay/player_lagbe_app/pull/2,https://api.github.com/repos/Disa44ay/player_lagbe_app
3325273318,Java,Cursor,chore,https://github.com/rcbiscuitsbelfast-prog/K-pop-monster-Hunter/pull/2,https://api.github.com/repos/rcbiscuitsbelfast-prog/K-pop-monster-Hunter
3313248459,Java,Cursor,docs,https://github.com/Sukrisus/Axion-Launcher/pull/2,https://api.github.com/repos/Sukrisus/Axion-Launcher
3231076190,Java,Cursor,chore,https://github.com/xieyuhui728/spring-framework/pull/2,https://api.github.com/repos/xieyuhui728/spring-framework
3549565361,Java,Cursor,fix,https://github.com/lebeaprince/quotationManagement/pull/6,https://api.github.com/repos/lebeaprince/quotationManagement
3497024023,Java,Cursor,chore,https://github.com/JhonataRosa/Gigger/pull/1,https://api.github.com/repos/JhonataRosa/Gigger
3207044337,Java,Cursor,feat,https://github.com/jabrena/cursor-rules-java/pull/137,https://api.github.com/repos/jabrena/cursor-rules-java
3370608837,Java,Cursor,chore,https://github.com/pro101safety/papera/pull/4,https://api.github.com/repos/pro101safety/papera
3421612175,Java,Cursor,chore,https://github.com/gowtham01rajts-ops/java-secret/pull/1,https://api.github.com/repos/gowtham01rajts-ops/java-secret
3319739393,Java,Cursor,chore,https://github.com/Nihan2609/Street-Fighter-Game/pull/1,https://api.github.com/repos/Nihan2609/Street-Fighter-Game
3353060572,Java,Cursor,chore,https://github.com/kripo4/OtherLeavesCore/pull/1,https://api.github.com/repos/kripo4/OtherLeavesCore
3532038727,Java,Cursor,chore,https://github.com/trinhdinhvu2312/Android_App_Advance/pull/1,https://api.github.com/repos/trinhdinhvu2312/Android_App_Advance
3459933720,Java,Cursor,chore,https://github.com/ellie1sh/iSLUportalVersion06/pull/2,https://api.github.com/repos/ellie1sh/iSLUportalVersion06
3252930701,Java,Cursor,chore,https://github.com/Douaa20003/doctorsys/pull/1,https://api.github.com/repos/Douaa20003/doctorsys
3273666280,Java,Cursor,fix,https://github.com/NikitHamal/PdfAI/pull/13,https://api.github.com/repos/NikitHamal/PdfAI
3195627740,Java,Cursor,docs,https://github.com/DEBAGanov/PizzaNat/pull/1,https://api.github.com/repos/DEBAGanov/PizzaNat
3413266100,Java,Cursor,chore,https://github.com/Sukrisus/Axion-Launcher/pull/5,https://api.github.com/repos/Sukrisus/Axion-Launcher
3459976619,Java,Cursor,chore,https://github.com/ellie1sh/iSLUportalVersion06/pull/5,https://api.github.com/repos/ellie1sh/iSLUportalVersion06
3317247795,Java,Cursor,chore,https://github.com/Atupe29/4ElementSfotch/pull/1,https://api.github.com/repos/Atupe29/4ElementSfotch
3490570518,Java,Cursor,chore,https://github.com/jabrena/dvbe25-demos/pull/68,https://api.github.com/repos/jabrena/dvbe25-demos
3460086655,Java,Cursor,chore,https://github.com/w554823429/Demo/pull/1,https://api.github.com/repos/w554823429/Demo
3529064973,Java,Cursor,fix,https://github.com/NadaZirari/Gestion_banque_sang/pull/4,https://api.github.com/repos/NadaZirari/Gestion_banque_sang
3321698726,Java,Cursor,fix,https://github.com/playcdu/Mine-And-Slash-Rework/pull/2,https://api.github.com/repos/playcdu/Mine-And-Slash-Rework
3237561215,Java,Cursor,chore,https://github.com/Novi-ui/hole-in-the-wall-mcc-island/pull/1,https://api.github.com/repos/Novi-ui/hole-in-the-wall-mcc-island
3215634698,Java,Cursor,fix,https://github.com/fulltimefarmer/minicms/pull/30,https://api.github.com/repos/fulltimefarmer/minicms
3490747400,Java,Cursor,fix,https://github.com/SergeyUr/AndriodJetpack_Room/pull/2,https://api.github.com/repos/SergeyUr/AndriodJetpack_Room
3221198969,Java,Cursor,chore,https://github.com/weeksling/brain-heart-health-tracker/pull/12,https://api.github.com/repos/weeksling/brain-heart-health-tracker
3214060917,Java,Cursor,chore,https://github.com/fulltimefarmer/minicms/pull/27,https://api.github.com/repos/fulltimefarmer/minicms
3306119962,Java,Cursor,chore,https://github.com/erokoder/vodovod/pull/7,https://api.github.com/repos/erokoder/vodovod
3327159916,Java,Cursor,chore,https://github.com/rcbiscuitsbelfast-prog/K-pop-monster-Hunter/pull/5,https://api.github.com/repos/rcbiscuitsbelfast-prog/K-pop-monster-Hunter
3514599747,Java,Cursor,fix,https://github.com/nolaurence/java-manus/pull/3,https://api.github.com/repos/nolaurence/java-manus
3384739197,Java,Cursor,fix,https://github.com/anuragg-saxenaa/spring-boot-product-api/pull/1,https://api.github.com/repos/anuragg-saxenaa/spring-boot-product-api
3390725125,Java,Cursor,chore,https://github.com/mithilesh09-leap/Healthcare-Management-System/pull/1,https://api.github.com/repos/mithilesh09-leap/Healthcare-Management-System
3234379946,Java,Cursor,fix,https://github.com/DONNHER/UniVet/pull/5,https://api.github.com/repos/DONNHER/UniVet
3326905221,Java,Cursor,chore,https://github.com/worjava/banking-api/pull/1,https://api.github.com/repos/worjava/banking-api
3541529509,Java,Cursor,chore,https://github.com/JonathanRentoft/Bookshelf/pull/1,https://api.github.com/repos/JonathanRentoft/Bookshelf
3306160618,Java,Cursor,fix,https://github.com/erokoder/vodovod/pull/16,https://api.github.com/repos/erokoder/vodovod
3409272784,Java,Cursor,docs,https://github.com/kayufok/flowstep-framework/pull/2,https://api.github.com/repos/kayufok/flowstep-framework
3288734608,Java,Cursor,chore,https://github.com/sharan9611/hello-world/pull/1,https://api.github.com/repos/sharan9611/hello-world
3419003866,Java,Cursor,docs,https://github.com/jabrena/cursor-rules-java/pull/322,https://api.github.com/repos/jabrena/cursor-rules-java
3349473394,Java,Cursor,chore,https://github.com/KartikZurale/CodSoft/pull/1,https://api.github.com/repos/KartikZurale/CodSoft
3507771020,Java,Cursor,fix,https://github.com/vuminhkhang2005/Web_Category/pull/7,https://api.github.com/repos/vuminhkhang2005/Web_Category
3545489982,Java,Cursor,chore,https://github.com/ninkileria/test/pull/1,https://api.github.com/repos/ninkileria/test
3219244264,Java,Cursor,fix,https://github.com/fulltimefarmer/minicms/pull/38,https://api.github.com/repos/fulltimefarmer/minicms
3507275895,Java,Cursor,feat,https://github.com/Olenchenko1212/appliance-store/pull/1,https://api.github.com/repos/Olenchenko1212/appliance-store
3280746821,Java,Cursor,chore,https://github.com/lolo16cm/packinglist/pull/28,https://api.github.com/repos/lolo16cm/packinglist
3406570802,Java,Cursor,chore,https://github.com/ellie1sh/iSluStudentPortal/pull/6,https://api.github.com/repos/ellie1sh/iSluStudentPortal
3504708694,Java,Cursor,chore,https://github.com/Dudekula-Raja/Java-/pull/1,https://api.github.com/repos/Dudekula-Raja/Java-
3324084656,Java,Cursor,chore,https://github.com/TheSpectrec/CRASA_BACK/pull/2,https://api.github.com/repos/TheSpectrec/CRASA_BACK
3283372867,Java,Cursor,fix,https://github.com/lordmonaliza/MaGram-dev-test2/pull/3,https://api.github.com/repos/lordmonaliza/MaGram-dev-test2
3314222449,Java,Cursor,fix,https://github.com/CarlosASM2001/compilador_proyecto/pull/6,https://api.github.com/repos/CarlosASM2001/compilador_proyecto
3275923831,Java,Cursor,chore,https://github.com/heguoping1021/hgp/pull/2,https://api.github.com/repos/heguoping1021/hgp
3505481510,Java,Cursor,chore,https://github.com/dauryen/restexample/pull/1,https://api.github.com/repos/dauryen/restexample
3329049073,Java,Cursor,chore,https://github.com/fieu1997/CLIENT/pull/7,https://api.github.com/repos/fieu1997/CLIENT
3517980197,Java,Cursor,chore,https://github.com/Mokshagnya-MR/Plagiarism-Project/pull/5,https://api.github.com/repos/Mokshagnya-MR/Plagiarism-Project
3305478199,Java,Cursor,chore,https://github.com/a-fabio/spring-poc/pull/3,https://api.github.com/repos/a-fabio/spring-poc
3247169152,Java,Cursor,chore,https://github.com/Nero811/SideProject/pull/1,https://api.github.com/repos/Nero811/SideProject
3529184131,Java,Cursor,chore,https://github.com/Ashevan-02/AgasaroAmanda/pull/2,https://api.github.com/repos/Ashevan-02/AgasaroAmanda
3327105759,Java,Cursor,chore,https://github.com/jamoamo/WebJourney/pull/84,https://api.github.com/repos/jamoamo/WebJourney
3348885839,Java,Cursor,chore,https://github.com/WinDanesz/AncientSpellcraft/pull/278,https://api.github.com/repos/WinDanesz/AncientSpellcraft
3215758854,Java,Cursor,fix,https://github.com/fulltimefarmer/minicms/pull/33,https://api.github.com/repos/fulltimefarmer/minicms
3322177951,Java,Cursor,chore,https://github.com/naveenkavuri1-commits/cal-app/pull/1,https://api.github.com/repos/naveenkavuri1-commits/cal-app
3539471533,Java,Cursor,chore,https://github.com/KimGyeong/ticket-simulation/pull/1,https://api.github.com/repos/KimGyeong/ticket-simulation
3357203635,Java,Cursor,chore,https://github.com/emmerichdev/Duels/pull/2,https://api.github.com/repos/emmerichdev/Duels
3362701189,Java,Cursor,chore,https://github.com/Mosaict/Mosaict-android/pull/2,https://api.github.com/repos/Mosaict/Mosaict-android
3481224925,Java,Cursor,fix,https://github.com/szaffarano/advent-of-code/pull/33,https://api.github.com/repos/szaffarano/advent-of-code
3431449349,Java,Cursor,chore,https://github.com/kayufok/flowstep-framework/pull/14,https://api.github.com/repos/kayufok/flowstep-framework
3295584738,Java,Cursor,chore,https://github.com/pdp3012/bikin-repository/pull/6,https://api.github.com/repos/pdp3012/bikin-repository
3267027560,Java,Cursor,chore,https://github.com/KOLOBOK163/note-manager/pull/1,https://api.github.com/repos/KOLOBOK163/note-manager
3460061873,Java,Cursor,feat,https://github.com/AllFiRE0/betteranvils/pull/1,https://api.github.com/repos/AllFiRE0/betteranvils
3211844599,Java,Cursor,chore,https://github.com/jabrena/cursor-rules-java/pull/159,https://api.github.com/repos/jabrena/cursor-rules-java
3455711452,Java,Cursor,chore,https://github.com/wzy13363448722/wzyRRRR/pull/3,https://api.github.com/repos/wzy13363448722/wzyRRRR
3352391215,Java,Cursor,chore,https://github.com/Lozaine/ResourceWorldResetter-v3.0.0/pull/3,https://api.github.com/repos/Lozaine/ResourceWorldResetter-v3.0.0
3353732973,Java,Cursor,chore,https://github.com/likeruoyun/helloworld/pull/1,https://api.github.com/repos/likeruoyun/helloworld
3528258959,Java,Cursor,chore,https://github.com/damntrust/java/pull/3,https://api.github.com/repos/damntrust/java
3243484217,Java,Cursor,fix,https://github.com/Novi-ui/MCCI-Enchanted/pull/6,https://api.github.com/repos/Novi-ui/MCCI-Enchanted
3286605908,Java,Cursor,chore,https://github.com/xxiaomm/Account-System/pull/2,https://api.github.com/repos/xxiaomm/Account-System
3295895059,Java,Cursor,chore,https://github.com/coder-fast/SbRemake/pull/1,https://api.github.com/repos/coder-fast/SbRemake
3370987587,Java,Cursor,fix,https://github.com/InomcShyn/PWork/pull/1,https://api.github.com/repos/InomcShyn/PWork
3551233004,Java,Cursor,chore,https://github.com/codesapienbe/spring-vision/pull/39,https://api.github.com/repos/codesapienbe/spring-vision
3263466482,Java,Cursor,chore,https://github.com/swarajJavaDev/project_1/pull/1,https://api.github.com/repos/swarajJavaDev/project_1
3331984829,Java,Cursor,fix,https://github.com/shiwanisingh31/retail-management/pull/3,https://api.github.com/repos/shiwanisingh31/retail-management
3481347209,Java,Cursor,chore,https://github.com/lennytmp/german_club/pull/49,https://api.github.com/repos/lennytmp/german_club
3281242060,Java,Cursor,fix,https://github.com/Achuth568/Blog-Application/pull/1,https://api.github.com/repos/Achuth568/Blog-Application
3326566091,Java,Cursor,chore,https://github.com/rcbiscuitsbelfast-prog/K-pop-monster-Hunter/pull/4,https://api.github.com/repos/rcbiscuitsbelfast-prog/K-pop-monster-Hunter
3415249550,Java,Cursor,chore,https://github.com/ellie1sh/iSLUportal/pull/24,https://api.github.com/repos/ellie1sh/iSLUportal
3264040401,Java,Cursor,fix,https://github.com/TranDangMinhQuan/CMS-main/pull/4,https://api.github.com/repos/TranDangMinhQuan/CMS-main
3415064452,Java,Cursor,chore,https://github.com/ellie1sh/iSLUportal/pull/7,https://api.github.com/repos/ellie1sh/iSLUportal
3207062310,Java,Cursor,docs,https://github.com/jabrena/cursor-rules-java/pull/138,https://api.github.com/repos/jabrena/cursor-rules-java
3429577668,Java,Cursor,feat,https://github.com/SHIVAWD93/automation-dashboard-service/pull/24,https://api.github.com/repos/SHIVAWD93/automation-dashboard-service
3340258061,Java,Cursor,docs,https://github.com/miguelashdez/backend-ninja/pull/1,https://api.github.com/repos/miguelashdez/backend-ninja
3453172111,Java,Cursor,chore,https://github.com/ellie1sh/iSLUportalVersion003/pull/22,https://api.github.com/repos/ellie1sh/iSLUportalVersion003
3515268596,Java,Cursor,chore,https://github.com/Petru-dip/Android-ApK-for-money-management/pull/2,https://api.github.com/repos/Petru-dip/Android-ApK-for-money-management
3360494909,Java,Cursor,chore,https://github.com/tingtingtong/hello-world/pull/3,https://api.github.com/repos/tingtingtong/hello-world
3273164869,Java,Cursor,chore,https://github.com/YashGore018/blackcoffer/pull/1,https://api.github.com/repos/YashGore018/blackcoffer
3296049813,Java,Cursor,chore,https://github.com/jhamanish/manish/pull/2,https://api.github.com/repos/jhamanish/manish
3193878135,Java,Cursor,chore,https://github.com/teja230/shopgauge/pull/6,https://api.github.com/repos/teja230/shopgauge
3404681373,Java,Cursor,chore,https://github.com/MaheshGuptak1/Tcs-final/pull/2,https://api.github.com/repos/MaheshGuptak1/Tcs-final
3277042522,Java,Cursor,chore,https://github.com/Bryllebanquil/ForegroundService/pull/9,https://api.github.com/repos/Bryllebanquil/ForegroundService
3524841246,Java,Cursor,chore,https://github.com/Mokshagnya-MR/Plagiarism-Project/pull/6,https://api.github.com/repos/Mokshagnya-MR/Plagiarism-Project
3270540911,Java,Cursor,chore,https://github.com/Anils117/GroceryManagementApplication/pull/4,https://api.github.com/repos/Anils117/GroceryManagementApplication
3377562244,Java,Cursor,chore,https://github.com/Mehboob-alam1/CallDialer/pull/6,https://api.github.com/repos/Mehboob-alam1/CallDialer
3505543117,Java,Cursor,chore,https://github.com/jabrena/dvbe25-demos/pull/74,https://api.github.com/repos/jabrena/dvbe25-demos
3297093108,Java,Cursor,fix,https://github.com/startope9/services/pull/5,https://api.github.com/repos/startope9/services
3457188261,Java,Cursor,chore,https://github.com/arartawil/AI/pull/1,https://api.github.com/repos/arartawil/AI
3276185879,Java,Cursor,chore,https://github.com/badhusha-dev/SmartOutlet-POS/pull/29,https://api.github.com/repos/badhusha-dev/SmartOutlet-POS
3402336367,Java,Cursor,chore,https://github.com/abdrahmanamr/saheni/pull/1,https://api.github.com/repos/abdrahmanamr/saheni
3512561818,Java,Cursor,chore,https://github.com/PRATIKSK7/projects/pull/1,https://api.github.com/repos/PRATIKSK7/projects
3324250527,Java,Cursor,chore,https://github.com/StarRocks/starrocks/pull/61965,https://api.github.com/repos/StarRocks/starrocks
3547306040,Java,Cursor,chore,https://github.com/acceldata-io/tez/pull/44,https://api.github.com/repos/acceldata-io/tez
3320439572,Java,Cursor,chore,https://github.com/alisen/WheelView/pull/2,https://api.github.com/repos/alisen/WheelView
3307130699,Java,Cursor,chore,https://github.com/pdp3012/bikin-repository/pull/12,https://api.github.com/repos/pdp3012/bikin-repository
3265996891,Java,Cursor,chore,https://github.com/Vijayapardhu/HeySara/pull/4,https://api.github.com/repos/Vijayapardhu/HeySara
3292323102,Java,Cursor,docs,https://github.com/YunaiV/ruoyi-vue-pro/pull/918,https://api.github.com/repos/YunaiV/ruoyi-vue-pro
3282984729,Java,Cursor,fix,https://github.com/jeffreyjose07/scalable-chat-platform/pull/20,https://api.github.com/repos/jeffreyjose07/scalable-chat-platform
3332581681,Java,Cursor,fix,https://github.com/MovieAddict88/Movie-Gen/pull/1,https://api.github.com/repos/MovieAddict88/Movie-Gen
3505097014,Java,Cursor,docs,https://github.com/RaymondChina/aliyun-tablestore-big-cell-example/pull/1,https://api.github.com/repos/RaymondChina/aliyun-tablestore-big-cell-example
3517875561,Java,Cursor,chore,https://github.com/uiyjthguiyjtyh-cpu/deneme/pull/2,https://api.github.com/repos/uiyjthguiyjtyh-cpu/deneme
3515154370,Java,Cursor,chore,https://github.com/hediloup/medhead/pull/1,https://api.github.com/repos/hediloup/medhead
3528277385,Java,Cursor,chore,https://github.com/Spica910/tabcontrol/pull/2,https://api.github.com/repos/Spica910/tabcontrol
3329863834,Java,Cursor,chore,https://github.com/Leibnizhu/AdPluto/pull/6,https://api.github.com/repos/Leibnizhu/AdPluto
3344149827,Java,Cursor,chore,https://github.com/gautam882/java_program/pull/2,https://api.github.com/repos/gautam882/java_program
3385296836,Java,Cursor,chore,https://github.com/erokoder/vodovod/pull/107,https://api.github.com/repos/erokoder/vodovod
3547371365,Java,Cursor,chore,https://github.com/acceldata-io/tez/pull/45,https://api.github.com/repos/acceldata-io/tez
3307892447,Java,Cursor,chore,https://github.com/CarlosASM2001/generador_tiny/pull/14,https://api.github.com/repos/CarlosASM2001/generador_tiny
3458991754,Java,Cursor,chore,https://github.com/Mashall-Anie/AAD_Project/pull/1,https://api.github.com/repos/Mashall-Anie/AAD_Project
3495085606,Java,Cursor,chore,https://github.com/Sarath1434/Demo1/pull/1,https://api.github.com/repos/Sarath1434/Demo1
3206297325,Java,Cursor,docs,https://github.com/weeksling/brain-heart-health-tracker/pull/10,https://api.github.com/repos/weeksling/brain-heart-health-tracker
3386041465,Java,Cursor,chore,https://github.com/SourceDive/mybatis-learn/pull/1,https://api.github.com/repos/SourceDive/mybatis-learn
3267066642,Java,Cursor,chore,https://github.com/paajnW/Drim-JavaFX-Project/pull/4,https://api.github.com/repos/paajnW/Drim-JavaFX-Project
3199977509,Java,Cursor,chore,https://github.com/lunasaw/gb28181-proxy/pull/40,https://api.github.com/repos/lunasaw/gb28181-proxy
3519631076,Java,Cursor,chore,https://github.com/hellobenp10/java/pull/2,https://api.github.com/repos/hellobenp10/java
3479376156,Java,Cursor,fix,https://github.com/Wbaker7702/bitcoin-wallet/pull/3,https://api.github.com/repos/Wbaker7702/bitcoin-wallet
3263517566,Java,Cursor,fix,https://github.com/DuperKnight/Stoneworks-Chat/pull/1,https://api.github.com/repos/DuperKnight/Stoneworks-Chat
3331616093,Java,Cursor,chore,https://github.com/vinuthnarajesh23-beep/PSVTOJAVA/pull/4,https://api.github.com/repos/vinuthnarajesh23-beep/PSVTOJAVA
3320066645,Java,Cursor,chore,https://github.com/krekeero/Antivirus/pull/3,https://api.github.com/repos/krekeero/Antivirus
3230367550,Java,Cursor,chore,https://github.com/hudsonpedroso/cursor-teste/pull/3,https://api.github.com/repos/hudsonpedroso/cursor-teste
3451824065,Java,Cursor,chore,https://github.com/Vansh-Upadhyay/railse-backend-assignment/pull/2,https://api.github.com/repos/Vansh-Upadhyay/railse-backend-assignment
3312318176,Java,Cursor,chore,https://github.com/CarlosASM2001/compilador_proyecto/pull/2,https://api.github.com/repos/CarlosASM2001/compilador_proyecto
3528476734,Java,Cursor,chore,https://github.com/Basriyet/djdj/pull/3,https://api.github.com/repos/Basriyet/djdj
3504813780,Java,Cursor,chore,https://github.com/wlazlyy/szkolaprojekt1/pull/1,https://api.github.com/repos/wlazlyy/szkolaprojekt1
3288222128,Java,Cursor,feat,https://github.com/ayush-pandey007/Database/pull/3,https://api.github.com/repos/ayush-pandey007/Database
3393618187,Java,Cursor,chore,https://github.com/EEFFRROO/RoomBookingSystem/pull/1,https://api.github.com/repos/EEFFRROO/RoomBookingSystem
3304163360,Java,Cursor,fix,https://github.com/CarlosASM2001/generador_tiny/pull/3,https://api.github.com/repos/CarlosASM2001/generador_tiny
3307579364,Java,Cursor,chore,https://github.com/pdp3012/bikin-repository/pull/15,https://api.github.com/repos/pdp3012/bikin-repository
3285704095,Java,Cursor,chore,https://github.com/vryakafree/cbm/pull/4,https://api.github.com/repos/vryakafree/cbm
3508274482,Java,Cursor,chore,https://github.com/vuminhkhang2005/WebProject/pull/1,https://api.github.com/repos/vuminhkhang2005/WebProject
3391024998,Java,Cursor,chore,https://github.com/chuitang/selenium/pull/14,https://api.github.com/repos/chuitang/selenium
3453090583,Java,Cursor,fix,https://github.com/ellie1sh/iSLUportalVersion003/pull/17,https://api.github.com/repos/ellie1sh/iSLUportalVersion003
3306761395,Java,Cursor,chore,https://github.com/xShakedDev/SavageFactions/pull/1,https://api.github.com/repos/xShakedDev/SavageFactions
3302339417,Java,Cursor,feat,https://github.com/mindaeon/higress-console/pull/1,https://api.github.com/repos/mindaeon/higress-console
3299874936,Java,Cursor,chore,https://github.com/Ruchika2303/4-Balls-Program/pull/1,https://api.github.com/repos/Ruchika2303/4-Balls-Program
3505744986,Java,Cursor,chore,https://github.com/jabrena/dvbe25-demos/pull/84,https://api.github.com/repos/jabrena/dvbe25-demos
3280300304,Java,Cursor,feat,https://github.com/iFleetwood/Practice-3.0/pull/1,https://api.github.com/repos/iFleetwood/Practice-3.0
3274612979,Java,Cursor,chore,https://github.com/ecommerce66/api-gateway/pull/3,https://api.github.com/repos/ecommerce66/api-gateway
3483555590,Java,Cursor,chore,https://github.com/hivijayhere/spring-boot-samples/pull/3,https://api.github.com/repos/hivijayhere/spring-boot-samples
3224500341,Java,Cursor,fix,https://github.com/zoyaumar/ColorCompare/pull/7,https://api.github.com/repos/zoyaumar/ColorCompare
3447256020,Java,Cursor,feat,https://github.com/lewismc/nutch/pull/8,https://api.github.com/repos/lewismc/nutch
3414727674,Java,Cursor,chore,https://github.com/Renzhenderen/Test111/pull/22,https://api.github.com/repos/Renzhenderen/Test111
3275306468,Java,Cursor,docs,https://github.com/datahub-project/datahub/pull/14258,https://api.github.com/repos/datahub-project/datahub
3311925190,Java,Cursor,feat,https://github.com/erokoder/vodovod/pull/32,https://api.github.com/repos/erokoder/vodovod
3313700995,Java,Cursor,docs,https://github.com/rushipawar12/java/pull/2,https://api.github.com/repos/rushipawar12/java
3481567930,Java,Cursor,chore,https://github.com/Teenareddy183/SpringBootapp/pull/2,https://api.github.com/repos/Teenareddy183/SpringBootapp
3325767408,Java,Cursor,fix,https://github.com/Geldishtkm/investment-tracker/pull/1,https://api.github.com/repos/Geldishtkm/investment-tracker
3268518816,Java,Cursor,chore,https://github.com/badhusha-dev/SmartOutlet-POS/pull/16,https://api.github.com/repos/badhusha-dev/SmartOutlet-POS
3360485358,Java,Cursor,chore,https://github.com/tingtingtong/hello-world/pull/1,https://api.github.com/repos/tingtingtong/hello-world
3306518617,Java,Cursor,chore,https://github.com/zeroregard/Ars-Affinity/pull/6,https://api.github.com/repos/zeroregard/Ars-Affinity
3259336322,Java,Cursor,fix,https://github.com/bumpier/bShop/pull/10,https://api.github.com/repos/bumpier/bShop
3320430115,Java,Cursor,chore,https://github.com/Ravinnpawar/ANDROIDMVVM/pull/8,https://api.github.com/repos/Ravinnpawar/ANDROIDMVVM
3514225826,Java,Cursor,chore,https://github.com/jamiewannenburg/uacalcsrc/pull/6,https://api.github.com/repos/jamiewannenburg/uacalcsrc
3428863565,Java,Cursor,chore,https://github.com/Sukrisus/Xelo-Client/pull/8,https://api.github.com/repos/Sukrisus/Xelo-Client
3279511344,Java,Cursor,chore,https://github.com/SHIVAWD93/automation-dashboard-service/pull/11,https://api.github.com/repos/SHIVAWD93/automation-dashboard-service
3304126445,Java,Cursor,fix,https://github.com/CarlosASM2001/generador_tiny/pull/2,https://api.github.com/repos/CarlosASM2001/generador_tiny
3257366768,Java,Cursor,chore,https://github.com/baekchangjoon/VcsStatistics/pull/1,https://api.github.com/repos/baekchangjoon/VcsStatistics
3446333331,Java,Cursor,chore,https://github.com/ytjhtyjty/MysticsPlugin/pull/4,https://api.github.com/repos/ytjhtyjty/MysticsPlugin
3221596985,Java,Cursor,chore,https://github.com/piyushpawar19/Grocery_Management_System/pull/1,https://api.github.com/repos/piyushpawar19/Grocery_Management_System
3483609443,Java,Cursor,chore,https://github.com/piyush1683/TradeStoreApp/pull/1,https://api.github.com/repos/piyush1683/TradeStoreApp
3428248384,Java,Cursor,docs,https://github.com/liud5120/hutool/pull/1,https://api.github.com/repos/liud5120/hutool
3462451440,Java,Cursor,feat,https://github.com/lennytmp/german_club/pull/46,https://api.github.com/repos/lennytmp/german_club
3498714451,Java,Cursor,chore,https://github.com/shreyash0185/CollaborativeTaskTrackingSystemApplication/pull/2,https://api.github.com/repos/shreyash0185/CollaborativeTaskTrackingSystemApplication
3491812069,Java,Cursor,chore,https://github.com/gamingwithjokers34-cloud/smart/pull/1,https://api.github.com/repos/gamingwithjokers34-cloud/smart
3503076158,Java,Cursor,chore,https://github.com/sahil-shv/Java-Project/pull/4,https://api.github.com/repos/sahil-shv/Java-Project
3362775692,Java,Cursor,chore,https://github.com/FacundoSierra/Actividad_sbd/pull/2,https://api.github.com/repos/FacundoSierra/Actividad_sbd
3442820501,Java,Cursor,fix,https://github.com/zeroregard/Ars-Affinity/pull/35,https://api.github.com/repos/zeroregard/Ars-Affinity
3451765599,Java,Cursor,chore,https://github.com/chuitang/selenium/pull/17,https://api.github.com/repos/chuitang/selenium
3443471699,Java,Cursor,fix,https://github.com/FayeSpica/chat-bi-ai-poc/pull/2,https://api.github.com/repos/FayeSpica/chat-bi-ai-poc
3287467872,Java,Cursor,chore,https://github.com/achaturvedi07/Weather_Info/pull/1,https://api.github.com/repos/achaturvedi07/Weather_Info
3546032415,Java,Cursor,fix,https://github.com/elihaidv/kosherTelegram/pull/7,https://api.github.com/repos/elihaidv/kosherTelegram
3339356338,Java,Cursor,fix,https://github.com/acceldata-io/nifi/pull/30,https://api.github.com/repos/acceldata-io/nifi
3348909166,Java,Cursor,chore,https://github.com/HussainAlQurain/kooora/pull/1,https://api.github.com/repos/HussainAlQurain/kooora
3309012575,Java,Cursor,chore,https://github.com/jesscortes3005/Hydraware/pull/1,https://api.github.com/repos/jesscortes3005/Hydraware
3341955305,Java,Cursor,chore,https://github.com/SanjaiOfficial/My-Projects/pull/2,https://api.github.com/repos/SanjaiOfficial/My-Projects
3539123866,Java,Cursor,chore,https://github.com/BloomedRiver/Android-SecureTrack/pull/1,https://api.github.com/repos/BloomedRiver/Android-SecureTrack
3287096127,Java,Cursor,chore,https://github.com/mdmajz/DoseIn/pull/4,https://api.github.com/repos/mdmajz/DoseIn
3388596021,Java,Cursor,chore,https://github.com/swapnilsharma102004/CampusEventManagement-Assignment/pull/1,https://api.github.com/repos/swapnilsharma102004/CampusEventManagement-Assignment
3266830827,Java,Cursor,chore,https://github.com/swarajJavaDev/project_1/pull/2,https://api.github.com/repos/swarajJavaDev/project_1
3446625836,Java,Cursor,docs,https://github.com/FarmVivi/Fluxcord/pull/476,https://api.github.com/repos/FarmVivi/Fluxcord
3415599733,Java,Cursor,chore,https://github.com/zeroregard/Ars-Affinity/pull/33,https://api.github.com/repos/zeroregard/Ars-Affinity
3308811352,Java,Cursor,feat,https://github.com/StarRocks/starrocks/pull/61781,https://api.github.com/repos/StarRocks/starrocks
3313228256,Java,Cursor,chore,https://github.com/amangera1/Java_Assignment/pull/1,https://api.github.com/repos/amangera1/Java_Assignment
3325931023,Java,Cursor,chore,https://github.com/KushalSetty28/javathroughdsa/pull/1,https://api.github.com/repos/KushalSetty28/javathroughdsa
3488062020,Java,Cursor,chore,https://github.com/TrinhNhatHuy/mobile-app-final/pull/2,https://api.github.com/repos/TrinhNhatHuy/mobile-app-final
3276581807,Java,Cursor,fix,https://github.com/bhargavqwertyuiop/Microservices-project/pull/2,https://api.github.com/repos/bhargavqwertyuiop/Microservices-project
3414225467,Java,Cursor,feat,https://github.com/zeroregard/Ars-Affinity/pull/30,https://api.github.com/repos/zeroregard/Ars-Affinity
3245539257,Java,Cursor,chore,https://github.com/Sukrisus/Test/pull/1,https://api.github.com/repos/Sukrisus/Test
3409356582,Java,Cursor,docs,https://github.com/liqianlong/EasyPR-Java/pull/1,https://api.github.com/repos/liqianlong/EasyPR-Java
3543233109,Java,Cursor,chore,https://github.com/Avi9151/e-commerce-api/pull/1,https://api.github.com/repos/Avi9151/e-commerce-api
3265506357,Java,Cursor,fix,https://github.com/miguelcancio/Group9_ITDBADMS12_mikey/pull/2,https://api.github.com/repos/miguelcancio/Group9_ITDBADMS12_mikey
3234372721,Java,Cursor,chore,https://github.com/DONNHER/UniVet/pull/4,https://api.github.com/repos/DONNHER/UniVet
3548315207,Java,Cursor,feat,https://github.com/Mancii/Smart-Task-Management/pull/6,https://api.github.com/repos/Mancii/Smart-Task-Management
3497695271,Java,Cursor,chore,https://github.com/kaori-killer/2025-moitz/pull/4,https://api.github.com/repos/kaori-killer/2025-moitz
3455219524,Java,Cursor,chore,https://github.com/phamvandat997/spring-boot-demo-cursor-ai/pull/2,https://api.github.com/repos/phamvandat997/spring-boot-demo-cursor-ai
3434566606,Java,Cursor,chore,https://github.com/F1xTrack/Mesh/pull/9,https://api.github.com/repos/F1xTrack/Mesh
3327101105,Java,Cursor,chore,https://github.com/fieu1997/CLIENT/pull/3,https://api.github.com/repos/fieu1997/CLIENT
3443440350,Java,Cursor,fix,https://github.com/FayeSpica/chat-bi-ai-poc/pull/1,https://api.github.com/repos/FayeSpica/chat-bi-ai-poc
3505472947,Java,Cursor,fix,https://github.com/gxcherie/ambari/pull/2,https://api.github.com/repos/gxcherie/ambari
3452533294,Java,Cursor,chore,https://github.com/ellie1sh/iSLUportalVersion003/pull/1,https://api.github.com/repos/ellie1sh/iSLUportalVersion003
3249380711,Java,Cursor,feat,https://github.com/tungnc2012/spring-petclinic-microservices/pull/5,https://api.github.com/repos/tungnc2012/spring-petclinic-microservices
3449967523,Java,Cursor,chore,https://github.com/ellie1sh/iSLUportalVersion03/pull/18,https://api.github.com/repos/ellie1sh/iSLUportalVersion03
3503081269,Java,Cursor,chore,https://github.com/sahil-shv/Java-Project/pull/5,https://api.github.com/repos/sahil-shv/Java-Project
3340759555,Java,Cursor,fix,https://github.com/MohammedAlmzini/World-Cup-2026-Smart-Guide/pull/1,https://api.github.com/repos/MohammedAlmzini/World-Cup-2026-Smart-Guide
3539607850,Java,Cursor,fix,https://github.com/SourceDive/jdk/pull/4,https://api.github.com/repos/SourceDive/jdk
3229566392,Java,Cursor,chore,https://github.com/mohitmehan/spring-reactive-example/pull/2,https://api.github.com/repos/mohitmehan/spring-reactive-example
3319000816,Java,Cursor,chore,https://github.com/srikarkumar1/first/pull/1,https://api.github.com/repos/srikarkumar1/first
3318375456,Java,Cursor,chore,https://github.com/erokoder/vodovod/pull/69,https://api.github.com/repos/erokoder/vodovod
3335111779,Java,Cursor,chore,https://github.com/islamelaila/test/pull/3,https://api.github.com/repos/islamelaila/test
3375729993,Java,Cursor,feat,https://github.com/erseverburak1/Okey/pull/1,https://api.github.com/repos/erseverburak1/Okey
3228640725,Java,Cursor,chore,https://github.com/wertycn/wireguard-registry/pull/1,https://api.github.com/repos/wertycn/wireguard-registry
3310535555,Java,Cursor,fix,https://github.com/erokoder/vodovod/pull/21,https://api.github.com/repos/erokoder/vodovod
3507805169,Java,Cursor,fix,https://github.com/Nehakatara16/hospital_mangaement_system/pull/3,https://api.github.com/repos/Nehakatara16/hospital_mangaement_system
3316580380,Java,Cursor,fix,https://github.com/codeicu/netty-demo/pull/1,https://api.github.com/repos/codeicu/netty-demo
3206747732,Java,Cursor,chore,https://github.com/hgrghu/AutoJs6/pull/1,https://api.github.com/repos/hgrghu/AutoJs6
3505518057,Java,Cursor,chore,https://github.com/saurabhrapanwar/demo/pull/1,https://api.github.com/repos/saurabhrapanwar/demo
3273413422,Java,Cursor,chore,https://github.com/ABDESSADEQMAKKIOUI/MRQUIZ/pull/5,https://api.github.com/repos/ABDESSADEQMAKKIOUI/MRQUIZ
3306488665,Java,Cursor,fix,https://github.com/iFleetwood/UHC/pull/6,https://api.github.com/repos/iFleetwood/UHC
3257380296,Java,Cursor,chore,https://github.com/baekchangjoon/VcsStatistics/pull/2,https://api.github.com/repos/baekchangjoon/VcsStatistics
3240599297,Java,Cursor,chore,https://github.com/Novi-ui/MCCI-Enchanted/pull/4,https://api.github.com/repos/Novi-ui/MCCI-Enchanted
3289847061,Java,Cursor,feat,https://github.com/rijwan-kabir/DoseIn/pull/2,https://api.github.com/repos/rijwan-kabir/DoseIn
3312099167,Java,Cursor,chore,https://github.com/CarlosASM2001/compiler_proyect/pull/2,https://api.github.com/repos/CarlosASM2001/compiler_proyect
3358165661,Java,Cursor,chore,https://github.com/LTH0303/dsa/pull/1,https://api.github.com/repos/LTH0303/dsa
3543028812,Java,Cursor,chore,https://github.com/Mathew-Thannickal/inventory-management/pull/2,https://api.github.com/repos/Mathew-Thannickal/inventory-management
3348232780,Java,Cursor,fix,https://github.com/MohammedAlmzini/World-Cup-2026-Smart-Guide/pull/15,https://api.github.com/repos/MohammedAlmzini/World-Cup-2026-Smart-Guide
3496540002,Java,Cursor,chore,https://github.com/Callable-APIs/services/pull/6,https://api.github.com/repos/Callable-APIs/services
3351181217,Java,Cursor,fix,https://github.com/6731503031/lab03/pull/2,https://api.github.com/repos/6731503031/lab03
3212453840,Java,Cursor,feat,https://github.com/untrustedrevenger/compile-to-apk/pull/1,https://api.github.com/repos/untrustedrevenger/compile-to-apk
3307479523,Java,Cursor,chore,https://github.com/rianmfir/Belajar-Intent/pull/1,https://api.github.com/repos/rianmfir/Belajar-Intent
3484730870,Java,Cursor,chore,https://github.com/jabrena/dvbe25-demos/pull/40,https://api.github.com/repos/jabrena/dvbe25-demos
3307819717,Java,Cursor,chore,https://github.com/marian3299/routopia_back/pull/2,https://api.github.com/repos/marian3299/routopia_back
3185743320,Java,Cursor,fix,https://github.com/shohambr/Project_course/pull/2,https://api.github.com/repos/shohambr/Project_course
3374696235,Java,Cursor,chore,https://github.com/516B65B967658D22/tensor-pay-spring-boot-starter/pull/1,https://api.github.com/repos/516B65B967658D22/tensor-pay-spring-boot-starter
3390534399,Java,Cursor,chore,https://github.com/LucasArins/TRABALHOTARP/pull/1,https://api.github.com/repos/LucasArins/TRABALHOTARP
3460244139,Java,Cursor,fix,https://github.com/ellie1sh/iSLUportalVersion07/pull/7,https://api.github.com/repos/ellie1sh/iSLUportalVersion07
3307767008,Java,Cursor,chore,https://github.com/Sajid155116/Serrver-Spilitwise/pull/1,https://api.github.com/repos/Sajid155116/Serrver-Spilitwise
3222244727,Java,Cursor,chore,https://github.com/piyushpawar19/Grocery_Management_System/pull/5,https://api.github.com/repos/piyushpawar19/Grocery_Management_System
3302882597,Java,Cursor,chore,https://github.com/Maheshkumarpuri/S/pull/2,https://api.github.com/repos/Maheshkumarpuri/S
3197158935,Java,Cursor,docs,https://github.com/fifteenmsu/TimGame/pull/2,https://api.github.com/repos/fifteenmsu/TimGame
3319274058,Java,Cursor,fix,https://github.com/beenycool/villagesreborn/pull/14,https://api.github.com/repos/beenycool/villagesreborn
3499263458,Java,Cursor,chore,https://github.com/hgchrre/kpmg-migration/pull/1,https://api.github.com/repos/hgchrre/kpmg-migration
3494175350,Java,Cursor,chore,https://github.com/burning-rabbit/Tests2GIS/pull/3,https://api.github.com/repos/burning-rabbit/Tests2GIS
3271632650,Java,Cursor,feat,https://github.com/BIIgZz/-Spring-Boot-/pull/1,https://api.github.com/repos/BIIgZz/-Spring-Boot-
3492628238,Java,Cursor,fix,https://github.com/SpencerMSU/SecretProject/pull/6,https://api.github.com/repos/SpencerMSU/SecretProject
3343787597,Java,Cursor,chore,https://github.com/addepallimadhu/WebMessengerApp/pull/1,https://api.github.com/repos/addepallimadhu/WebMessengerApp
3270667469,Java,Cursor,chore,https://github.com/NikitHamal/PdfAI/pull/5,https://api.github.com/repos/NikitHamal/PdfAI
3359315792,Java,Cursor,feat,https://github.com/manhnguyen652/PRM392/pull/7,https://api.github.com/repos/manhnguyen652/PRM392
3518705573,Java,Cursor,chore,https://github.com/SVxingwei/Mineustry-core/pull/2,https://api.github.com/repos/SVxingwei/Mineustry-core
3328978842,Java,Cursor,chore,https://github.com/therealjainsahab/termux-app/pull/2,https://api.github.com/repos/therealjainsahab/termux-app
3507802767,Java,Cursor,fix,https://github.com/vuminhkhang2005/Web_Category/pull/9,https://api.github.com/repos/vuminhkhang2005/Web_Category
3269492019,Java,Cursor,chore,https://github.com/samarrth/samarthrepo/pull/2,https://api.github.com/repos/samarrth/samarthrepo
3328334579,Java,Cursor,chore,https://github.com/rwangnet/camel-quarkus-samples/pull/1,https://api.github.com/repos/rwangnet/camel-quarkus-samples
3484759352,Java,Cursor,chore,https://github.com/jabrena/dvbe25-demos/pull/42,https://api.github.com/repos/jabrena/dvbe25-demos
3507718541,Java,Cursor,chore,https://github.com/vuminhkhang2005/Web_Category/pull/2,https://api.github.com/repos/vuminhkhang2005/Web_Category
3310965143,Java,Cursor,chore,https://github.com/Janbaz1510/Robo/pull/2,https://api.github.com/repos/Janbaz1510/Robo
3484690990,Java,Cursor,chore,https://github.com/jabrena/dvbe25-demos/pull/36,https://api.github.com/repos/jabrena/dvbe25-demos
3248783502,Java,Cursor,chore,https://github.com/otaldoandre/xadrez1/pull/1,https://api.github.com/repos/otaldoandre/xadrez1
3267126428,Java,Cursor,chore,https://github.com/paajnW/Drim-JavaFX-Project/pull/5,https://api.github.com/repos/paajnW/Drim-JavaFX-Project
3517955651,Java,Cursor,chore,https://github.com/Mokshagnya-MR/Plagiarism-Project/pull/3,https://api.github.com/repos/Mokshagnya-MR/Plagiarism-Project
3521340090,Java,Cursor,feat,https://github.com/jamiewannenburg/uacalcsrc/pull/21,https://api.github.com/repos/jamiewannenburg/uacalcsrc
3229653446,Java,Cursor,chore,https://github.com/ayerswj/meeting-of-minds/pull/13,https://api.github.com/repos/ayerswj/meeting-of-minds
3259210216,Java,Cursor,feat,https://github.com/StarRocks/starrocks/pull/61244,https://api.github.com/repos/StarRocks/starrocks
3319514742,Java,Cursor,chore,https://github.com/NguyenDevs/WorldScrolls/pull/1,https://api.github.com/repos/NguyenDevs/WorldScrolls
3544214314,Java,Cursor,chore,https://github.com/jasonxalqatl905-alt/Lava/pull/5,https://api.github.com/repos/jasonxalqatl905-alt/Lava
3336409520,Java,Cursor,chore,https://github.com/rookieInn/java8lambda/pull/5,https://api.github.com/repos/rookieInn/java8lambda
3387688778,Java,Cursor,chore,https://github.com/HIPERCODE/minemod/pull/1,https://api.github.com/repos/HIPERCODE/minemod
3390905456,Java,Cursor,fix,https://github.com/denyshubh/springboot-demo-news-api/pull/4,https://api.github.com/repos/denyshubh/springboot-demo-news-api
3318386456,Java,Cursor,chore,https://github.com/hloni2004/StudentMarket2/pull/18,https://api.github.com/repos/hloni2004/StudentMarket2
3335627966,Java,Cursor,feat,https://github.com/rcbiscuitsbelfast-prog/K-pop-monster-Hunter/pull/7,https://api.github.com/repos/rcbiscuitsbelfast-prog/K-pop-monster-Hunter
3360492841,Java,Cursor,chore,https://github.com/tingtingtong/hello-world/pull/2,https://api.github.com/repos/tingtingtong/hello-world
3378571235,Java,Cursor,chore,https://github.com/Akashk2102/talentely/pull/1,https://api.github.com/repos/Akashk2102/talentely
3518771181,Java,Cursor,chore,https://github.com/LeVanTri2006/BaiTap_Java/pull/1,https://api.github.com/repos/LeVanTri2006/BaiTap_Java
3172218328,Java,Cursor,chore,https://github.com/Iterable/iterable-android-sdk/pull/917,https://api.github.com/repos/Iterable/iterable-android-sdk
3313359121,Java,Cursor,fix,https://github.com/erokoder/vodovod/pull/43,https://api.github.com/repos/erokoder/vodovod
3505526408,Java,Cursor,chore,https://github.com/lennytmp/german_club/pull/51,https://api.github.com/repos/lennytmp/german_club
3320676365,Java,Cursor,chore,https://github.com/loadghost8/piece-connect/pull/1,https://api.github.com/repos/loadghost8/piece-connect
3515156157,Java,Cursor,docs,https://github.com/natifxking-sudo/NISIRCOP/pull/6,https://api.github.com/repos/natifxking-sudo/NISIRCOP
3386494927,Java,Cursor,docs,https://github.com/516B65B967658D22/kong-ai-books/pull/4,https://api.github.com/repos/516B65B967658D22/kong-ai-books
3506767239,Java,Cursor,chore,https://github.com/AkhileshYadav7007/JAVA-OCT--2025-DAY-DESCRIPTION/pull/1,https://api.github.com/repos/AkhileshYadav7007/JAVA-OCT--2025-DAY-DESCRIPTION
3532046747,Java,Cursor,chore,https://github.com/trinhdinhvu2312/Android_App_Advance/pull/4,https://api.github.com/repos/trinhdinhvu2312/Android_App_Advance
3327417520,Java,Cursor,chore,https://github.com/binbingg/advanced-java/pull/2,https://api.github.com/repos/binbingg/advanced-java
3334870805,Java,Cursor,feat,https://github.com/itzscirus/Re-ARranged-Pixel-Dungeon/pull/1,https://api.github.com/repos/itzscirus/Re-ARranged-Pixel-Dungeon
3324068704,Java,Cursor,chore,https://github.com/hding1223/SpringLearn/pull/1,https://api.github.com/repos/hding1223/SpringLearn
3435156352,Java,Cursor,chore,https://github.com/F1xTrack/Mesh/pull/20,https://api.github.com/repos/F1xTrack/Mesh
3434909377,Java,Cursor,chore,https://github.com/F1xTrack/Mesh/pull/16,https://api.github.com/repos/F1xTrack/Mesh
3282327965,Java,Cursor,chore,https://github.com/lyhsblog/website/pull/1,https://api.github.com/repos/lyhsblog/website
3430214964,Java,Cursor,chore,https://github.com/StudioAsInc/android-synapse/pull/26,https://api.github.com/repos/StudioAsInc/android-synapse
3276534927,Java,Cursor,fix,https://github.com/Bryllebanquil/ForegroundService/pull/6,https://api.github.com/repos/Bryllebanquil/ForegroundService
3207882437,Java,Cursor,chore,https://github.com/fulltimefarmer/minicms/pull/15,https://api.github.com/repos/fulltimefarmer/minicms
3328764855,Java,Cursor,chore,https://github.com/kswen/996.ICU/pull/3,https://api.github.com/repos/kswen/996.ICU
3484677067,Java,Cursor,chore,https://github.com/jabrena/dvbe25-demos/pull/32,https://api.github.com/repos/jabrena/dvbe25-demos
3532208378,Java,Cursor,chore,https://github.com/tanchun04/VaccinationManagementSystem/pull/3,https://api.github.com/repos/tanchun04/VaccinationManagementSystem
3519003017,Java,Cursor,chore,https://github.com/jabrena/wjax25-demos/pull/10,https://api.github.com/repos/jabrena/wjax25-demos
3263490234,Java,Cursor,chore,https://github.com/StarRocks/starrocks/pull/61303,https://api.github.com/repos/StarRocks/starrocks
3334001845,Java,Cursor,fix,https://github.com/shiwanisingh31/retail-management/pull/4,https://api.github.com/repos/shiwanisingh31/retail-management
3273206470,Java,Cursor,chore,https://github.com/ABDESSADEQMAKKIOUI/MRQUIZ/pull/1,https://api.github.com/repos/ABDESSADEQMAKKIOUI/MRQUIZ
3484009309,Java,Cursor,chore,https://github.com/jabrena/dvbe25-demos/pull/23,https://api.github.com/repos/jabrena/dvbe25-demos
3301726755,Java,Cursor,feat,https://github.com/Artur-Sch/TRONFG/pull/1,https://api.github.com/repos/Artur-Sch/TRONFG
3437191402,Java,Cursor,chore,https://github.com/StudioAsInc/android-synapse/pull/28,https://api.github.com/repos/StudioAsInc/android-synapse
3505759626,Java,Cursor,chore,https://github.com/jabrena/dvbe25-demos/pull/85,https://api.github.com/repos/jabrena/dvbe25-demos
3397095420,Java,Cursor,chore,https://github.com/EEFFRROO/RoomBookingSystem/pull/2,https://api.github.com/repos/EEFFRROO/RoomBookingSystem
3319334411,Java,Cursor,chore,https://github.com/kanishqbagri/mbta-analyzer/pull/3,https://api.github.com/repos/kanishqbagri/mbta-analyzer
3355693608,Java,Cursor,chore,https://github.com/PraveenDanial/A-Bakery-Mobile-App/pull/1,https://api.github.com/repos/PraveenDanial/A-Bakery-Mobile-App
3314222336,Java,Cursor,chore,https://github.com/hasnaamohamed-git/my-first-project-with-gui/pull/1,https://api.github.com/repos/hasnaamohamed-git/my-first-project-with-gui
3324313464,Java,Cursor,chore,https://github.com/viet0508/demoA12/pull/1,https://api.github.com/repos/viet0508/demoA12
3206506482,Java,Cursor,docs,https://github.com/xynoan/Library-System/pull/13,https://api.github.com/repos/xynoan/Library-System
3272417819,Java,Cursor,chore,https://github.com/sriramr2212/StepDefs/pull/1,https://api.github.com/repos/sriramr2212/StepDefs
3415245837,Java,Cursor,chore,https://github.com/ellie1sh/iSLUportal/pull/23,https://api.github.com/repos/ellie1sh/iSLUportal
3324583125,Java,Cursor,chore,https://github.com/divyanshubse/myapp/pull/2,https://api.github.com/repos/divyanshubse/myapp
3297880510,Java,Cursor,chore,https://github.com/mdmajz/DoseIn/pull/17,https://api.github.com/repos/mdmajz/DoseIn
3215287083,Java,Cursor,chore,https://github.com/badhusha-dev/SmartOutlet-POS/pull/3,https://api.github.com/repos/badhusha-dev/SmartOutlet-POS
3280888050,Java,Cursor,chore,https://github.com/sadiarahmansmrity0/Group---4/pull/2,https://api.github.com/repos/sadiarahmansmrity0/Group---4
3241976882,Java,Cursor,chore,https://github.com/satthugon123/asm/pull/1,https://api.github.com/repos/satthugon123/asm
3357872859,Java,Cursor,chore,https://github.com/StarRocks/starrocks/pull/62364,https://api.github.com/repos/StarRocks/starrocks
3297991248,Java,Cursor,chore,https://github.com/MimiToKOX/ThunderHack-Exploitcore/pull/2,https://api.github.com/repos/MimiToKOX/ThunderHack-Exploitcore
3376091414,Java,Cursor,chore,https://github.com/erokoder/vodovod/pull/91,https://api.github.com/repos/erokoder/vodovod
3415030209,Java,Cursor,chore,https://github.com/ellie1sh/iSLUportal/pull/6,https://api.github.com/repos/ellie1sh/iSLUportal
3391492964,Java,Cursor,chore,https://github.com/shoto290/reignofnether/pull/1,https://api.github.com/repos/shoto290/reignofnether
3349500076,Java,Cursor,chore,https://github.com/DEATH-Destroyerofworlds/Prototype/pull/1,https://api.github.com/repos/DEATH-Destroyerofworlds/Prototype
3335422500,Java,Cursor,chore,https://github.com/MehrabRahman/JavaServer/pull/6,https://api.github.com/repos/MehrabRahman/JavaServer
3376082022,Java,Cursor,fix,https://github.com/erokoder/vodovod/pull/90,https://api.github.com/repos/erokoder/vodovod
3535678626,Java,Cursor,feat,https://github.com/qwe96801/android_GITabc/pull/2,https://api.github.com/repos/qwe96801/android_GITabc
3285856283,Java,Cursor,chore,https://github.com/aarham363/Ali-new-repo/pull/4,https://api.github.com/repos/aarham363/Ali-new-repo
3357033746,Java,Cursor,fix,https://github.com/Austin-Metke/JNES/pull/2,https://api.github.com/repos/Austin-Metke/JNES
3310171640,Java,Cursor,chore,https://github.com/MrZ-zhy/shattered-pixel-dungeon/pull/1,https://api.github.com/repos/MrZ-zhy/shattered-pixel-dungeon
3281317451,Java,Cursor,chore,https://github.com/lolo16cm/packinglist/pull/36,https://api.github.com/repos/lolo16cm/packinglist
3275525682,Java,Cursor,chore,https://github.com/namikup/online-taxi/pull/1,https://api.github.com/repos/namikup/online-taxi
3278324850,Java,Cursor,fix,https://github.com/lolo16cm/packinglist/pull/22,https://api.github.com/repos/lolo16cm/packinglist
3420007947,Java,Cursor,chore,https://github.com/maxdos28/docker-demo-java-tomcat/pull/1,https://api.github.com/repos/maxdos28/docker-demo-java-tomcat
3505648924,Java,Cursor,chore,https://github.com/jabrena/dvbe25-demos/pull/81,https://api.github.com/repos/jabrena/dvbe25-demos
3289765195,Java,Devin,fix,https://github.com/taylor-curran/oshift-demo-credit-scoring-engine/pull/247,https://api.github.com/repos/taylor-curran/oshift-demo-credit-scoring-engine
3430649240,Java,Devin,chore,https://github.com/christina-pan-windsurf/Ant-Media-Server/pull/8,https://api.github.com/repos/christina-pan-windsurf/Ant-Media-Server
3362425120,Java,Devin,feat,https://github.com/satoshi-watanabe-0001/ahamo-dummy-demo2-application-service/pull/1,https://api.github.com/repos/satoshi-watanabe-0001/ahamo-dummy-demo2-application-service
3418940560,Java,Devin,fix,https://github.com/sharkyy/home-assistant-floor-plan/pull/12,https://api.github.com/repos/sharkyy/home-assistant-floor-plan
2915681591,Java,Devin,feat,https://github.com/codingSally/devinPractice/pull/27,https://api.github.com/repos/codingSally/devinPractice
3465607259,Java,Devin,feat,https://github.com/COG-GTM/java-migration-8-11/pull/38,https://api.github.com/repos/COG-GTM/java-migration-8-11
3400679239,Java,Devin,feat,https://github.com/GetCodifyAI/cut-dry-automation-framework/pull/556,https://api.github.com/repos/GetCodifyAI/cut-dry-automation-framework
3289366543,Java,Devin,feat,https://github.com/taylor-curran/oshift-demo-credit-scoring-engine/pull/32,https://api.github.com/repos/taylor-curran/oshift-demo-credit-scoring-engine
3289561992,Java,Devin,chore,https://github.com/taylor-curran/oshift-demo-credit-scoring-engine/pull/106,https://api.github.com/repos/taylor-curran/oshift-demo-credit-scoring-engine
3300706811,Java,Devin,feat,https://github.com/JuniperaDev/erp-system/pull/83,https://api.github.com/repos/JuniperaDev/erp-system
3395192037,Java,Devin,feat,https://github.com/COG-GTM/java-migration-8-11/pull/9,https://api.github.com/repos/COG-GTM/java-migration-8-11
2924470568,Java,Devin,fix,https://github.com/chendaben/langchain4j-demo/pull/10,https://api.github.com/repos/chendaben/langchain4j-demo
3073108402,Java,Devin,feat,https://github.com/domaframework/doma-spring-boot/pull/309,https://api.github.com/repos/domaframework/doma-spring-boot
3289359534,Java,Devin,fix,https://github.com/taylor-curran/oshift-demo-credit-scoring-engine/pull/25,https://api.github.com/repos/taylor-curran/oshift-demo-credit-scoring-engine
3237895418,Java,Devin,feat,https://github.com/SergeyStroganoff/ZohoGoogleApiPrototype/pull/2,https://api.github.com/repos/SergeyStroganoff/ZohoGoogleApiPrototype
3417348923,Java,Devin,fix,https://github.com/sharkyy/home-assistant-floor-plan/pull/7,https://api.github.com/repos/sharkyy/home-assistant-floor-plan
3489678595,Java,Devin,fix,https://github.com/Sai-Kushal-Nerella-WL/drools-app/pull/12,https://api.github.com/repos/Sai-Kushal-Nerella-WL/drools-app
3491997789,Java,Devin,docs,https://github.com/COG-GTM/java-migration-8-11/pull/53,https://api.github.com/repos/COG-GTM/java-migration-8-11
3289767805,Java,Devin,fix,https://github.com/taylor-curran/oshift-demo-credit-scoring-engine/pull/254,https://api.github.com/repos/taylor-curran/oshift-demo-credit-scoring-engine
3542287470,Java,Devin,feat,https://github.com/lukas-krecan/ShedLock/pull/2965,https://api.github.com/repos/lukas-krecan/ShedLock
3289765869,Java,Devin,feat,https://github.com/taylor-curran/oshift-demo-credit-scoring-engine/pull/251,https://api.github.com/repos/taylor-curran/oshift-demo-credit-scoring-engine
3289576762,Java,Devin,feat,https://github.com/taylor-curran/oshift-demo-credit-scoring-engine/pull/115,https://api.github.com/repos/taylor-curran/oshift-demo-credit-scoring-engine
3497734497,Java,Devin,chore,https://github.com/Windsurf-Samples/spring-boot-realworld-example-app/pull/31,https://api.github.com/repos/Windsurf-Samples/spring-boot-realworld-example-app
3031475002,Java,Devin,chore,https://github.com/amorin24/llmproxy-java/pull/3,https://api.github.com/repos/amorin24/llmproxy-java
3086250651,Java,Devin,chore,https://github.com/dx-junkyard/api-community-spring/pull/20,https://api.github.com/repos/dx-junkyard/api-community-spring
3289396338,Java,Devin,fix,https://github.com/taylor-curran/oshift-demo-credit-scoring-engine/pull/51,https://api.github.com/repos/taylor-curran/oshift-demo-credit-scoring-engine
3266454034,Java,Devin,chore,https://github.com/ksnatha/Tracker/pull/1,https://api.github.com/repos/ksnatha/Tracker
3550205483,Java,Devin,feat,https://github.com/mbatchelor81/spring-boot-realworld-example-app/pull/14,https://api.github.com/repos/mbatchelor81/spring-boot-realworld-example-app
2922041543,Java,Devin,chore,https://github.com/codingSally/devinPractice/pull/43,https://api.github.com/repos/codingSally/devinPractice
3447553696,Java,Devin,chore,https://github.com/taylor-curran/spring-boot-realworld-example-app/pull/8,https://api.github.com/repos/taylor-curran/spring-boot-realworld-example-app
2942015630,Java,Devin,fix,https://github.com/goldmansachsinnovationcenter/gs-collections-bhagatr/pull/10,https://api.github.com/repos/goldmansachsinnovationcenter/gs-collections-bhagatr
3289405081,Java,Devin,chore,https://github.com/taylor-curran/oshift-demo-credit-scoring-engine/pull/59,https://api.github.com/repos/taylor-curran/oshift-demo-credit-scoring-engine
3504637919,Java,Devin,chore,https://github.com/samfert-codeium/BankingMicroservices/pull/13,https://api.github.com/repos/samfert-codeium/BankingMicroservices
3501042792,Java,Devin,fix,https://github.com/minitato/case-test/pull/2,https://api.github.com/repos/minitato/case-test
3248081209,Java,Devin,feat,https://github.com/BGMoneyCounter/Back/pull/16,https://api.github.com/repos/BGMoneyCounter/Back
3289793885,Java,Devin,feat,https://github.com/taylor-curran/oshift-demo-credit-scoring-engine/pull/300,https://api.github.com/repos/taylor-curran/oshift-demo-credit-scoring-engine
3465012712,Java,Devin,chore,https://github.com/alex-baker-cdm/library_java/pull/3,https://api.github.com/repos/alex-baker-cdm/library_java
3167060744,Java,Devin,feat,https://github.com/raimonvibe/ecommerce-microservices-java/pull/4,https://api.github.com/repos/raimonvibe/ecommerce-microservices-java
3364880002,Java,Devin,chore,https://github.com/connorh-lgtm/spring-boot-realworld-example-app/pull/7,https://api.github.com/repos/connorh-lgtm/spring-boot-realworld-example-app
3373377887,Java,Devin,feat,https://github.com/bakariwindsurf/spring-boot-realworld-example-app/pull/1,https://api.github.com/repos/bakariwindsurf/spring-boot-realworld-example-app
3289616539,Java,Devin,chore,https://github.com/taylor-curran/oshift-demo-credit-scoring-engine/pull/170,https://api.github.com/repos/taylor-curran/oshift-demo-credit-scoring-engine
3267098693,Java,Devin,feat,https://github.com/JuniperaDev/java-legacy/pull/13,https://api.github.com/repos/JuniperaDev/java-legacy
3428017498,Java,Devin,feat,https://github.com/christina-pan-windsurf/Ant-Media-Server/pull/5,https://api.github.com/repos/christina-pan-windsurf/Ant-Media-Server
3289769999,Java,Devin,fix,https://github.com/taylor-curran/oshift-demo-credit-scoring-engine/pull/259,https://api.github.com/repos/taylor-curran/oshift-demo-credit-scoring-engine
3287769933,Java,Devin,feat,https://github.com/taylor-curran/oshift-demo-credit-scoring-engine/pull/2,https://api.github.com/repos/taylor-curran/oshift-demo-credit-scoring-engine
2906445249,Java,Devin,chore,https://github.com/codingSally/devinPractice/pull/11,https://api.github.com/repos/codingSally/devinPractice
3289752205,Java,Devin,fix,https://github.com/taylor-curran/oshift-demo-credit-scoring-engine/pull/185,https://api.github.com/repos/taylor-curran/oshift-demo-credit-scoring-engine
2906720549,Java,Devin,fix,https://github.com/codingSally/devinPractice/pull/13,https://api.github.com/repos/codingSally/devinPractice
3475632718,Java,Devin,chore,https://github.com/COG-GTM/java-migration-8-11/pull/45,https://api.github.com/repos/COG-GTM/java-migration-8-11
3278692968,Java,Devin,feat,https://github.com/BrettMiller99/ReallyOldJavaProject/pull/3,https://api.github.com/repos/BrettMiller99/ReallyOldJavaProject
3294877704,Java,Devin,chore,https://github.com/taylor-curran/oshift-demo-credit-scoring-engine/pull/321,https://api.github.com/repos/taylor-curran/oshift-demo-credit-scoring-engine
3455141541,Java,Devin,fix,https://github.com/COG-GTM/ftgo-monolith/pull/11,https://api.github.com/repos/COG-GTM/ftgo-monolith
3471212577,Java,Devin,feat,https://github.com/Infosys-BNY/spring-boot-realworld-example-app/pull/2,https://api.github.com/repos/Infosys-BNY/spring-boot-realworld-example-app
2840071176,Java,Devin,fix,https://github.com/Cap-go/capacitor-native-audio/pull/141,https://api.github.com/repos/Cap-go/capacitor-native-audio
3342851591,Java,Devin,feat,https://github.com/taylor-curran/oshift-demo-account-service/pull/3,https://api.github.com/repos/taylor-curran/oshift-demo-account-service
3289393921,Java,Devin,feat,https://github.com/taylor-curran/oshift-demo-credit-scoring-engine/pull/48,https://api.github.com/repos/taylor-curran/oshift-demo-credit-scoring-engine
3289365897,Java,Devin,fix,https://github.com/taylor-curran/oshift-demo-credit-scoring-engine/pull/30,https://api.github.com/repos/taylor-curran/oshift-demo-credit-scoring-engine
3289756725,Java,Devin,fix,https://github.com/taylor-curran/oshift-demo-credit-scoring-engine/pull/219,https://api.github.com/repos/taylor-curran/oshift-demo-credit-scoring-engine
3290494116,Java,Devin,fix,https://github.com/JuniperaDev/erp-system/pull/75,https://api.github.com/repos/JuniperaDev/erp-system
3383257523,Java,Devin,feat,https://github.com/GetCodifyAI/cut-dry-automation-framework/pull/551,https://api.github.com/repos/GetCodifyAI/cut-dry-automation-framework
3107018313,Java,Devin,chore,https://github.com/mykavr/jcpm-core-app/pull/32,https://api.github.com/repos/mykavr/jcpm-core-app
3289597641,Java,Devin,fix,https://github.com/taylor-curran/oshift-demo-credit-scoring-engine/pull/138,https://api.github.com/repos/taylor-curran/oshift-demo-credit-scoring-engine
3033301718,Java,Devin,chore,https://github.com/sakhamuri9/SELF-STUDY-BACKEND/pull/8,https://api.github.com/repos/sakhamuri9/SELF-STUDY-BACKEND
3289402358,Java,Devin,fix,https://github.com/taylor-curran/oshift-demo-credit-scoring-engine/pull/57,https://api.github.com/repos/taylor-curran/oshift-demo-credit-scoring-engine
2990497762,Java,Devin,chore,https://github.com/pieromarcoz/kpi-processv2/pull/1,https://api.github.com/repos/pieromarcoz/kpi-processv2
2945261661,Java,Devin,chore,https://github.com/goldmansachsinnovationcenter/rule-engine-garnit/pull/1,https://api.github.com/repos/goldmansachsinnovationcenter/rule-engine-garnit
3396023366,Java,Devin,chore,https://github.com/COG-GTM/java-migration-8-11/pull/14,https://api.github.com/repos/COG-GTM/java-migration-8-11
3289765304,Java,Devin,fix,https://github.com/taylor-curran/oshift-demo-credit-scoring-engine/pull/248,https://api.github.com/repos/taylor-curran/oshift-demo-credit-scoring-engine
3289417319,Java,Devin,fix,https://github.com/taylor-curran/oshift-demo-credit-scoring-engine/pull/82,https://api.github.com/repos/taylor-curran/oshift-demo-credit-scoring-engine
3343535171,Java,Devin,feat,https://github.com/mbatchelor81/inventory-demo/pull/12,https://api.github.com/repos/mbatchelor81/inventory-demo
3289788872,Java,Devin,chore,https://github.com/taylor-curran/oshift-demo-credit-scoring-engine/pull/288,https://api.github.com/repos/taylor-curran/oshift-demo-credit-scoring-engine
3384915094,Java,Devin,fix,https://github.com/JuniperaDev/erp-system/pull/132,https://api.github.com/repos/JuniperaDev/erp-system
2769332041,Java,Devin,chore,https://github.com/k-hoshihara/focus-work-and-life/pull/9,https://api.github.com/repos/k-hoshihara/focus-work-and-life
3443203937,Java,Devin,feat,https://github.com/taylor-curran/spring-boot-realworld-example-app/pull/5,https://api.github.com/repos/taylor-curran/spring-boot-realworld-example-app
3449235169,Java,Devin,chore,https://github.com/taylor-curran/spring-boot-realworld-example-app/pull/13,https://api.github.com/repos/taylor-curran/spring-boot-realworld-example-app
3321158403,Java,Devin,feat,https://github.com/satoshi-watanabe-0001/ahamo-dummy-demo2-plan-service/pull/1,https://api.github.com/repos/satoshi-watanabe-0001/ahamo-dummy-demo2-plan-service
3097835375,Java,Devin,chore,https://github.com/shengz123/awesome-legacy-bench/pull/2,https://api.github.com/repos/shengz123/awesome-legacy-bench
3289267467,Java,Devin,feat,https://github.com/taylor-curran/oshift-demo-credit-scoring-engine/pull/6,https://api.github.com/repos/taylor-curran/oshift-demo-credit-scoring-engine
3418090323,Java,Devin,chore,https://github.com/Windsurf-Samples/spring-boot-realworld-example-app/pull/7,https://api.github.com/repos/Windsurf-Samples/spring-boot-realworld-example-app
3338983765,Java,Devin,chore,https://github.com/JuniperaDev/erp-system/pull/112,https://api.github.com/repos/JuniperaDev/erp-system
2937524036,Java,Devin,fix,https://github.com/goldmansachsinnovationcenter/gs-collections-bhagatr/pull/1,https://api.github.com/repos/goldmansachsinnovationcenter/gs-collections-bhagatr
3427992569,Java,Devin,feat,https://github.com/christina-pan-windsurf/Ant-Media-Server/pull/1,https://api.github.com/repos/christina-pan-windsurf/Ant-Media-Server
3470636726,Java,Devin,chore,https://github.com/taylor-curran/spring-boot-realworld-example-app/pull/15,https://api.github.com/repos/taylor-curran/spring-boot-realworld-example-app
3543824847,Java,Devin,chore,https://github.com/Windsurf-Samples/spring-boot-realworld-example-app/pull/36,https://api.github.com/repos/Windsurf-Samples/spring-boot-realworld-example-app
3426500619,Java,Devin,chore,https://github.com/Windsurf-Samples/spring-boot-realworld-example-app/pull/9,https://api.github.com/repos/Windsurf-Samples/spring-boot-realworld-example-app
3100123195,Java,Devin,docs,https://github.com/nczempin/mavenReleaseTest/pull/1,https://api.github.com/repos/nczempin/mavenReleaseTest
3086206541,Java,Devin,docs,https://github.com/dx-junkyard/spocomi-frontend/pull/16,https://api.github.com/repos/dx-junkyard/spocomi-frontend
2921877169,Java,Devin,feat,https://github.com/codingSally/devinPractice/pull/34,https://api.github.com/repos/codingSally/devinPractice
3060960634,Java,Devin,chore,https://github.com/sd28825/nso-examples/pull/2,https://api.github.com/repos/sd28825/nso-examples
3031308016,Java,Devin,chore,https://github.com/amorin24/llmproxy-java/pull/1,https://api.github.com/repos/amorin24/llmproxy-java
3367422930,Java,Devin,chore,https://github.com/chrisgroks/spring-boot-blogging-app/pull/5,https://api.github.com/repos/chrisgroks/spring-boot-blogging-app
3475641142,Java,Devin,chore,https://github.com/COG-GTM/java-migration-8-11/pull/47,https://api.github.com/repos/COG-GTM/java-migration-8-11
3475650442,Java,Devin,chore,https://github.com/COG-GTM/java-migration-8-11/pull/49,https://api.github.com/repos/COG-GTM/java-migration-8-11
3289536473,Java,Devin,fix,https://github.com/taylor-curran/oshift-demo-credit-scoring-engine/pull/96,https://api.github.com/repos/taylor-curran/oshift-demo-credit-scoring-engine
2906218930,Java,Devin,feat,https://github.com/codingSally/devinPractice/pull/9,https://api.github.com/repos/codingSally/devinPractice
3289757866,Java,Devin,feat,https://github.com/taylor-curran/oshift-demo-credit-scoring-engine/pull/223,https://api.github.com/repos/taylor-curran/oshift-demo-credit-scoring-engine
3293717978,Java,Devin,chore,https://github.com/rajib10682/reporting-application/pull/1,https://api.github.com/repos/rajib10682/reporting-application
2844328465,Java,Devin,feat,https://github.com/bryce-h-t/sample-microservices-protobuf/pull/5,https://api.github.com/repos/bryce-h-t/sample-microservices-protobuf
3264485373,Java,Devin,chore,https://github.com/andrewzhao15/java-demo/pull/2,https://api.github.com/repos/andrewzhao15/java-demo
3496557239,Java,Devin,feat,https://github.com/mbatchelor81/spring-boot-realworld-example-app/pull/6,https://api.github.com/repos/mbatchelor81/spring-boot-realworld-example-app
3289548197,Java,Devin,feat,https://github.com/taylor-curran/oshift-demo-credit-scoring-engine/pull/104,https://api.github.com/repos/taylor-curran/oshift-demo-credit-scoring-engine
3395981581,Java,Devin,docs,https://github.com/COG-GTM/java-migration-8-11/pull/13,https://api.github.com/repos/COG-GTM/java-migration-8-11
2900620218,Java,Devin,fix,https://github.com/pwrlabs/PWR-Labs-Utils/pull/3,https://api.github.com/repos/pwrlabs/PWR-Labs-Utils
3289357749,Java,Devin,feat,https://github.com/taylor-curran/oshift-demo-credit-scoring-engine/pull/24,https://api.github.com/repos/taylor-curran/oshift-demo-credit-scoring-engine
3267817667,Java,Devin,chore,https://github.com/alex-baker-cdm/library_demo/pull/10,https://api.github.com/repos/alex-baker-cdm/library_demo
3289573003,Java,Devin,feat,https://github.com/taylor-curran/oshift-demo-credit-scoring-engine/pull/113,https://api.github.com/repos/taylor-curran/oshift-demo-credit-scoring-engine
3289588996,Java,Devin,chore,https://github.com/taylor-curran/oshift-demo-credit-scoring-engine/pull/126,https://api.github.com/repos/taylor-curran/oshift-demo-credit-scoring-engine
3475600697,Java,Devin,chore,https://github.com/COG-GTM/ftgo-monolith/pull/12,https://api.github.com/repos/COG-GTM/ftgo-monolith
2993771821,Java,Devin,feat,https://github.com/mykavr/jcpm-core-app/pull/23,https://api.github.com/repos/mykavr/jcpm-core-app
3032441734,Java,Devin,fix,https://github.com/sakhamuri9/SELF-STUDY-BACKEND/pull/3,https://api.github.com/repos/sakhamuri9/SELF-STUDY-BACKEND
3289761856,Java,Devin,feat,https://github.com/taylor-curran/oshift-demo-credit-scoring-engine/pull/238,https://api.github.com/repos/taylor-curran/oshift-demo-credit-scoring-engine
3544164268,Java,Devin,chore,https://github.com/Windsurf-Samples/spring-boot-realworld-example-app/pull/37,https://api.github.com/repos/Windsurf-Samples/spring-boot-realworld-example-app
3377217770,Java,Devin,feat,https://github.com/alex-baker-cdm/library_demo/pull/20,https://api.github.com/repos/alex-baker-cdm/library_demo
2968578627,Java,Devin,feat,https://github.com/chendaben/langchain4j-demo/pull/48,https://api.github.com/repos/chendaben/langchain4j-demo
3489526340,Java,Devin,chore,https://github.com/chase-cog-ai/prime-simplereport/pull/2,https://api.github.com/repos/chase-cog-ai/prime-simplereport
3332644474,Java,Devin,chore,https://github.com/samfert-codeium/springbootapp/pull/2,https://api.github.com/repos/samfert-codeium/springbootapp
3289802751,Java,Devin,fix,https://github.com/taylor-curran/oshift-demo-credit-scoring-engine/pull/311,https://api.github.com/repos/taylor-curran/oshift-demo-credit-scoring-engine
3478556275,Java,Devin,feat,https://github.com/samfert-codeium/BankingMicroservices/pull/8,https://api.github.com/repos/samfert-codeium/BankingMicroservices
3289759328,Java,Devin,fix,https://github.com/taylor-curran/oshift-demo-credit-scoring-engine/pull/230,https://api.github.com/repos/taylor-curran/oshift-demo-credit-scoring-engine
2907267200,Java,Devin,feat,https://github.com/codingSally/devinPractice/pull/20,https://api.github.com/repos/codingSally/devinPractice
3289392340,Java,Devin,feat,https://github.com/taylor-curran/oshift-demo-credit-scoring-engine/pull/46,https://api.github.com/repos/taylor-curran/oshift-demo-credit-scoring-engine
3548743065,Java,Devin,fix,https://github.com/infosys-training/spring-boot-realworld-example-app/pull/43,https://api.github.com/repos/infosys-training/spring-boot-realworld-example-app
3290382797,Java,Devin,feat,https://github.com/JuniperaDev/erp-system/pull/70,https://api.github.com/repos/JuniperaDev/erp-system
2922120580,Java,Devin,feat,https://github.com/kambei/giro-de-peppe-tempo/pull/3,https://api.github.com/repos/kambei/giro-de-peppe-tempo
3408134238,Java,Devin,chore,https://github.com/dillonvargo/openmrs-core/pull/2,https://api.github.com/repos/dillonvargo/openmrs-core
3499739184,Java,Devin,feat,https://github.com/Windsurf-Samples/spring-boot-realworld-example-app/pull/32,https://api.github.com/repos/Windsurf-Samples/spring-boot-realworld-example-app
3248048382,Java,Devin,fix,https://github.com/BGMoneyCounter/Back/pull/15,https://api.github.com/repos/BGMoneyCounter/Back
3514481728,Java,Devin,chore,https://github.com/COG-GTM/java-migration-8-11/pull/64,https://api.github.com/repos/COG-GTM/java-migration-8-11
3290317788,Java,Devin,feat,https://github.com/ibrahim-sowunmi/mb-dna-demo/pull/2,https://api.github.com/repos/ibrahim-sowunmi/mb-dna-demo
3166237331,Java,Devin,feat,https://github.com/raimonvibe/ecommerce-microservices-java/pull/2,https://api.github.com/repos/raimonvibe/ecommerce-microservices-java
3065532338,Java,Devin,docs,https://github.com/domaframework/doma-spring-boot/pull/300,https://api.github.com/repos/domaframework/doma-spring-boot
3021881680,Java,Devin,feat,https://github.com/jhacksman/interoptest/pull/1,https://api.github.com/repos/jhacksman/interoptest
3289769304,Java,Devin,fix,https://github.com/taylor-curran/oshift-demo-credit-scoring-engine/pull/257,https://api.github.com/repos/taylor-curran/oshift-demo-credit-scoring-engine
3289763758,Java,Devin,chore,https://github.com/taylor-curran/oshift-demo-credit-scoring-engine/pull/244,https://api.github.com/repos/taylor-curran/oshift-demo-credit-scoring-engine
3477963025,Java,Devin,chore,https://github.com/COG-GTM/java-migration-8-11/pull/51,https://api.github.com/repos/COG-GTM/java-migration-8-11
3491918458,Java,Devin,docs,https://github.com/BlakeUsenick2/spring-boot-realworld-example-app/pull/4,https://api.github.com/repos/BlakeUsenick2/spring-boot-realworld-example-app
3289752223,Java,Devin,feat,https://github.com/taylor-curran/oshift-demo-credit-scoring-engine/pull/186,https://api.github.com/repos/taylor-curran/oshift-demo-credit-scoring-engine
3294979559,Java,Devin,chore,https://github.com/taylor-curran/oshift-demo-credit-scoring-engine/pull/323,https://api.github.com/repos/taylor-curran/oshift-demo-credit-scoring-engine
3445277927,Java,Devin,feat,https://github.com/Windsurf-Samples/spring-boot-realworld-example-app/pull/14,https://api.github.com/repos/Windsurf-Samples/spring-boot-realworld-example-app
3478319636,Java,Devin,chore,https://github.com/COG-GTM/ftgo-monolith/pull/15,https://api.github.com/repos/COG-GTM/ftgo-monolith
3069535447,Java,Devin,feat,https://github.com/mongodb/mongo-jdbc-driver/pull/353,https://api.github.com/repos/mongodb/mongo-jdbc-driver
3335371831,Java,Devin,chore,https://github.com/lsgllc/NORM_new/pull/5,https://api.github.com/repos/lsgllc/NORM_new
3450558216,Java,Devin,feat,https://github.com/COG-GTM/java-migration-8-11/pull/30,https://api.github.com/repos/COG-GTM/java-migration-8-11
3521681695,Java,Devin,feat,https://github.com/callummiles/library_demo/pull/17,https://api.github.com/repos/callummiles/library_demo
3036204224,Java,Devin,chore,https://github.com/goldmansachsinnovationcenter/gs-collections-bhagatr/pull/14,https://api.github.com/repos/goldmansachsinnovationcenter/gs-collections-bhagatr
3472915692,Java,Devin,feat,https://github.com/lindar-open/thunderkick-client/pull/4,https://api.github.com/repos/lindar-open/thunderkick-client
3428630305,Java,Devin,chore,https://github.com/ksnatha/workflow-config/pull/2,https://api.github.com/repos/ksnatha/workflow-config
3289594553,Java,Devin,feat,https://github.com/taylor-curran/oshift-demo-credit-scoring-engine/pull/133,https://api.github.com/repos/taylor-curran/oshift-demo-credit-scoring-engine
3465009399,Java,Devin,chore,https://github.com/alex-baker-cdm/library_java/pull/2,https://api.github.com/repos/alex-baker-cdm/library_java
3289761641,Java,Devin,chore,https://github.com/taylor-curran/oshift-demo-credit-scoring-engine/pull/235,https://api.github.com/repos/taylor-curran/oshift-demo-credit-scoring-engine
3289390506,Java,Devin,fix,https://github.com/taylor-curran/oshift-demo-credit-scoring-engine/pull/44,https://api.github.com/repos/taylor-curran/oshift-demo-credit-scoring-engine
3037616278,Java,Devin,fix,https://github.com/domaframework/doma-compile-plugin/pull/89,https://api.github.com/repos/domaframework/doma-compile-plugin
3408460301,Java,Devin,fix,https://github.com/aegif/NemakiWare/pull/387,https://api.github.com/repos/aegif/NemakiWare
3523192571,Java,Devin,chore,https://github.com/mbatchelor81/inventory-demo/pull/24,https://api.github.com/repos/mbatchelor81/inventory-demo
2876419896,Java,Devin,chore,https://github.com/freedomcorp24/GhostProtocol/pull/3,https://api.github.com/repos/freedomcorp24/GhostProtocol
3040723751,Java,Devin,chore,https://github.com/goldmansachsinnovationcenter/gs-collections-bhagatr/pull/16,https://api.github.com/repos/goldmansachsinnovationcenter/gs-collections-bhagatr
3301780302,Java,Devin,fix,https://github.com/JuniperaDev/erp-system/pull/88,https://api.github.com/repos/JuniperaDev/erp-system
3289615402,Java,Devin,fix,https://github.com/taylor-curran/oshift-demo-credit-scoring-engine/pull/166,https://api.github.com/repos/taylor-curran/oshift-demo-credit-scoring-engine
3544265781,Java,Devin,fix,https://github.com/infosys-training/spring-boot-realworld-example-app/pull/40,https://api.github.com/repos/infosys-training/spring-boot-realworld-example-app
3275284036,Java,Devin,chore,https://github.com/alex-baker-cdm/library_demo/pull/16,https://api.github.com/repos/alex-baker-cdm/library_demo
3289377027,Java,Devin,fix,https://github.com/taylor-curran/oshift-demo-credit-scoring-engine/pull/37,https://api.github.com/repos/taylor-curran/oshift-demo-credit-scoring-engine
3503944008,Java,Devin,chore,https://github.com/taylor-curran/target-springboot-cics/pull/6,https://api.github.com/repos/taylor-curran/target-springboot-cics
3448621344,Java,Devin,chore,https://github.com/taylor-curran/spring-boot-realworld-example-app/pull/9,https://api.github.com/repos/taylor-curran/spring-boot-realworld-example-app
3440684354,Java,Devin,feat,https://github.com/GetCodifyAI/cut-dry-automation-framework/pull/566,https://api.github.com/repos/GetCodifyAI/cut-dry-automation-framework
2940011895,Java,Devin,feat,https://github.com/goldmansachsinnovationcenter/gs-collections-bhagatr/pull/5,https://api.github.com/repos/goldmansachsinnovationcenter/gs-collections-bhagatr
3418199326,Java,Devin,chore,https://github.com/murpheydharmon/spring-boot-realworld-example-app/pull/2,https://api.github.com/repos/murpheydharmon/spring-boot-realworld-example-app
3118788010,Java,Devin,feat,https://github.com/binchbets/mcr-projet/pull/1,https://api.github.com/repos/binchbets/mcr-projet
3222751488,Java,Devin,chore,https://github.com/callibrity/mocapi/pull/1,https://api.github.com/repos/callibrity/mocapi
3430659726,Java,Devin,chore,https://github.com/Windsurf-Samples/spring-boot-realworld-example-app/pull/11,https://api.github.com/repos/Windsurf-Samples/spring-boot-realworld-example-app
3289582312,Java,Devin,fix,https://github.com/taylor-curran/oshift-demo-credit-scoring-engine/pull/118,https://api.github.com/repos/taylor-curran/oshift-demo-credit-scoring-engine
3540713957,Java,Devin,feat,https://github.com/infosys-training/spring-boot-realworld-example-app/pull/22,https://api.github.com/repos/infosys-training/spring-boot-realworld-example-app
3400067613,Java,Devin,fix,https://github.com/aegif/NemakiWare/pull/384,https://api.github.com/repos/aegif/NemakiWare
3047502182,Java,Devin,fix,https://github.com/aegif/NemakiWare/pull/366,https://api.github.com/repos/aegif/NemakiWare
3428506833,Java,Devin,chore,https://github.com/COG-GTM/java-migration-8-11/pull/17,https://api.github.com/repos/COG-GTM/java-migration-8-11
3289415273,Java,Devin,feat,https://github.com/taylor-curran/oshift-demo-credit-scoring-engine/pull/80,https://api.github.com/repos/taylor-curran/oshift-demo-credit-scoring-engine
3294828944,Java,Devin,feat,https://github.com/taylor-curran/oshift-demo-credit-scoring-engine/pull/319,https://api.github.com/repos/taylor-curran/oshift-demo-credit-scoring-engine
3479852376,Java,Devin,chore,https://github.com/name-less-one/ai-agent-test/pull/2,https://api.github.com/repos/name-less-one/ai-agent-test
2825874131,Java,Devin,docs,https://github.com/jasonwang82/FibonacciRestful/pull/7,https://api.github.com/repos/jasonwang82/FibonacciRestful
2942352620,Java,Devin,feat,https://github.com/goldmansachsinnovationcenter/functional-testing-bhagatr/pull/1,https://api.github.com/repos/goldmansachsinnovationcenter/functional-testing-bhagatr
3448106874,Java,Devin,fix,https://github.com/nebosuke/priority-scheduled-threadpool-executor/pull/1,https://api.github.com/repos/nebosuke/priority-scheduled-threadpool-executor
3328588547,Java,Devin,feat,https://github.com/ai-devlopers/smartclaims360/pull/8,https://api.github.com/repos/ai-devlopers/smartclaims360
3492459004,Java,Devin,fix,https://github.com/Sai-Kushal-Nerella-WL/drools-app/pull/15,https://api.github.com/repos/Sai-Kushal-Nerella-WL/drools-app
3289752725,Java,Devin,fix,https://github.com/taylor-curran/oshift-demo-credit-scoring-engine/pull/193,https://api.github.com/repos/taylor-curran/oshift-demo-credit-scoring-engine
3174207139,Java,Devin,feat,https://github.com/hmallepally/karate/pull/2,https://api.github.com/repos/hmallepally/karate
3341003517,Java,Devin,chore,https://github.com/stephencornwell/joda-money/pull/1,https://api.github.com/repos/stephencornwell/joda-money
3289753276,Java,Devin,fix,https://github.com/taylor-curran/oshift-demo-credit-scoring-engine/pull/195,https://api.github.com/repos/taylor-curran/oshift-demo-credit-scoring-engine
3488963706,Java,Devin,feat,https://github.com/Sai-Kushal-Nerella-WL/drools-app/pull/10,https://api.github.com/repos/Sai-Kushal-Nerella-WL/drools-app
3116907945,Java,Devin,chore,https://github.com/ecchanger/crmall/pull/4,https://api.github.com/repos/ecchanger/crmall
3289753598,Java,Devin,fix,https://github.com/taylor-curran/oshift-demo-credit-scoring-engine/pull/196,https://api.github.com/repos/taylor-curran/oshift-demo-credit-scoring-engine
2924286849,Java,Devin,feat,https://github.com/chendaben/langchain4j-demo/pull/8,https://api.github.com/repos/chendaben/langchain4j-demo
2876445700,Java,Devin,feat,https://github.com/freedomcorp24/GhostProtocol/pull/5,https://api.github.com/repos/freedomcorp24/GhostProtocol
3489553670,Java,Devin,fix,https://github.com/chase-cog-ai/prime-simplereport/pull/3,https://api.github.com/repos/chase-cog-ai/prime-simplereport
3339894496,Java,Devin,docs,https://github.com/mbatchelor81/inventory-demo/pull/10,https://api.github.com/repos/mbatchelor81/inventory-demo
3489502228,Java,Devin,chore,https://github.com/chase-cog-ai/prime-simplereport/pull/1,https://api.github.com/repos/chase-cog-ai/prime-simplereport
2860564700,Java,Devin,feat,https://github.com/tergun/jiandu/pull/2,https://api.github.com/repos/tergun/jiandu
3289593198,Java,Devin,feat,https://github.com/taylor-curran/oshift-demo-credit-scoring-engine/pull/130,https://api.github.com/repos/taylor-curran/oshift-demo-credit-scoring-engine
3289381044,Java,Devin,feat,https://github.com/taylor-curran/oshift-demo-credit-scoring-engine/pull/39,https://api.github.com/repos/taylor-curran/oshift-demo-credit-scoring-engine
3070212722,Java,Devin,feat,https://github.com/anmoryli/TeachAgent/pull/1,https://api.github.com/repos/anmoryli/TeachAgent
3287603562,Java,Devin,chore,https://github.com/taylor-curran/oshift-demo-account-service/pull/1,https://api.github.com/repos/taylor-curran/oshift-demo-account-service
3289623938,Java,Devin,feat,https://github.com/taylor-curran/oshift-demo-credit-scoring-engine/pull/181,https://api.github.com/repos/taylor-curran/oshift-demo-credit-scoring-engine
3089376078,Java,Devin,feat,https://github.com/yanhom1314/dynamic-tp/pull/5,https://api.github.com/repos/yanhom1314/dynamic-tp
3289420959,Java,Devin,feat,https://github.com/taylor-curran/oshift-demo-credit-scoring-engine/pull/88,https://api.github.com/repos/taylor-curran/oshift-demo-credit-scoring-engine
3289790514,Java,Devin,fix,https://github.com/taylor-curran/oshift-demo-credit-scoring-engine/pull/290,https://api.github.com/repos/taylor-curran/oshift-demo-credit-scoring-engine
3367109642,Java,Devin,feat,https://github.com/chrisgroks/spring-boot-blogging-app/pull/4,https://api.github.com/repos/chrisgroks/spring-boot-blogging-app
2926948950,Java,Devin,chore,https://github.com/chendaben/langchain4j-demo/pull/19,https://api.github.com/repos/chendaben/langchain4j-demo
3393710818,Java,Devin,chore,https://github.com/ashish-019-hash/n8n-repo/pull/2,https://api.github.com/repos/ashish-019-hash/n8n-repo
3289755734,Java,Devin,fix,https://github.com/taylor-curran/oshift-demo-credit-scoring-engine/pull/209,https://api.github.com/repos/taylor-curran/oshift-demo-credit-scoring-engine
3511805142,Java,Devin,chore,https://github.com/COG-GTM/java-migration-8-11/pull/59,https://api.github.com/repos/COG-GTM/java-migration-8-11
3369195952,Java,Devin,fix,https://github.com/innerlooptek-ship-it/rules/pull/18,https://api.github.com/repos/innerlooptek-ship-it/rules
2926901370,Java,Devin,chore,https://github.com/chendaben/langchain4j-demo/pull/18,https://api.github.com/repos/chendaben/langchain4j-demo
3335424106,Java,Devin,chore,https://github.com/JuniperaDev/erp-system/pull/108,https://api.github.com/repos/JuniperaDev/erp-system
3300656259,Java,Devin,fix,https://github.com/JuniperaDev/erp-system/pull/82,https://api.github.com/repos/JuniperaDev/erp-system
3045049735,Java,Devin,chore,https://github.com/makeOurCity/moc-java/pull/11,https://api.github.com/repos/makeOurCity/moc-java
3289613110,Java,Devin,chore,https://github.com/taylor-curran/oshift-demo-credit-scoring-engine/pull/159,https://api.github.com/repos/taylor-curran/oshift-demo-credit-scoring-engine
3362655231,Java,Devin,feat,https://github.com/satoshi-watanabe-0001/ahamo-dummy-demo2-content-service/pull/2,https://api.github.com/repos/satoshi-watanabe-0001/ahamo-dummy-demo2-content-service
3289606113,Java,Devin,fix,https://github.com/taylor-curran/oshift-demo-credit-scoring-engine/pull/152,https://api.github.com/repos/taylor-curran/oshift-demo-credit-scoring-engine
2915609123,Java,Devin,feat,https://github.com/codingSally/devinPractice/pull/26,https://api.github.com/repos/codingSally/devinPractice
3491574564,Java,Devin,chore,https://github.com/chrisgroks/spring-boot-blogging-app/pull/17,https://api.github.com/repos/chrisgroks/spring-boot-blogging-app
3507456328,Java,Devin,feat,https://github.com/lukas-krecan/JsonUnit/pull/978,https://api.github.com/repos/lukas-krecan/JsonUnit
3529191163,Java,Devin,chore,https://github.com/taylor-curran/target-springboot-cics/pull/10,https://api.github.com/repos/taylor-curran/target-springboot-cics
3399096575,Java,Devin,feat,https://github.com/taylor-curran/spring-boot-realworld-example-app/pull/1,https://api.github.com/repos/taylor-curran/spring-boot-realworld-example-app
3289407175,Java,Devin,feat,https://github.com/taylor-curran/oshift-demo-credit-scoring-engine/pull/62,https://api.github.com/repos/taylor-curran/oshift-demo-credit-scoring-engine
3415566467,Java,Devin,fix,https://github.com/CognitionTeam10/openmrs-core/pull/7,https://api.github.com/repos/CognitionTeam10/openmrs-core
3540713738,Java,Devin,fix,https://github.com/infosys-training/spring-boot-realworld-example-app/pull/21,https://api.github.com/repos/infosys-training/spring-boot-realworld-example-app
3335600903,Java,Devin,feat,https://github.com/JuniperaDev/erp-system/pull/110,https://api.github.com/repos/JuniperaDev/erp-system
3289783612,Java,Devin,feat,https://github.com/taylor-curran/oshift-demo-credit-scoring-engine/pull/271,https://api.github.com/repos/taylor-curran/oshift-demo-credit-scoring-engine
3118880835,Java,Devin,feat,https://github.com/binchbets/mcr-projet/pull/2,https://api.github.com/repos/binchbets/mcr-projet
3289422229,Java,Devin,feat,https://github.com/taylor-curran/oshift-demo-credit-scoring-engine/pull/92,https://api.github.com/repos/taylor-curran/oshift-demo-credit-scoring-engine
3169692167,Java,Devin,fix,https://github.com/aegif/NemakiWare/pull/378,https://api.github.com/repos/aegif/NemakiWare
3100109426,Java,Devin,docs,https://github.com/nczempin/NICNAC16-CC/pull/4,https://api.github.com/repos/nczempin/NICNAC16-CC
2915765511,Java,Devin,feat,https://github.com/codingSally/devinPractice/pull/32,https://api.github.com/repos/codingSally/devinPractice
3401341707,Java,Devin,feat,https://github.com/ibrahim-sowunmi/mb-dna-demo/pull/3,https://api.github.com/repos/ibrahim-sowunmi/mb-dna-demo
3474391331,Java,Devin,feat,https://github.com/Infosys-BNY/spring-boot-realworld-example-app/pull/4,https://api.github.com/repos/Infosys-BNY/spring-boot-realworld-example-app
3453477775,Java,Devin,chore,https://github.com/Windsurf-Samples/spring-boot-realworld-example-app/pull/23,https://api.github.com/repos/Windsurf-Samples/spring-boot-realworld-example-app
3289575908,Java,Devin,fix,https://github.com/taylor-curran/oshift-demo-credit-scoring-engine/pull/114,https://api.github.com/repos/taylor-curran/oshift-demo-credit-scoring-engine
3408362500,Java,Devin,chore,https://github.com/m4ske/Tinder4DawgsWebApp/pull/2,https://api.github.com/repos/m4ske/Tinder4DawgsWebApp
3450143580,Java,Devin,chore,https://github.com/Windsurf-Samples/spring-boot-realworld-example-app/pull/21,https://api.github.com/repos/Windsurf-Samples/spring-boot-realworld-example-app
3289277274,Java,Devin,feat,https://github.com/taylor-curran/oshift-demo-credit-scoring-engine/pull/7,https://api.github.com/repos/taylor-curran/oshift-demo-credit-scoring-engine
3328356796,Java,Devin,feat,https://github.com/ai-devlopers/smartclaims360/pull/3,https://api.github.com/repos/ai-devlopers/smartclaims360
3503288693,Java,Devin,chore,https://github.com/COG-GTM/java-migration-8-11/pull/56,https://api.github.com/repos/COG-GTM/java-migration-8-11
2924239524,Java,Devin,feat,https://github.com/chendaben/langchain4j-demo/pull/6,https://api.github.com/repos/chendaben/langchain4j-demo
2887375882,Java,Devin,chore,https://github.com/freedomcorp24/GhostProtocol/pull/40,https://api.github.com/repos/freedomcorp24/GhostProtocol
2922037556,Java,Devin,chore,https://github.com/codingSally/devinPractice/pull/42,https://api.github.com/repos/codingSally/devinPractice
3304928993,Java,Devin,fix,https://github.com/JuniperaDev/erp-system/pull/94,https://api.github.com/repos/JuniperaDev/erp-system
3289759165,Java,Devin,fix,https://github.com/taylor-curran/oshift-demo-credit-scoring-engine/pull/228,https://api.github.com/repos/taylor-curran/oshift-demo-credit-scoring-engine
3128605455,Java,Devin,feat,https://github.com/NDViet/selenium/pull/229,https://api.github.com/repos/NDViet/selenium
3289600659,Java,Devin,fix,https://github.com/taylor-curran/oshift-demo-credit-scoring-engine/pull/144,https://api.github.com/repos/taylor-curran/oshift-demo-credit-scoring-engine
3287783491,Java,Devin,feat,https://github.com/taylor-curran/oshift-demo-credit-scoring-engine/pull/4,https://api.github.com/repos/taylor-curran/oshift-demo-credit-scoring-engine
3289760489,Java,Devin,chore,https://github.com/taylor-curran/oshift-demo-credit-scoring-engine/pull/231,https://api.github.com/repos/taylor-curran/oshift-demo-credit-scoring-engine
3289769417,Java,Devin,fix,https://github.com/taylor-curran/oshift-demo-credit-scoring-engine/pull/258,https://api.github.com/repos/taylor-curran/oshift-demo-credit-scoring-engine
3179189348,Java,Devin,feat,https://github.com/nipunb1/EMS_Salary_Service/pull/1,https://api.github.com/repos/nipunb1/EMS_Salary_Service
2876434542,Java,Devin,chore,https://github.com/freedomcorp24/GhostProtocol/pull/4,https://api.github.com/repos/freedomcorp24/GhostProtocol
3540747508,Java,Devin,fix,https://github.com/infosys-training/spring-boot-realworld-example-app/pull/28,https://api.github.com/repos/infosys-training/spring-boot-realworld-example-app
3037600579,Java,Devin,fix,https://github.com/domaframework/doma-codegen-plugin/pull/214,https://api.github.com/repos/domaframework/doma-codegen-plugin
3289757561,Java,Devin,fix,https://github.com/taylor-curran/oshift-demo-credit-scoring-engine/pull/221,https://api.github.com/repos/taylor-curran/oshift-demo-credit-scoring-engine
3167189009,Java,Devin,chore,https://github.com/aegif/NemakiWare/pull/377,https://api.github.com/repos/aegif/NemakiWare
3289759127,Java,Devin,fix,https://github.com/taylor-curran/oshift-demo-credit-scoring-engine/pull/227,https://api.github.com/repos/taylor-curran/oshift-demo-credit-scoring-engine
3521919210,Java,Devin,feat,https://github.com/mbatchelor81/spring-boot-realworld-example-app/pull/11,https://api.github.com/repos/mbatchelor81/spring-boot-realworld-example-app
2941933867,Java,Devin,feat,https://github.com/goldmansachsinnovationcenter/gs-collections-bhagatr/pull/7,https://api.github.com/repos/goldmansachsinnovationcenter/gs-collections-bhagatr
2906766143,Java,Devin,feat,https://github.com/codingSally/devinPractice/pull/14,https://api.github.com/repos/codingSally/devinPractice
3398647524,Java,Devin,fix,https://github.com/taylor-curran/oshift-demo-credit-scoring-engine/pull/325,https://api.github.com/repos/taylor-curran/oshift-demo-credit-scoring-engine
3289596327,Java,Devin,feat,https://github.com/taylor-curran/oshift-demo-credit-scoring-engine/pull/136,https://api.github.com/repos/taylor-curran/oshift-demo-credit-scoring-engine
3289598525,Java,Devin,chore,https://github.com/taylor-curran/oshift-demo-credit-scoring-engine/pull/140,https://api.github.com/repos/taylor-curran/oshift-demo-credit-scoring-engine
3233326672,Java,Devin,fix,https://github.com/jkuocareer/Coding.Exercise/pull/1,https://api.github.com/repos/jkuocareer/Coding.Exercise
2922766436,Java,Devin,fix,https://github.com/codingSally/devinPractice/pull/47,https://api.github.com/repos/codingSally/devinPractice
3304825592,Java,Devin,feat,https://github.com/JuniperaDev/erp-system/pull/92,https://api.github.com/repos/JuniperaDev/erp-system
3484720551,Java,Devin,chore,https://github.com/GetCodifyAI/cut-dry-automation-framework/pull/587,https://api.github.com/repos/GetCodifyAI/cut-dry-automation-framework
3428589132,Java,Devin,chore,https://github.com/1HarjinderSingh/TestMultiNesting-1/pull/4,https://api.github.com/repos/1HarjinderSingh/TestMultiNesting-1
3289567312,Java,Devin,chore,https://github.com/taylor-curran/oshift-demo-credit-scoring-engine/pull/110,https://api.github.com/repos/taylor-curran/oshift-demo-credit-scoring-engine
3289408705,Java,Devin,chore,https://github.com/taylor-curran/oshift-demo-credit-scoring-engine/pull/67,https://api.github.com/repos/taylor-curran/oshift-demo-credit-scoring-engine
2946145078,Java,Devin,feat,https://github.com/goldmansachsinnovationcenter/rule-engine-garnit/pull/6,https://api.github.com/repos/goldmansachsinnovationcenter/rule-engine-garnit
3167666096,Java,Devin,feat,https://github.com/raimonvibe/ecommerce-microservices-java/pull/9,https://api.github.com/repos/raimonvibe/ecommerce-microservices-java
3086544704,Java,Devin,fix,https://github.com/NDViet/selenium/pull/195,https://api.github.com/repos/NDViet/selenium
3471187316,Java,Devin,feat,https://github.com/Infosys-BNY/spring-boot-realworld-example-app/pull/1,https://api.github.com/repos/Infosys-BNY/spring-boot-realworld-example-app
3004320152,Java,Devin,chore,https://github.com/mungo1003/java-test/pull/3,https://api.github.com/repos/mungo1003/java-test
3514368874,Java,Devin,chore,https://github.com/COG-GTM/java-migration-8-11/pull/63,https://api.github.com/repos/COG-GTM/java-migration-8-11
3177242777,Java,Devin,chore,https://github.com/aegif/NemakiWare/pull/379,https://api.github.com/repos/aegif/NemakiWare
3031511624,Java,Devin,feat,https://github.com/amorin24/llmproxy-java/pull/4,https://api.github.com/repos/amorin24/llmproxy-java
3289534296,Java,Devin,feat,https://github.com/taylor-curran/oshift-demo-credit-scoring-engine/pull/95,https://api.github.com/repos/taylor-curran/oshift-demo-credit-scoring-engine
3363955132,Java,Devin,chore,https://github.com/callummiles/library_demo/pull/9,https://api.github.com/repos/callummiles/library_demo
3417823187,Java,Devin,fix,https://github.com/sharkyy/home-assistant-floor-plan/pull/10,https://api.github.com/repos/sharkyy/home-assistant-floor-plan
3450142434,Java,Devin,feat,https://github.com/alex-baker-cdm/library_demo/pull/26,https://api.github.com/repos/alex-baker-cdm/library_demo
3360359586,Java,Devin,feat,https://github.com/BlakeUsenick2/spring-boot-realworld-example-app/pull/1,https://api.github.com/repos/BlakeUsenick2/spring-boot-realworld-example-app
3105549748,Java,Devin,chore,https://github.com/mitonize/line-fido2-server/pull/5,https://api.github.com/repos/mitonize/line-fido2-server
3374812201,Java,Devin,feat,https://github.com/satoshi-watanabe-0001/ahamo-dummy-demo2-plan-service/pull/2,https://api.github.com/repos/satoshi-watanabe-0001/ahamo-dummy-demo2-plan-service
3438265750,Java,Devin,chore,https://github.com/GetCodifyAI/cut-dry-automation-framework/pull/564,https://api.github.com/repos/GetCodifyAI/cut-dry-automation-framework
3434795047,Java,Devin,chore,https://github.com/COG-GTM/ftgo-monolith/pull/8,https://api.github.com/repos/COG-GTM/ftgo-monolith
3540663466,Java,Devin,fix,https://github.com/infosys-training/spring-boot-realworld-example-app/pull/14,https://api.github.com/repos/infosys-training/spring-boot-realworld-example-app
3541666583,Java,Devin,fix,https://github.com/infosys-training/spring-boot-realworld-example-app/pull/35,https://api.github.com/repos/infosys-training/spring-boot-realworld-example-app
3328380401,Java,Devin,docs,https://github.com/ai-devlopers/smartclaims360/pull/4,https://api.github.com/repos/ai-devlopers/smartclaims360
3206149716,Java,Devin,chore,https://github.com/t-uejo/blog-api/pull/5,https://api.github.com/repos/t-uejo/blog-api
3492688612,Java,Devin,chore,https://github.com/mbatchelor81/spring-boot-realworld-example-app/pull/3,https://api.github.com/repos/mbatchelor81/spring-boot-realworld-example-app
3293623496,Java,Devin,fix,https://github.com/JuniperaDev/erp-system/pull/78,https://api.github.com/repos/JuniperaDev/erp-system
3289762992,Java,Devin,feat,https://github.com/taylor-curran/oshift-demo-credit-scoring-engine/pull/242,https://api.github.com/repos/taylor-curran/oshift-demo-credit-scoring-engine
3414760248,Java,Devin,fix,https://github.com/CognitionTeam10/openmrs-core/pull/6,https://api.github.com/repos/CognitionTeam10/openmrs-core
3086236758,Java,Devin,fix,https://github.com/NDViet/selenium/pull/194,https://api.github.com/repos/NDViet/selenium
3271568767,Java,Devin,chore,https://github.com/satwik-codeium/nachos/pull/1,https://api.github.com/repos/satwik-codeium/nachos
3257805465,Java,Devin,fix,https://github.com/byadav23/launch-darkly/pull/1,https://api.github.com/repos/byadav23/launch-darkly
3435065060,Java,Devin,chore,https://github.com/Windsurf-Samples/spring-boot-realworld-example-app/pull/13,https://api.github.com/repos/Windsurf-Samples/spring-boot-realworld-example-app
3396856273,Java,Devin,chore,https://github.com/ashish-019-hash/n8n-repo/pull/4,https://api.github.com/repos/ashish-019-hash/n8n-repo
2907328182,Java,Devin,fix,https://github.com/codingSally/devinPractice/pull/22,https://api.github.com/repos/codingSally/devinPractice
3400981755,Java,Devin,fix,https://github.com/GetCodifyAI/cut-dry-automation-framework/pull/557,https://api.github.com/repos/GetCodifyAI/cut-dry-automation-framework
3289408021,Java,Devin,fix,https://github.com/taylor-curran/oshift-demo-credit-scoring-engine/pull/64,https://api.github.com/repos/taylor-curran/oshift-demo-credit-scoring-engine
3289365855,Java,Devin,feat,https://github.com/taylor-curran/oshift-demo-credit-scoring-engine/pull/29,https://api.github.com/repos/taylor-curran/oshift-demo-credit-scoring-engine
3263284173,Java,Devin,feat,https://github.com/JuniperaDev/java-legacy/pull/4,https://api.github.com/repos/JuniperaDev/java-legacy
3163113485,Java,Devin,feat,https://github.com/johnny-la/go-compiler/pull/1,https://api.github.com/repos/johnny-la/go-compiler
3174132347,Java,Devin,chore,https://github.com/hmallepally/karate/pull/1,https://api.github.com/repos/hmallepally/karate
3294057329,Java,Devin,chore,https://github.com/JuniperaDev/erp-system/pull/80,https://api.github.com/repos/JuniperaDev/erp-system
3297151678,Java,Devin,feat,https://github.com/taylor-curran/oshift-demo-transaction-processor/pull/7,https://api.github.com/repos/taylor-curran/oshift-demo-transaction-processor
3408193255,Java,Devin,chore,https://github.com/CognitionTeam10/openmrs-core/pull/3,https://api.github.com/repos/CognitionTeam10/openmrs-core
3095427372,Java,Devin,chore,https://github.com/dx-junkyard/api-community-spring/pull/23,https://api.github.com/repos/dx-junkyard/api-community-spring
3541711523,Java,Devin,fix,https://github.com/infosys-training/spring-boot-realworld-example-app/pull/36,https://api.github.com/repos/infosys-training/spring-boot-realworld-example-app
3450305224,Java,Devin,chore,https://github.com/COG-GTM/java-migration-8-11/pull/27,https://api.github.com/repos/COG-GTM/java-migration-8-11
3328693821,Java,Devin,chore,https://github.com/SoftwareProjectsPP/Emailgenaitool/pull/1,https://api.github.com/repos/SoftwareProjectsPP/Emailgenaitool
2844326651,Java,Devin,feat,https://github.com/bryce-h-t/sample-microservices-protobuf/pull/4,https://api.github.com/repos/bryce-h-t/sample-microservices-protobuf
3289756400,Java,Devin,fix,https://github.com/taylor-curran/oshift-demo-credit-scoring-engine/pull/216,https://api.github.com/repos/taylor-curran/oshift-demo-credit-scoring-engine
3294855791,Java,Devin,chore,https://github.com/taylor-curran/oshift-demo-credit-scoring-engine/pull/320,https://api.github.com/repos/taylor-curran/oshift-demo-credit-scoring-engine
3364832767,Java,Devin,chore,https://github.com/connorh-lgtm/spring-boot-realworld-example-app/pull/6,https://api.github.com/repos/connorh-lgtm/spring-boot-realworld-example-app
3374861368,Java,Devin,chore,https://github.com/GetCodifyAI/cut-dry-ui-automation-restaurant/pull/237,https://api.github.com/repos/GetCodifyAI/cut-dry-ui-automation-restaurant
3320659630,Java,Devin,chore,https://github.com/satoshi-watanabe-0001/-satoshi-watanabe-0001-ahamo-dummy-demo2-auth-service/pull/4,https://api.github.com/repos/satoshi-watanabe-0001/-satoshi-watanabe-0001-ahamo-dummy-demo2-auth-service
3289762179,Java,Devin,fix,https://github.com/taylor-curran/oshift-demo-credit-scoring-engine/pull/240,https://api.github.com/repos/taylor-curran/oshift-demo-credit-scoring-engine
3540719304,Java,Devin,fix,https://github.com/infosys-training/spring-boot-realworld-example-app/pull/24,https://api.github.com/repos/infosys-training/spring-boot-realworld-example-app
3289752042,Java,Devin,feat,https://github.com/taylor-curran/oshift-demo-credit-scoring-engine/pull/184,https://api.github.com/repos/taylor-curran/oshift-demo-credit-scoring-engine
3289602209,Java,Devin,fix,https://github.com/taylor-curran/oshift-demo-credit-scoring-engine/pull/146,https://api.github.com/repos/taylor-curran/oshift-demo-credit-scoring-engine
3417227433,Java,Devin,fix,https://github.com/sharkyy/home-assistant-floor-plan/pull/6,https://api.github.com/repos/sharkyy/home-assistant-floor-plan
3547604978,Java,Devin,feat,https://github.com/infosys-training/spring-boot-realworld-example-app/pull/42,https://api.github.com/repos/infosys-training/spring-boot-realworld-example-app
2876640273,Java,Devin,chore,https://github.com/freedomcorp24/GhostProtocol/pull/10,https://api.github.com/repos/freedomcorp24/GhostProtocol
3301870113,Java,Devin,fix,https://github.com/JuniperaDev/erp-system/pull/89,https://api.github.com/repos/JuniperaDev/erp-system
3438484448,Java,Devin,feat,https://github.com/GetCodifyAI/cut-dry-automation-framework/pull/565,https://api.github.com/repos/GetCodifyAI/cut-dry-automation-framework
3289565166,Java,Devin,fix,https://github.com/taylor-curran/oshift-demo-credit-scoring-engine/pull/108,https://api.github.com/repos/taylor-curran/oshift-demo-credit-scoring-engine
2937917187,Java,Devin,fix,https://github.com/goldmansachsinnovationcenter/gs-collections-bhagatr/pull/3,https://api.github.com/repos/goldmansachsinnovationcenter/gs-collections-bhagatr
2946029915,Java,Devin,chore,https://github.com/goldmansachsinnovationcenter/rule-engine-garnit/pull/5,https://api.github.com/repos/goldmansachsinnovationcenter/rule-engine-garnit
3474786806,Java,Devin,feat,https://github.com/Infosys-BNY/spring-boot-realworld-example-app/pull/6,https://api.github.com/repos/Infosys-BNY/spring-boot-realworld-example-app
3296762825,Java,Devin,chore,https://github.com/taylor-curran/oshift-demo-credit-scoring-engine/pull/324,https://api.github.com/repos/taylor-curran/oshift-demo-credit-scoring-engine
2927753200,Java,Devin,feat,https://github.com/corezoid/sdk-java/pull/5,https://api.github.com/repos/corezoid/sdk-java
3289376223,Java,Devin,chore,https://github.com/taylor-curran/oshift-demo-credit-scoring-engine/pull/35,https://api.github.com/repos/taylor-curran/oshift-demo-credit-scoring-engine
3481975361,Java,Devin,docs,https://github.com/callummiles/library_demo/pull/14,https://api.github.com/repos/callummiles/library_demo
3419080075,Java,Devin,feat,https://github.com/sharkyy/home-assistant-floor-plan/pull/13,https://api.github.com/repos/sharkyy/home-assistant-floor-plan
3441755341,Java,Devin,chore,https://github.com/COG-GTM/java-migration-8-11/pull/24,https://api.github.com/repos/COG-GTM/java-migration-8-11
3543732939,Java,Devin,chore,https://github.com/satoshi-watanabe-0001/ec-site-auth-service/pull/1,https://api.github.com/repos/satoshi-watanabe-0001/ec-site-auth-service
3289421244,Java,Devin,fix,https://github.com/taylor-curran/oshift-demo-credit-scoring-engine/pull/90,https://api.github.com/repos/taylor-curran/oshift-demo-credit-scoring-engine
3335390252,Java,Devin,chore,https://github.com/samfert-codeium/springbootapp/pull/5,https://api.github.com/repos/samfert-codeium/springbootapp
3535794886,Java,Devin,chore,https://github.com/Windsurf-Samples/spring-boot-realworld-example-app/pull/34,https://api.github.com/repos/Windsurf-Samples/spring-boot-realworld-example-app
2868473681,Java,Devin,feat,https://github.com/111DIVYANSHI/GENAI-tool/pull/1,https://api.github.com/repos/111DIVYANSHI/GENAI-tool
3497926323,Java,Devin,feat,https://github.com/infosys-training/spring-boot-realworld-example-app/pull/4,https://api.github.com/repos/infosys-training/spring-boot-realworld-example-app
3289597638,Java,Devin,feat,https://github.com/taylor-curran/oshift-demo-credit-scoring-engine/pull/137,https://api.github.com/repos/taylor-curran/oshift-demo-credit-scoring-engine
3383171315,Java,Devin,feat,https://github.com/GetCodifyAI/cut-dry-automation-framework/pull/550,https://api.github.com/repos/GetCodifyAI/cut-dry-automation-framework
3467367536,Java,Devin,fix,https://github.com/GetCodifyAI/cut-dry-ui-automation-restaurant/pull/254,https://api.github.com/repos/GetCodifyAI/cut-dry-ui-automation-restaurant
3044981712,Java,Devin,chore,https://github.com/makeOurCity/moc-java/pull/10,https://api.github.com/repos/makeOurCity/moc-java
3032585814,Java,Devin,chore,https://github.com/sakhamuri9/SELF-STUDY-BACKEND/pull/7,https://api.github.com/repos/sakhamuri9/SELF-STUDY-BACKEND
2840406258,Java,Devin,fix,https://github.com/Cap-go/capacitor-inappbrowser/pull/280,https://api.github.com/repos/Cap-go/capacitor-inappbrowser
3426896092,Java,Devin,chore,https://github.com/chrisgroks/spring-boot-blogging-app/pull/12,https://api.github.com/repos/chrisgroks/spring-boot-blogging-app
3223918097,Java,Devin,feat,https://github.com/callibrity/mocapi/pull/4,https://api.github.com/repos/callibrity/mocapi
3528210513,Java,Devin,feat,https://github.com/zhihang9978/-IM/pull/4,https://api.github.com/repos/zhihang9978/-IM
3326317533,Java,Devin,fix,https://github.com/lsgllc/NORM_new/pull/4,https://api.github.com/repos/lsgllc/NORM_new
3382032627,Java,Devin,feat,https://github.com/GincoInc/gew-kmp/pull/170,https://api.github.com/repos/GincoInc/gew-kmp
3289623850,Java,Devin,feat,https://github.com/taylor-curran/oshift-demo-credit-scoring-engine/pull/180,https://api.github.com/repos/taylor-curran/oshift-demo-credit-scoring-engine
3521709158,Java,Devin,chore,https://github.com/callummiles/library_demo/pull/18,https://api.github.com/repos/callummiles/library_demo
3289760504,Java,Devin,chore,https://github.com/taylor-curran/oshift-demo-credit-scoring-engine/pull/232,https://api.github.com/repos/taylor-curran/oshift-demo-credit-scoring-engine
3449372542,Java,Devin,chore,https://github.com/taylor-curran/target-springboot-cics/pull/2,https://api.github.com/repos/taylor-curran/target-springboot-cics
3212197019,Java,Devin,feat,https://github.com/GincoInc/gew-kmp/pull/168,https://api.github.com/repos/GincoInc/gew-kmp
3289623213,Java,Devin,chore,https://github.com/taylor-curran/oshift-demo-credit-scoring-engine/pull/177,https://api.github.com/repos/taylor-curran/oshift-demo-credit-scoring-engine
3004311264,Java,Devin,chore,https://github.com/mungo1003/java-test/pull/1,https://api.github.com/repos/mungo1003/java-test
3492640168,Java,Devin,feat,https://github.com/mbatchelor81/spring-boot-realworld-example-app/pull/2,https://api.github.com/repos/mbatchelor81/spring-boot-realworld-example-app
3359605238,Java,Devin,docs,https://github.com/JuniperaDev/erp-system/pull/115,https://api.github.com/repos/JuniperaDev/erp-system
3502937200,Java,Devin,chore,https://github.com/callummiles/library_demo/pull/16,https://api.github.com/repos/callummiles/library_demo
2907026300,Java,Devin,fix,https://github.com/codingSally/devinPractice/pull/16,https://api.github.com/repos/codingSally/devinPractice
3289572419,Java,Devin,chore,https://github.com/taylor-curran/oshift-demo-credit-scoring-engine/pull/112,https://api.github.com/repos/taylor-curran/oshift-demo-credit-scoring-engine
3533394942,Java,Devin,feat,https://github.com/samfert-codeium/BankingMicroservices/pull/17,https://api.github.com/repos/samfert-codeium/BankingMicroservices
3289601459,Java,Devin,feat,https://github.com/taylor-curran/oshift-demo-credit-scoring-engine/pull/145,https://api.github.com/repos/taylor-curran/oshift-demo-credit-scoring-engine
3289607000,Java,Devin,fix,https://github.com/taylor-curran/oshift-demo-credit-scoring-engine/pull/154,https://api.github.com/repos/taylor-curran/oshift-demo-credit-scoring-engine
2941948642,Java,Devin,fix,https://github.com/goldmansachsinnovationcenter/gs-collections-bhagatr/pull/8,https://api.github.com/repos/goldmansachsinnovationcenter/gs-collections-bhagatr
3491927173,Java,Devin,fix,https://github.com/biltrewards/artifact-registry-maven-tools/pull/6,https://api.github.com/repos/biltrewards/artifact-registry-maven-tools
3294931128,Java,Devin,chore,https://github.com/dyyjiutian/springDemo/pull/2,https://api.github.com/repos/dyyjiutian/springDemo
3485113268,Java,Devin,feat,https://github.com/infosys-training/spring-boot-realworld-example-app/pull/1,https://api.github.com/repos/infosys-training/spring-boot-realworld-example-app
3544014643,Java,Devin,fix,https://github.com/infosys-training/spring-boot-realworld-example-app/pull/38,https://api.github.com/repos/infosys-training/spring-boot-realworld-example-app
3455439379,Java,Devin,chore,https://github.com/COG-GTM/java-migration-8-11/pull/35,https://api.github.com/repos/COG-GTM/java-migration-8-11
3289790698,Java,Devin,chore,https://github.com/taylor-curran/oshift-demo-credit-scoring-engine/pull/292,https://api.github.com/repos/taylor-curran/oshift-demo-credit-scoring-engine
2930888314,Java,Devin,chore,https://github.com/chendaben/langchain4j-demo/pull/34,https://api.github.com/repos/chendaben/langchain4j-demo
3392506037,Java,Devin,chore,https://github.com/COG-GTM/java-migration-8-11/pull/1,https://api.github.com/repos/COG-GTM/java-migration-8-11
2915745277,Java,Devin,chore,https://github.com/codingSally/devinPractice/pull/30,https://api.github.com/repos/codingSally/devinPractice
3323994142,Java,Devin,feat,https://github.com/COG-GTM/ftgo-monolith/pull/5,https://api.github.com/repos/COG-GTM/ftgo-monolith
3271157625,Java,Devin,chore,https://github.com/COG-GTM/ftgo-monolith/pull/3,https://api.github.com/repos/COG-GTM/ftgo-monolith
3436683069,Java,Devin,feat,https://github.com/satoshi-watanabe-0001/ahamo-dummy-demo2-content-service/pull/4,https://api.github.com/repos/satoshi-watanabe-0001/ahamo-dummy-demo2-content-service
3515808767,Java,Devin,chore,https://github.com/taylor-curran/target-springboot-cics/pull/7,https://api.github.com/repos/taylor-curran/target-springboot-cics
3054846902,Java,Devin,feat,https://github.com/nobodyiam/apollo/pull/8,https://api.github.com/repos/nobodyiam/apollo
3290535829,Java,Devin,feat,https://github.com/JuniperaDev/erp-system/pull/76,https://api.github.com/repos/JuniperaDev/erp-system
3290591512,Java,Devin,feat,https://github.com/taylor-curran/oshift-demo-credit-scoring-engine/pull/314,https://api.github.com/repos/taylor-curran/oshift-demo-credit-scoring-engine
3529367320,Java,Devin,feat,https://github.com/swapnilpuri/RAG-w-chunks/pull/1,https://api.github.com/repos/swapnilpuri/RAG-w-chunks
3521564284,Java,Devin,chore,https://github.com/COG-GTM/java-migration-8-11/pull/65,https://api.github.com/repos/COG-GTM/java-migration-8-11
3289755580,Java,Devin,chore,https://github.com/taylor-curran/oshift-demo-credit-scoring-engine/pull/208,https://api.github.com/repos/taylor-curran/oshift-demo-credit-scoring-engine
3328645472,Java,Devin,chore,https://github.com/tsporthd/palindromic/pull/1,https://api.github.com/repos/tsporthd/palindromic
3032457106,Java,Devin,chore,https://github.com/sakhamuri9/SELF-STUDY-BACKEND/pull/4,https://api.github.com/repos/sakhamuri9/SELF-STUDY-BACKEND
2924346605,Java,Devin,feat,https://github.com/chendaben/langchain4j-demo/pull/9,https://api.github.com/repos/chendaben/langchain4j-demo
2879264132,Java,Devin,chore,https://github.com/freedomcorp24/GhostProtocol/pull/21,https://api.github.com/repos/freedomcorp24/GhostProtocol
2904784750,Java,Devin,fix,https://github.com/codingSally/devinPractice/pull/3,https://api.github.com/repos/codingSally/devinPractice
3289793062,Java,Devin,chore,https://github.com/taylor-curran/oshift-demo-credit-scoring-engine/pull/297,https://api.github.com/repos/taylor-curran/oshift-demo-credit-scoring-engine
3294786598,Java,Devin,feat,https://github.com/taylor-curran/oshift-demo-credit-scoring-engine/pull/318,https://api.github.com/repos/taylor-curran/oshift-demo-credit-scoring-engine
2876364709,Java,Devin,chore,https://github.com/freedomcorp24/GhostProtocol/pull/2,https://api.github.com/repos/freedomcorp24/GhostProtocol
3287908170,Java,Devin,chore,https://github.com/goldmansachsinnovationcenter/gs-collections-bhagatr/pull/17,https://api.github.com/repos/goldmansachsinnovationcenter/gs-collections-bhagatr
3290577976,Java,Devin,fix,https://github.com/JuniperaDev/erp-system/pull/77,https://api.github.com/repos/JuniperaDev/erp-system
3274694234,Java,Devin,feat,https://github.com/alex-baker-cdm/library_demo/pull/15,https://api.github.com/repos/alex-baker-cdm/library_demo
2880128937,Java,Devin,fix,https://github.com/freedomcorp24/GhostProtocol/pull/33,https://api.github.com/repos/freedomcorp24/GhostProtocol
3263308952,Java,Devin,chore,https://github.com/JuniperaDev/java-legacy/pull/7,https://api.github.com/repos/JuniperaDev/java-legacy
3148526182,Java,Devin,feat,https://github.com/aegif/NemakiWare/pull/372,https://api.github.com/repos/aegif/NemakiWare
3336283646,Java,Devin,chore,https://github.com/samfert-codeium/BankingMicroservices/pull/2,https://api.github.com/repos/samfert-codeium/BankingMicroservices
3364135692,Java,Devin,feat,https://github.com/COG-GTM/ci-t_open_issues/pull/4,https://api.github.com/repos/COG-GTM/ci-t_open_issues
3362652829,Java,Devin,feat,https://github.com/satoshi-watanabe-0001/ahamo-dummy-demo2-application-service/pull/2,https://api.github.com/repos/satoshi-watanabe-0001/ahamo-dummy-demo2-application-service
3289622747,Java,Devin,fix,https://github.com/taylor-curran/oshift-demo-credit-scoring-engine/pull/176,https://api.github.com/repos/taylor-curran/oshift-demo-credit-scoring-engine
3254584260,Java,Devin,fix,https://github.com/alex-baker-cdm/library_demo/pull/7,https://api.github.com/repos/alex-baker-cdm/library_demo
3245466295,Java,Devin,chore,https://github.com/aegif/NemakiWare/pull/380,https://api.github.com/repos/aegif/NemakiWare
3404694929,Java,Devin,chore,https://github.com/satoshi-watanabe-0001/ahamo-dummy-demo2-content-service/pull/3,https://api.github.com/repos/satoshi-watanabe-0001/ahamo-dummy-demo2-content-service
3522402492,Java,Devin,fix,https://github.com/mbatchelor81/inventory-demo/pull/23,https://api.github.com/repos/mbatchelor81/inventory-demo
3418323923,Java,Devin,fix,https://github.com/sharkyy/home-assistant-floor-plan/pull/11,https://api.github.com/repos/sharkyy/home-assistant-floor-plan
2905210066,Java,Devin,fix,https://github.com/codingSally/devinPractice/pull/6,https://api.github.com/repos/codingSally/devinPractice
3345884341,Java,Devin,chore,https://github.com/Devin-BNY-Demo/spring-boot-realworld-example-app/pull/1,https://api.github.com/repos/Devin-BNY-Demo/spring-boot-realworld-example-app
3128583332,Java,Devin,feat,https://github.com/NDViet/selenium/pull/228,https://api.github.com/repos/NDViet/selenium
3289793339,Java,Devin,fix,https://github.com/taylor-curran/oshift-demo-credit-scoring-engine/pull/299,https://api.github.com/repos/taylor-curran/oshift-demo-credit-scoring-engine
3289415011,Java,Devin,feat,https://github.com/taylor-curran/oshift-demo-credit-scoring-engine/pull/78,https://api.github.com/repos/taylor-curran/oshift-demo-credit-scoring-engine
2993705897,Java,Devin,feat,https://github.com/mykavr/jcpm-core-app/pull/22,https://api.github.com/repos/mykavr/jcpm-core-app
3289794753,Java,Devin,chore,https://github.com/taylor-curran/oshift-demo-credit-scoring-engine/pull/302,https://api.github.com/repos/taylor-curran/oshift-demo-credit-scoring-engine
3289800746,Java,Devin,feat,https://github.com/taylor-curran/oshift-demo-credit-scoring-engine/pull/309,https://api.github.com/repos/taylor-curran/oshift-demo-credit-scoring-engine
3289788760,Java,Devin,chore,https://github.com/taylor-curran/oshift-demo-credit-scoring-engine/pull/287,https://api.github.com/repos/taylor-curran/oshift-demo-credit-scoring-engine
3328330295,Java,Devin,feat,https://github.com/ai-devlopers/smartclaims360/pull/2,https://api.github.com/repos/ai-devlopers/smartclaims360
3430070885,Java,Devin,feat,https://github.com/GetCodifyAI/cut-dry-automation-framework/pull/561,https://api.github.com/repos/GetCodifyAI/cut-dry-automation-framework
3263290671,Java,Devin,chore,https://github.com/JuniperaDev/java-legacy/pull/5,https://api.github.com/repos/JuniperaDev/java-legacy
3132005762,Java,Devin,feat,https://github.com/yewton/petclinic/pull/91,https://api.github.com/repos/yewton/petclinic
3086288189,Java,Devin,docs,https://github.com/dx-junkyard/api-community-spring/pull/21,https://api.github.com/repos/dx-junkyard/api-community-spring
3540894060,Java,Devin,fix,https://github.com/infosys-training/spring-boot-realworld-example-app/pull/33,https://api.github.com/repos/infosys-training/spring-boot-realworld-example-app
3474404697,Java,Devin,feat,https://github.com/Infosys-BNY/spring-boot-realworld-example-app/pull/5,https://api.github.com/repos/Infosys-BNY/spring-boot-realworld-example-app
3289778695,Java,Devin,feat,https://github.com/taylor-curran/oshift-demo-credit-scoring-engine/pull/267,https://api.github.com/repos/taylor-curran/oshift-demo-credit-scoring-engine
3234041053,Java,Devin,fix,https://github.com/alex-baker-cdm/library_demo/pull/3,https://api.github.com/repos/alex-baker-cdm/library_demo
3289564626,Java,Devin,fix,https://github.com/taylor-curran/oshift-demo-credit-scoring-engine/pull/107,https://api.github.com/repos/taylor-curran/oshift-demo-credit-scoring-engine
3315309081,Java,Devin,feat,https://github.com/JuniperaDev/erp-system/pull/104,https://api.github.com/repos/JuniperaDev/erp-system
3427823523,Java,Devin,chore,https://github.com/chrisgroks/spring-boot-blogging-app/pull/14,https://api.github.com/repos/chrisgroks/spring-boot-blogging-app
3418930011,Java,Devin,chore,https://github.com/bakariwindsurf/spring-boot-realworld-example-app/pull/2,https://api.github.com/repos/bakariwindsurf/spring-boot-realworld-example-app
3289604999,Java,Devin,fix,https://github.com/taylor-curran/oshift-demo-credit-scoring-engine/pull/150,https://api.github.com/repos/taylor-curran/oshift-demo-credit-scoring-engine
3296745826,Java,Devin,feat,https://github.com/taylor-curran/oshift-demo-transaction-processor/pull/6,https://api.github.com/repos/taylor-curran/oshift-demo-transaction-processor
2907124962,Java,Devin,fix,https://github.com/codingSally/devinPractice/pull/18,https://api.github.com/repos/codingSally/devinPractice
3400916712,Java,Devin,fix,https://github.com/aegif/NemakiWare/pull/385,https://api.github.com/repos/aegif/NemakiWare
3364104419,Java,Devin,chore,https://github.com/murpheydharmon/spring-boot-realworld-example-app/pull/1,https://api.github.com/repos/murpheydharmon/spring-boot-realworld-example-app
3417759677,Java,Devin,chore,https://github.com/sharkyy/home-assistant-floor-plan/pull/9,https://api.github.com/repos/sharkyy/home-assistant-floor-plan
2878456019,Java,Devin,chore,https://github.com/freedomcorp24/GhostProtocol/pull/17,https://api.github.com/repos/freedomcorp24/GhostProtocol
3488738929,Java,Devin,chore,https://github.com/Sai-Kushal-Nerella-WL/drools-app/pull/9,https://api.github.com/repos/Sai-Kushal-Nerella-WL/drools-app
3489568595,Java,Devin,fix,https://github.com/chase-cog-ai/prime-simplereport/pull/4,https://api.github.com/repos/chase-cog-ai/prime-simplereport
3407376783,Java,Devin,chore,https://github.com/GetCodifyAI/cut-dry-ui-automation-restaurant/pull/243,https://api.github.com/repos/GetCodifyAI/cut-dry-ui-automation-restaurant
3289759226,Java,Devin,fix,https://github.com/taylor-curran/oshift-demo-credit-scoring-engine/pull/229,https://api.github.com/repos/taylor-curran/oshift-demo-credit-scoring-engine
3289753246,Java,Devin,chore,https://github.com/taylor-curran/oshift-demo-credit-scoring-engine/pull/194,https://api.github.com/repos/taylor-curran/oshift-demo-credit-scoring-engine
3289554023,Java,Devin,feat,https://github.com/taylor-curran/oshift-demo-credit-scoring-engine/pull/105,https://api.github.com/repos/taylor-curran/oshift-demo-credit-scoring-engine
3450303754,Java,Devin,chore,https://github.com/COG-GTM/java-migration-8-11/pull/26,https://api.github.com/repos/COG-GTM/java-migration-8-11
2840412569,Java,Devin,fix,https://github.com/Cap-go/capacitor-camera-preview/pull/173,https://api.github.com/repos/Cap-go/capacitor-camera-preview
3299383277,Java,Devin,feat,https://github.com/fliang-zuora/devin-payment-integration/pull/6,https://api.github.com/repos/fliang-zuora/devin-payment-integration
3328314435,Java,Devin,chore,https://github.com/ai-devlopers/smartclaims360/pull/1,https://api.github.com/repos/ai-devlopers/smartclaims360
3382793775,Java,Devin,feat,https://github.com/GetCodifyAI/cut-dry-ui-automation-restaurant/pull/240,https://api.github.com/repos/GetCodifyAI/cut-dry-ui-automation-restaurant
3540711051,Java,Devin,fix,https://github.com/infosys-training/spring-boot-realworld-example-app/pull/20,https://api.github.com/repos/infosys-training/spring-boot-realworld-example-app
2922003070,Java,Devin,chore,https://github.com/codingSally/devinPractice/pull/41,https://api.github.com/repos/codingSally/devinPractice
3325992062,Java,Devin,feat,https://github.com/lsgllc/NORM_new/pull/3,https://api.github.com/repos/lsgllc/NORM_new
3427998602,Java,Devin,feat,https://github.com/christina-pan-windsurf/Ant-Media-Server/pull/2,https://api.github.com/repos/christina-pan-windsurf/Ant-Media-Server
3045629076,Java,Devin,feat,https://github.com/goldmansachsinnovationcenter/self-service-scheduler/pull/6,https://api.github.com/repos/goldmansachsinnovationcenter/self-service-scheduler
3477934241,Java,Devin,chore,https://github.com/COG-GTM/ftgo-monolith/pull/14,https://api.github.com/repos/COG-GTM/ftgo-monolith
3289409246,Java,Devin,fix,https://github.com/taylor-curran/oshift-demo-credit-scoring-engine/pull/69,https://api.github.com/repos/taylor-curran/oshift-demo-credit-scoring-engine
3448639945,Java,Devin,chore,https://github.com/taylor-curran/spring-boot-realworld-example-app/pull/10,https://api.github.com/repos/taylor-curran/spring-boot-realworld-example-app
3440943856,Java,Devin,chore,https://github.com/ashish-019-hash/n8n-repo/pull/10,https://api.github.com/repos/ashish-019-hash/n8n-repo
3364381496,Java,Devin,feat,https://github.com/connorh-lgtm/spring-boot-realworld-example-app/pull/1,https://api.github.com/repos/connorh-lgtm/spring-boot-realworld-example-app
3290620247,Java,Devin,fix,https://github.com/taylor-curran/oshift-demo-credit-scoring-engine/pull/316,https://api.github.com/repos/taylor-curran/oshift-demo-credit-scoring-engine
3367796090,Java,Devin,feat,https://github.com/chrisgroks/spring-boot-blogging-app/pull/9,https://api.github.com/repos/chrisgroks/spring-boot-blogging-app
3395563775,Java,Devin,docs,https://github.com/COG-GTM/java-migration-8-11/pull/11,https://api.github.com/repos/COG-GTM/java-migration-8-11
3470237904,Java,Devin,chore,https://github.com/COG-GTM/java-migration-8-11/pull/41,https://api.github.com/repos/COG-GTM/java-migration-8-11
2759515321,Java,Devin,chore,https://github.com/AI4Wings/PCAPdroid/pull/1,https://api.github.com/repos/AI4Wings/PCAPdroid
3396849040,Java,Devin,chore,https://github.com/ankehao-dev/StorageSystem/pull/4,https://api.github.com/repos/ankehao-dev/StorageSystem
3287626503,Java,Devin,chore,https://github.com/taylor-curran/oshift-demo-account-service/pull/2,https://api.github.com/repos/taylor-curran/oshift-demo-account-service
3324314829,Java,Devin,fix,https://github.com/innerlooptek-ship-it/rules/pull/10,https://api.github.com/repos/innerlooptek-ship-it/rules
3522600518,Java,Devin,feat,https://github.com/alex-baker-cdm/library_java/pull/6,https://api.github.com/repos/alex-baker-cdm/library_java
2945811010,Java,Devin,feat,https://github.com/goldmansachsinnovationcenter/rule-engine-garnit/pull/3,https://api.github.com/repos/goldmansachsinnovationcenter/rule-engine-garnit
3474112669,Java,Devin,feat,https://github.com/Infosys-BNY/spring-boot-realworld-example-app/pull/3,https://api.github.com/repos/Infosys-BNY/spring-boot-realworld-example-app
3319071402,Java,Devin,feat,https://github.com/callummiles/library_demo/pull/4,https://api.github.com/repos/callummiles/library_demo
3168010768,Java,Devin,chore,https://github.com/raimonvibe/ecommerce-microservices-java/pull/10,https://api.github.com/repos/raimonvibe/ecommerce-microservices-java
3328783008,Java,Devin,chore,https://github.com/SoftwareProjectsPP/Emailgenaitool/pull/4,https://api.github.com/repos/SoftwareProjectsPP/Emailgenaitool
3289758331,Java,Devin,chore,https://github.com/taylor-curran/oshift-demo-credit-scoring-engine/pull/225,https://api.github.com/repos/taylor-curran/oshift-demo-credit-scoring-engine
3540759179,Java,Devin,fix,https://github.com/infosys-training/spring-boot-realworld-example-app/pull/29,https://api.github.com/repos/infosys-training/spring-boot-realworld-example-app
3289385982,Java,Devin,fix,https://github.com/taylor-curran/oshift-demo-credit-scoring-engine/pull/40,https://api.github.com/repos/taylor-curran/oshift-demo-credit-scoring-engine
3289787199,Java,Devin,fix,https://github.com/taylor-curran/oshift-demo-credit-scoring-engine/pull/282,https://api.github.com/repos/taylor-curran/oshift-demo-credit-scoring-engine
3363668417,Java,Devin,chore,https://github.com/JuniperaDev/erp-system/pull/128,https://api.github.com/repos/JuniperaDev/erp-system
3407962181,Java,Devin,chore,https://github.com/Windsurf-Samples/spring-boot-realworld-example-app/pull/3,https://api.github.com/repos/Windsurf-Samples/spring-boot-realworld-example-app
3433349654,Java,Devin,chore,https://github.com/ashish-019-hash/n8n-repo/pull/7,https://api.github.com/repos/ashish-019-hash/n8n-repo
2915728313,Java,Devin,fix,https://github.com/codingSally/devinPractice/pull/28,https://api.github.com/repos/codingSally/devinPractice
3540719868,Java,Devin,fix,https://github.com/infosys-training/spring-boot-realworld-example-app/pull/25,https://api.github.com/repos/infosys-training/spring-boot-realworld-example-app
3286468687,Java,Devin,feat,https://github.com/callummiles/library_demo/pull/1,https://api.github.com/repos/callummiles/library_demo
3308063056,Java,Devin,chore,https://github.com/Custom-Devin-Demos/hive/pull/2,https://api.github.com/repos/Custom-Devin-Demos/hive
3443127182,Java,Devin,feat,https://github.com/biltrewards/artifact-registry-maven-tools/pull/1,https://api.github.com/repos/biltrewards/artifact-registry-maven-tools
3440916117,Java,Devin,chore,https://github.com/ashish-019-hash/n8n-repo/pull/9,https://api.github.com/repos/ashish-019-hash/n8n-repo
3289801755,Java,Devin,feat,https://github.com/taylor-curran/oshift-demo-credit-scoring-engine/pull/310,https://api.github.com/repos/taylor-curran/oshift-demo-credit-scoring-engine
3298705223,Java,Devin,feat,https://github.com/fliang-zuora/devin-payment-integration/pull/4,https://api.github.com/repos/fliang-zuora/devin-payment-integration
3289755738,Java,Devin,fix,https://github.com/taylor-curran/oshift-demo-credit-scoring-engine/pull/210,https://api.github.com/repos/taylor-curran/oshift-demo-credit-scoring-engine
3294969670,Java,Devin,fix,https://github.com/dyyjiutian/springDemo/pull/3,https://api.github.com/repos/dyyjiutian/springDemo
3353770509,Java,Devin,feat,https://github.com/gardnerjohnson-creator/spring-boot-realworld-example-app/pull/1,https://api.github.com/repos/gardnerjohnson-creator/spring-boot-realworld-example-app
3207754684,Java,Devin,chore,https://github.com/U-ZERO-Inc/keycloak/pull/1,https://api.github.com/repos/U-ZERO-Inc/keycloak
3486811908,Java,Devin,chore,https://github.com/Windsurf-Samples/spring-boot-realworld-example-app/pull/28,https://api.github.com/repos/Windsurf-Samples/spring-boot-realworld-example-app
3037238878,Java,Devin,chore,https://github.com/kenichi04/financial-data-app/pull/9,https://api.github.com/repos/kenichi04/financial-data-app
2912060057,Java,Devin,fix,https://github.com/pwrlabs/PWR-Labs-Utils/pull/10,https://api.github.com/repos/pwrlabs/PWR-Labs-Utils
3289615202,Java,Devin,chore,https://github.com/taylor-curran/oshift-demo-credit-scoring-engine/pull/165,https://api.github.com/repos/taylor-curran/oshift-demo-credit-scoring-engine
2907297815,Java,Devin,fix,https://github.com/codingSally/devinPractice/pull/21,https://api.github.com/repos/codingSally/devinPractice
2876508020,Java,Devin,chore,https://github.com/freedomcorp24/GhostProtocol/pull/7,https://api.github.com/repos/freedomcorp24/GhostProtocol
3067320605,Java,Devin,chore,https://github.com/customer-org/demo-cnpj-java/pull/50,https://api.github.com/repos/customer-org/demo-cnpj-java
3504480514,Java,Devin,chore,https://github.com/samfert-codeium/BankingMicroservices/pull/12,https://api.github.com/repos/samfert-codeium/BankingMicroservices
3301510994,Java,Devin,fix,https://github.com/JuniperaDev/erp-system/pull/85,https://api.github.com/repos/JuniperaDev/erp-system
3289784660,Java,Devin,chore,https://github.com/taylor-curran/oshift-demo-credit-scoring-engine/pull/275,https://api.github.com/repos/taylor-curran/oshift-demo-credit-scoring-engine
3151886734,Java,Devin,fix,https://github.com/aegif/NemakiWare/pull/373,https://api.github.com/repos/aegif/NemakiWare
3286422732,Java,Devin,chore,https://github.com/harvinder-singh-microversesystems/microversebasicapp/pull/3,https://api.github.com/repos/harvinder-singh-microversesystems/microversebasicapp
2876775971,Java,Devin,chore,https://github.com/freedomcorp24/GhostProtocol/pull/13,https://api.github.com/repos/freedomcorp24/GhostProtocol
3328795185,Java,Devin,chore,https://github.com/SoftwareProjectsPP/Emailgenaitool/pull/5,https://api.github.com/repos/SoftwareProjectsPP/Emailgenaitool
3289415944,Java,Devin,feat,https://github.com/taylor-curran/oshift-demo-credit-scoring-engine/pull/81,https://api.github.com/repos/taylor-curran/oshift-demo-credit-scoring-engine
3419991795,Java,Devin,fix,https://github.com/mongodb/mongo-jdbc-driver/pull/372,https://api.github.com/repos/mongodb/mongo-jdbc-driver
3335417605,Java,Devin,chore,https://github.com/JuniperaDev/erp-system/pull/107,https://api.github.com/repos/JuniperaDev/erp-system
3493089411,Java,Devin,chore,https://github.com/alex-baker-cdm/library_java/pull/5,https://api.github.com/repos/alex-baker-cdm/library_java
2930979727,Java,Devin,feat,https://github.com/chendaben/langchain4j-demo/pull/36,https://api.github.com/repos/chendaben/langchain4j-demo
3449668357,Java,Devin,feat,https://github.com/alex-baker-cdm/library_demo/pull/25,https://api.github.com/repos/alex-baker-cdm/library_demo
3167096956,Java,Devin,chore,https://github.com/raimonvibe/ecommerce-microservices-java/pull/5,https://api.github.com/repos/raimonvibe/ecommerce-microservices-java
3365348001,Java,Devin,feat,https://github.com/Windsurf-Samples/spring-boot-realworld-example-app/pull/2,https://api.github.com/repos/Windsurf-Samples/spring-boot-realworld-example-app
3302244238,Java,Devin,fix,https://github.com/JuniperaDev/erp-system/pull/91,https://api.github.com/repos/JuniperaDev/erp-system
2879862019,Java,Devin,chore,https://github.com/freedomcorp24/GhostProtocol/pull/30,https://api.github.com/repos/freedomcorp24/GhostProtocol
3502697707,Java,Devin,chore,https://github.com/mbatchelor81/inventory-demo/pull/17,https://api.github.com/repos/mbatchelor81/inventory-demo
3289624033,Java,Devin,fix,https://github.com/taylor-curran/oshift-demo-credit-scoring-engine/pull/182,https://api.github.com/repos/taylor-curran/oshift-demo-credit-scoring-engine
3428672529,Java,Devin,feat,https://github.com/ksnatha/workflow-config/pull/3,https://api.github.com/repos/ksnatha/workflow-config
3481860851,Java,Devin,feat,https://github.com/ganne-sriram/rule-management-app/pull/1,https://api.github.com/repos/ganne-sriram/rule-management-app
3502730229,Java,Devin,chore,https://github.com/Windsurf-Samples/spring-boot-realworld-example-app/pull/33,https://api.github.com/repos/Windsurf-Samples/spring-boot-realworld-example-app
3377853937,Java,Devin,chore,https://github.com/COG-GTM/ci-t_open_issues/pull/5,https://api.github.com/repos/COG-GTM/ci-t_open_issues
3312023081,Java,Devin,feat,https://github.com/Custom-Devin-Demos/spring-boot-realworld-example-app/pull/1,https://api.github.com/repos/Custom-Devin-Demos/spring-boot-realworld-example-app
3336288164,Java,Devin,feat,https://github.com/samfert-codeium/BankingMicroservices/pull/3,https://api.github.com/repos/samfert-codeium/BankingMicroservices
3289788733,Java,Devin,feat,https://github.com/taylor-curran/oshift-demo-credit-scoring-engine/pull/286,https://api.github.com/repos/taylor-curran/oshift-demo-credit-scoring-engine
3328768823,Java,Devin,chore,https://github.com/SoftwareProjectsPP/Emailgenaitool/pull/2,https://api.github.com/repos/SoftwareProjectsPP/Emailgenaitool
3271163380,Java,Devin,chore,https://github.com/COG-GTM/ftgo-monolith/pull/4,https://api.github.com/repos/COG-GTM/ftgo-monolith
2927965227,Java,Devin,chore,https://github.com/corezoid/sdk-java/pull/6,https://api.github.com/repos/corezoid/sdk-java
3428713328,Java,Devin,fix,https://github.com/COG-GTM/ftgo-monolith/pull/7,https://api.github.com/repos/COG-GTM/ftgo-monolith
3289592586,Java,Devin,feat,https://github.com/taylor-curran/oshift-demo-credit-scoring-engine/pull/129,https://api.github.com/repos/taylor-curran/oshift-demo-credit-scoring-engine
2876537413,Java,Devin,chore,https://github.com/freedomcorp24/GhostProtocol/pull/8,https://api.github.com/repos/freedomcorp24/GhostProtocol
3257085467,Java,Devin,feat,https://github.com/mbatchelor81/inventory-demo/pull/6,https://api.github.com/repos/mbatchelor81/inventory-demo
3538083133,Java,Devin,fix,https://github.com/infosys-training/spring-boot-realworld-example-app/pull/12,https://api.github.com/repos/infosys-training/spring-boot-realworld-example-app
2974151836,Java,Devin,chore,https://github.com/Kenya-Note/Devin/pull/1,https://api.github.com/repos/Kenya-Note/Devin
2860662908,Java,Devin,feat,https://github.com/tergun/jiandu/pull/4,https://api.github.com/repos/tergun/jiandu
2930624097,Java,Devin,chore,https://github.com/codingSally/devinPractice/pull/55,https://api.github.com/repos/codingSally/devinPractice
3289754043,Java,Devin,chore,https://github.com/taylor-curran/oshift-demo-credit-scoring-engine/pull/198,https://api.github.com/repos/taylor-curran/oshift-demo-credit-scoring-engine
3361583276,Java,Devin,feat,https://github.com/callummiles/library_demo/pull/5,https://api.github.com/repos/callummiles/library_demo
3421507643,Java,Devin,chore,https://github.com/ibrahim-sowunmi/mb-dna-demo/pull/4,https://api.github.com/repos/ibrahim-sowunmi/mb-dna-demo
2930764924,Java,Devin,chore,https://github.com/chendaben/langchain4j-demo/pull/29,https://api.github.com/repos/chendaben/langchain4j-demo
3097691052,Java,Devin,feat,https://github.com/shengz123/awesome-legacy-bench/pull/1,https://api.github.com/repos/shengz123/awesome-legacy-bench
3310766633,Java,Devin,fix,https://github.com/JuniperaDev/erp-system/pull/96,https://api.github.com/repos/JuniperaDev/erp-system
3289348830,Java,Devin,fix,https://github.com/taylor-curran/oshift-demo-credit-scoring-engine/pull/20,https://api.github.com/repos/taylor-curran/oshift-demo-credit-scoring-engine
3522386780,Java,Devin,fix,https://github.com/mbatchelor81/inventory-demo/pull/22,https://api.github.com/repos/mbatchelor81/inventory-demo
3478702445,Java,Devin,chore,https://github.com/Windsurf-Samples/spring-boot-realworld-example-app/pull/27,https://api.github.com/repos/Windsurf-Samples/spring-boot-realworld-example-app
2905206597,Java,Devin,chore,https://github.com/codingSally/devinPractice/pull/4,https://api.github.com/repos/codingSally/devinPractice
2908932326,Java,Devin,feat,https://github.com/codingSally/devinPractice/pull/25,https://api.github.com/repos/codingSally/devinPractice
3309773238,Java,Devin,chore,https://github.com/JuniperaDev/erp-system/pull/95,https://api.github.com/repos/JuniperaDev/erp-system
3289594812,Java,Devin,feat,https://github.com/taylor-curran/oshift-demo-credit-scoring-engine/pull/134,https://api.github.com/repos/taylor-curran/oshift-demo-credit-scoring-engine
3343618495,Java,Devin,chore,https://github.com/samfert-codeium/BankingMicroservices/pull/4,https://api.github.com/repos/samfert-codeium/BankingMicroservices
3274061284,Java,Devin,chore,https://github.com/harvinder-singh-microversesystems/microversebasicapp/pull/2,https://api.github.com/repos/harvinder-singh-microversesystems/microversebasicapp
3475613477,Java,Devin,chore,https://github.com/COG-GTM/java-migration-8-11/pull/42,https://api.github.com/repos/COG-GTM/java-migration-8-11
2879501338,Java,Devin,chore,https://github.com/freedomcorp24/GhostProtocol/pull/23,https://api.github.com/repos/freedomcorp24/GhostProtocol
3367916135,Java,Devin,chore,https://github.com/chrisgroks/spring-boot-blogging-app/pull/10,https://api.github.com/repos/chrisgroks/spring-boot-blogging-app
3289766212,Java,Devin,fix,https://github.com/taylor-curran/oshift-demo-credit-scoring-engine/pull/253,https://api.github.com/repos/taylor-curran/oshift-demo-credit-scoring-engine
3165796272,Java,Devin,fix,https://github.com/yanhom1314/dynamic-tp/pull/6,https://api.github.com/repos/yanhom1314/dynamic-tp
3038010445,Java,Devin,chore,https://github.com/domaframework/doma/pull/1325,https://api.github.com/repos/domaframework/doma
3420069161,Java,Devin,fix,https://github.com/mongodb/mongo-jdbc-driver/pull/373,https://api.github.com/repos/mongodb/mongo-jdbc-driver
3301709072,Java,Devin,fix,https://github.com/JuniperaDev/erp-system/pull/87,https://api.github.com/repos/JuniperaDev/erp-system
2879591877,Java,Devin,chore,https://github.com/freedomcorp24/GhostProtocol/pull/27,https://api.github.com/repos/freedomcorp24/GhostProtocol
3289794021,Java,Devin,fix,https://github.com/taylor-curran/oshift-demo-credit-scoring-engine/pull/301,https://api.github.com/repos/taylor-curran/oshift-demo-credit-scoring-engine
2942005229,Java,Devin,chore,https://github.com/goldmansachsinnovationcenter/gs-collections-bhagatr/pull/9,https://api.github.com/repos/goldmansachsinnovationcenter/gs-collections-bhagatr
3321051272,Java,Devin,chore,https://github.com/satoshi-watanabe-0001/ahamo-dummy-demo2-product-service/pull/2,https://api.github.com/repos/satoshi-watanabe-0001/ahamo-dummy-demo2-product-service
3428397668,Java,Devin,feat,https://github.com/1HarjinderSingh/TestMultiNesting-1/pull/1,https://api.github.com/repos/1HarjinderSingh/TestMultiNesting-1
3032292918,Java,Devin,chore,https://github.com/sakhamuri9/SELF-STUDY-BACKEND/pull/1,https://api.github.com/repos/sakhamuri9/SELF-STUDY-BACKEND
3289593687,Java,Devin,feat,https://github.com/taylor-curran/oshift-demo-credit-scoring-engine/pull/131,https://api.github.com/repos/taylor-curran/oshift-demo-credit-scoring-engine
3312394625,Java,Devin,chore,https://github.com/innerlooptek-ship-it/rules/pull/6,https://api.github.com/repos/innerlooptek-ship-it/rules
3289615553,Java,Devin,fix,https://github.com/taylor-curran/oshift-demo-credit-scoring-engine/pull/167,https://api.github.com/repos/taylor-curran/oshift-demo-credit-scoring-engine
2927014230,Java,Devin,chore,https://github.com/chendaben/langchain4j-demo/pull/23,https://api.github.com/repos/chendaben/langchain4j-demo
2921884023,Java,Devin,feat,https://github.com/codingSally/devinPractice/pull/35,https://api.github.com/repos/codingSally/devinPractice
3289603208,Java,Devin,feat,https://github.com/taylor-curran/oshift-demo-credit-scoring-engine/pull/147,https://api.github.com/repos/taylor-curran/oshift-demo-credit-scoring-engine
3289393712,Java,Devin,fix,https://github.com/taylor-curran/oshift-demo-credit-scoring-engine/pull/47,https://api.github.com/repos/taylor-curran/oshift-demo-credit-scoring-engine
3289795542,Java,Devin,fix,https://github.com/taylor-curran/oshift-demo-credit-scoring-engine/pull/304,https://api.github.com/repos/taylor-curran/oshift-demo-credit-scoring-engine
3481922474,Java,Devin,feat,https://github.com/callummiles/library_demo/pull/12,https://api.github.com/repos/callummiles/library_demo
3492723477,Java,Devin,feat,https://github.com/Sai-Kushal-Nerella-WL/drools-app/pull/16,https://api.github.com/repos/Sai-Kushal-Nerella-WL/drools-app
2860607352,Java,Devin,feat,https://github.com/tergun/jiandu/pull/3,https://api.github.com/repos/tergun/jiandu
2803135229,Java,Devin,feat,https://github.com/graydelay/spring-cloud-user-service/pull/8,https://api.github.com/repos/graydelay/spring-cloud-user-service
3521806865,Java,Devin,feat,https://github.com/lukas-krecan/JsonUnit/pull/981,https://api.github.com/repos/lukas-krecan/JsonUnit
2905225658,Java,Devin,fix,https://github.com/codingSally/devinPractice/pull/7,https://api.github.com/repos/codingSally/devinPractice
3533793915,Java,Devin,chore,https://github.com/COG-GTM/java-migration-8-11/pull/69,https://api.github.com/repos/COG-GTM/java-migration-8-11
3289408571,Java,Devin,feat,https://github.com/taylor-curran/oshift-demo-credit-scoring-engine/pull/66,https://api.github.com/repos/taylor-curran/oshift-demo-credit-scoring-engine
2887284375,Java,Devin,chore,https://github.com/freedomcorp24/GhostProtocol/pull/37,https://api.github.com/repos/freedomcorp24/GhostProtocol
3267967545,Java,Devin,chore,https://github.com/COG-GTM/ftgo-monolith/pull/2,https://api.github.com/repos/COG-GTM/ftgo-monolith
3445989025,Java,Devin,chore,https://github.com/GetCodifyAI/cut-dry-automation-framework/pull/569,https://api.github.com/repos/GetCodifyAI/cut-dry-automation-framework
3289584188,Java,Devin,feat,https://github.com/taylor-curran/oshift-demo-credit-scoring-engine/pull/121,https://api.github.com/repos/taylor-curran/oshift-demo-credit-scoring-engine
2887302979,Java,Devin,chore,https://github.com/freedomcorp24/GhostProtocol/pull/38,https://api.github.com/repos/freedomcorp24/GhostProtocol
3032313749,Java,Devin,chore,https://github.com/sakhamuri9/SELF-STUDY-BACKEND/pull/2,https://api.github.com/repos/sakhamuri9/SELF-STUDY-BACKEND
2878430507,Java,Devin,feat,https://github.com/freedomcorp24/GhostProtocol/pull/16,https://api.github.com/repos/freedomcorp24/GhostProtocol
3293970110,Java,Devin,feat,https://github.com/JuniperaDev/erp-system/pull/79,https://api.github.com/repos/JuniperaDev/erp-system
3059639056,Java,Devin,feat,https://github.com/restyhap/spboot-flex-01-02/pull/1,https://api.github.com/repos/restyhap/spboot-flex-01-02
3469933096,Java,Devin,chore,https://github.com/COG-GTM/java-migration-8-11/pull/39,https://api.github.com/repos/COG-GTM/java-migration-8-11
3289762004,Java,Devin,fix,https://github.com/taylor-curran/oshift-demo-credit-scoring-engine/pull/239,https://api.github.com/repos/taylor-curran/oshift-demo-credit-scoring-engine
2930502272,Java,Devin,feat,https://github.com/codingSally/devinPractice/pull/54,https://api.github.com/repos/codingSally/devinPractice
2930793810,Java,Devin,chore,https://github.com/chendaben/langchain4j-demo/pull/30,https://api.github.com/repos/chendaben/langchain4j-demo
3402255925,Java,Devin,chore,https://github.com/RishabhDahiyaNex/plt-workflow-dashboard-uservice/pull/1,https://api.github.com/repos/RishabhDahiyaNex/plt-workflow-dashboard-uservice
3289584823,Java,Devin,fix,https://github.com/taylor-curran/oshift-demo-credit-scoring-engine/pull/123,https://api.github.com/repos/taylor-curran/oshift-demo-credit-scoring-engine
2776937953,Java,Devin,docs,https://github.com/andyhu-new/test-q-transform/pull/2,https://api.github.com/repos/andyhu-new/test-q-transform
3346172493,Java,Devin,feat,https://github.com/innerlooptek-ship-it/rules/pull/15,https://api.github.com/repos/innerlooptek-ship-it/rules
3283157923,Java,Devin,feat,https://github.com/GuoqingZuora/payment-integration/pull/1,https://api.github.com/repos/GuoqingZuora/payment-integration
3289599322,Java,Devin,chore,https://github.com/taylor-curran/oshift-demo-credit-scoring-engine/pull/142,https://api.github.com/repos/taylor-curran/oshift-demo-credit-scoring-engine
3454172598,Java,Devin,chore,https://github.com/christina-pan-windsurf/Ant-Media-Server/pull/9,https://api.github.com/repos/christina-pan-windsurf/Ant-Media-Server
2906992669,Java,Devin,chore,https://github.com/codingSally/devinPractice/pull/15,https://api.github.com/repos/codingSally/devinPractice
3343289122,Java,Devin,feat,https://github.com/stephencornwell/joda-money/pull/3,https://api.github.com/repos/stephencornwell/joda-money
3289595302,Java,Devin,fix,https://github.com/taylor-curran/oshift-demo-credit-scoring-engine/pull/135,https://api.github.com/repos/taylor-curran/oshift-demo-credit-scoring-engine
3179189198,Java,Devin,feat,https://github.com/nipunb1/EMS_Learning_Service/pull/1,https://api.github.com/repos/nipunb1/EMS_Learning_Service
3519260192,Java,Devin,feat,https://github.com/alex-baker-cdm/library_demo/pull/28,https://api.github.com/repos/alex-baker-cdm/library_demo
3376245349,Java,Devin,chore,https://github.com/tylermusa-lgtm/spring-boot-realworld-example-app/pull/2,https://api.github.com/repos/tylermusa-lgtm/spring-boot-realworld-example-app
2922840185,Java,Devin,fix,https://github.com/codingSally/devinPractice/pull/49,https://api.github.com/repos/codingSally/devinPractice
3453537545,Java,Devin,chore,https://github.com/COG-GTM/java-migration-8-11/pull/33,https://api.github.com/repos/COG-GTM/java-migration-8-11
3289755958,Java,Devin,feat,https://github.com/taylor-curran/oshift-demo-credit-scoring-engine/pull/214,https://api.github.com/repos/taylor-curran/oshift-demo-credit-scoring-engine
3389152530,Java,Devin,feat,https://github.com/Devin-at-Wells-Fargo/spring-boot-realworld-example-app/pull/1,https://api.github.com/repos/Devin-at-Wells-Fargo/spring-boot-realworld-example-app
3289365383,Java,Devin,feat,https://github.com/taylor-curran/oshift-demo-credit-scoring-engine/pull/28,https://api.github.com/repos/taylor-curran/oshift-demo-credit-scoring-engine
3289420342,Java,Devin,feat,https://github.com/taylor-curran/oshift-demo-credit-scoring-engine/pull/87,https://api.github.com/repos/taylor-curran/oshift-demo-credit-scoring-engine
3289759123,Java,Devin,chore,https://github.com/taylor-curran/oshift-demo-credit-scoring-engine/pull/226,https://api.github.com/repos/taylor-curran/oshift-demo-credit-scoring-engine
3289376557,Java,Devin,fix,https://github.com/taylor-curran/oshift-demo-credit-scoring-engine/pull/36,https://api.github.com/repos/taylor-curran/oshift-demo-credit-scoring-engine
3408193793,Java,Devin,chore,https://github.com/CognitionTeam10/openmrs-core/pull/4,https://api.github.com/repos/CognitionTeam10/openmrs-core
3492798627,Java,Devin,chore,https://github.com/mbatchelor81/spring-boot-realworld-example-app/pull/5,https://api.github.com/repos/mbatchelor81/spring-boot-realworld-example-app
3289544708,Java,Devin,fix,https://github.com/taylor-curran/oshift-demo-credit-scoring-engine/pull/101,https://api.github.com/repos/taylor-curran/oshift-demo-credit-scoring-engine
3380060772,Java,Devin,chore,https://github.com/gardnerjohnson-creator/spring-boot-realworld-example-app/pull/3,https://api.github.com/repos/gardnerjohnson-creator/spring-boot-realworld-example-app
3289752489,Java,Devin,fix,https://github.com/taylor-curran/oshift-demo-credit-scoring-engine/pull/188,https://api.github.com/repos/taylor-curran/oshift-demo-credit-scoring-engine
3289398808,Java,Devin,fix,https://github.com/taylor-curran/oshift-demo-credit-scoring-engine/pull/53,https://api.github.com/repos/taylor-curran/oshift-demo-credit-scoring-engine
3542948788,Java,Devin,chore,https://github.com/COG-GTM/java-migration-8-11/pull/71,https://api.github.com/repos/COG-GTM/java-migration-8-11
3267918836,Java,Devin,chore,https://github.com/COG-GTM/ftgo-monolith/pull/1,https://api.github.com/repos/COG-GTM/ftgo-monolith
3289364725,Java,Devin,feat,https://github.com/taylor-curran/oshift-demo-credit-scoring-engine/pull/26,https://api.github.com/repos/taylor-curran/oshift-demo-credit-scoring-engine
3445440571,Java,Devin,chore,https://github.com/COG-GTM/ftgo-monolith/pull/10,https://api.github.com/repos/COG-GTM/ftgo-monolith
3363758014,Java,Devin,feat,https://github.com/callummiles/library_demo/pull/7,https://api.github.com/repos/callummiles/library_demo
3538020021,Java,Devin,fix,https://github.com/infosys-training/spring-boot-realworld-example-app/pull/10,https://api.github.com/repos/infosys-training/spring-boot-realworld-example-app
3089041139,Java,Devin,feat,https://github.com/yanhom1314/dynamic-tp/pull/3,https://api.github.com/repos/yanhom1314/dynamic-tp
3396633338,Java,Devin,chore,https://github.com/aegif/NemakiWare/pull/383,https://api.github.com/repos/aegif/NemakiWare
3521575432,Java,Devin,chore,https://github.com/COG-GTM/java-migration-8-11/pull/66,https://api.github.com/repos/COG-GTM/java-migration-8-11
3289582881,Java,Devin,chore,https://github.com/taylor-curran/oshift-demo-credit-scoring-engine/pull/119,https://api.github.com/repos/taylor-curran/oshift-demo-credit-scoring-engine
3360459078,Java,Devin,feat,https://github.com/BlakeUsenick2/spring-boot-realworld-example-app/pull/2,https://api.github.com/repos/BlakeUsenick2/spring-boot-realworld-example-app
3364818772,Java,Devin,chore,https://github.com/connorh-lgtm/spring-boot-realworld-example-app/pull/5,https://api.github.com/repos/connorh-lgtm/spring-boot-realworld-example-app
3171064371,Java,Devin,feat,https://github.com/raimonvibe/ecommerce-microservices-java/pull/12,https://api.github.com/repos/raimonvibe/ecommerce-microservices-java
2879538330,Java,Devin,chore,https://github.com/freedomcorp24/GhostProtocol/pull/25,https://api.github.com/repos/freedomcorp24/GhostProtocol
3316782921,Java,Devin,feat,https://github.com/callummiles/library_demo/pull/3,https://api.github.com/repos/callummiles/library_demo
3289388467,Java,Devin,feat,https://github.com/taylor-curran/oshift-demo-credit-scoring-engine/pull/41,https://api.github.com/repos/taylor-curran/oshift-demo-credit-scoring-engine
3289411757,Java,Devin,fix,https://github.com/taylor-curran/oshift-demo-credit-scoring-engine/pull/73,https://api.github.com/repos/taylor-curran/oshift-demo-credit-scoring-engine
2879528223,Java,Devin,chore,https://github.com/freedomcorp24/GhostProtocol/pull/24,https://api.github.com/repos/freedomcorp24/GhostProtocol
3491372387,Java,Devin,chore,https://github.com/chrisgroks/spring-boot-blogging-app/pull/15,https://api.github.com/repos/chrisgroks/spring-boot-blogging-app
3323203107,Java,Devin,chore,https://github.com/JuniperaDev/erp-system/pull/106,https://api.github.com/repos/JuniperaDev/erp-system
3289761682,Java,Devin,fix,https://github.com/taylor-curran/oshift-demo-credit-scoring-engine/pull/236,https://api.github.com/repos/taylor-curran/oshift-demo-credit-scoring-engine
3410156889,Java,Devin,feat,https://github.com/GetCodifyAI/cut-dry-automation-framework/pull/558,https://api.github.com/repos/GetCodifyAI/cut-dry-automation-framework
3364561983,Java,Devin,chore,https://github.com/connorh-lgtm/spring-boot-realworld-example-app/pull/3,https://api.github.com/repos/connorh-lgtm/spring-boot-realworld-example-app
3339185437,Java,Devin,chore,https://github.com/innerlooptek-ship-it/rules/pull/14,https://api.github.com/repos/innerlooptek-ship-it/rules
3450552728,Java,Devin,chore,https://github.com/taylor-curran/target-springboot-cics/pull/4,https://api.github.com/repos/taylor-curran/target-springboot-cics
3289422138,Java,Devin,feat,https://github.com/taylor-curran/oshift-demo-credit-scoring-engine/pull/91,https://api.github.com/repos/taylor-curran/oshift-demo-credit-scoring-engine
2945906918,Java,Devin,fix,https://github.com/goldmansachsinnovationcenter/rule-engine-garnit/pull/4,https://api.github.com/repos/goldmansachsinnovationcenter/rule-engine-garnit
3234314113,Java,Devin,chore,https://github.com/alex-baker-cdm/library_demo/pull/4,https://api.github.com/repos/alex-baker-cdm/library_demo
3492007268,Java,Devin,docs,https://github.com/COG-GTM/java-migration-8-11/pull/54,https://api.github.com/repos/COG-GTM/java-migration-8-11
3138104061,Java,Devin,chore,https://github.com/cmaistro/spring-backend-hex/pull/1,https://api.github.com/repos/cmaistro/spring-backend-hex
3289372963,Java,Devin,fix,https://github.com/taylor-curran/oshift-demo-credit-scoring-engine/pull/33,https://api.github.com/repos/taylor-curran/oshift-demo-credit-scoring-engine
3112058902,Java,Devin,feat,https://github.com/Cyclomaniac758/trade-analysis/pull/1,https://api.github.com/repos/Cyclomaniac758/trade-analysis
3281332676,Java,Devin,feat,https://github.com/ibrahim-sowunmi/mb-dna-demo/pull/1,https://api.github.com/repos/ibrahim-sowunmi/mb-dna-demo
3458575429,Java,Devin,chore,https://github.com/COG-GTM/java-migration-8-11/pull/36,https://api.github.com/repos/COG-GTM/java-migration-8-11
3301738127,Java,Devin,chore,https://github.com/innerlooptek-ship-it/rules/pull/3,https://api.github.com/repos/innerlooptek-ship-it/rules
3289323880,Java,Devin,feat,https://github.com/taylor-curran/oshift-demo-credit-scoring-engine/pull/13,https://api.github.com/repos/taylor-curran/oshift-demo-credit-scoring-engine
3450554144,Java,Devin,feat,https://github.com/COG-GTM/java-migration-8-11/pull/29,https://api.github.com/repos/COG-GTM/java-migration-8-11
2905208323,Java,Devin,fix,https://github.com/codingSally/devinPractice/pull/5,https://api.github.com/repos/codingSally/devinPractice
3551078989,Java,Devin,chore,https://github.com/Windsurf-Samples/spring-boot-realworld-example-app/pull/38,https://api.github.com/repos/Windsurf-Samples/spring-boot-realworld-example-app
3289406782,Java,Devin,fix,https://github.com/taylor-curran/oshift-demo-credit-scoring-engine/pull/61,https://api.github.com/repos/taylor-curran/oshift-demo-credit-scoring-engine
3463303703,Java,Devin,chore,https://github.com/alex-baker-cdm/library_java/pull/1,https://api.github.com/repos/alex-baker-cdm/library_java
3289420238,Java,Devin,fix,https://github.com/taylor-curran/oshift-demo-credit-scoring-engine/pull/86,https://api.github.com/repos/taylor-curran/oshift-demo-credit-scoring-engine
3522383107,Java,Devin,fix,https://github.com/mbatchelor81/inventory-demo/pull/21,https://api.github.com/repos/mbatchelor81/inventory-demo
3426625634,Java,Devin,feat,https://github.com/alex-baker-cdm/library_demo/pull/23,https://api.github.com/repos/alex-baker-cdm/library_demo
3540717062,Java,Devin,fix,https://github.com/infosys-training/spring-boot-realworld-example-app/pull/23,https://api.github.com/repos/infosys-training/spring-boot-realworld-example-app
3373600366,Java,Devin,chore,https://github.com/andreasstange-jpg/spring-boot-realworld-example-app/pull/2,https://api.github.com/repos/andreasstange-jpg/spring-boot-realworld-example-app
3070228383,Java,Devin,chore,https://github.com/anmoryli/TeachAgent/pull/2,https://api.github.com/repos/anmoryli/TeachAgent
3400712590,Java,Devin,feat,https://github.com/GetCodifyAI/cut-dry-ui-automation-restaurant/pull/241,https://api.github.com/repos/GetCodifyAI/cut-dry-ui-automation-restaurant
3485106161,Java,Devin,feat,https://github.com/mbatchelor81/awips2/pull/2,https://api.github.com/repos/mbatchelor81/awips2
2924058137,Java,Devin,chore,https://github.com/chendaben/langchain4j-demo/pull/3,https://api.github.com/repos/chendaben/langchain4j-demo
3289755807,Java,Devin,fix,https://github.com/taylor-curran/oshift-demo-credit-scoring-engine/pull/211,https://api.github.com/repos/taylor-curran/oshift-demo-credit-scoring-engine
3289414972,Java,Devin,fix,https://github.com/taylor-curran/oshift-demo-credit-scoring-engine/pull/77,https://api.github.com/repos/taylor-curran/oshift-demo-credit-scoring-engine
3530016808,Java,Devin,chore,https://github.com/muvelus/webapp-status-repo/pull/4,https://api.github.com/repos/muvelus/webapp-status-repo
3304864855,Java,Devin,fix,https://github.com/JuniperaDev/erp-system/pull/93,https://api.github.com/repos/JuniperaDev/erp-system
3289417936,Java,Devin,docs,https://github.com/taylor-curran/oshift-demo-credit-scoring-engine/pull/83,https://api.github.com/repos/taylor-curran/oshift-demo-credit-scoring-engine
3294976290,Java,Devin,feat,https://github.com/taylor-curran/oshift-demo-transaction-processor/pull/3,https://api.github.com/repos/taylor-curran/oshift-demo-transaction-processor
3289803644,Java,Devin,fix,https://github.com/taylor-curran/oshift-demo-credit-scoring-engine/pull/312,https://api.github.com/repos/taylor-curran/oshift-demo-credit-scoring-engine
3511820243,Java,Devin,chore,https://github.com/COG-GTM/java-migration-8-11/pull/61,https://api.github.com/repos/COG-GTM/java-migration-8-11
2905987349,Java,Devin,fix,https://github.com/codingSally/devinPractice/pull/8,https://api.github.com/repos/codingSally/devinPractice
3386932690,Java,Devin,chore,https://github.com/also2test-ctrl/java-selenium/pull/1,https://api.github.com/repos/also2test-ctrl/java-selenium
3271490952,Java,Devin,chore,https://github.com/alex-baker-cdm/library_demo/pull/13,https://api.github.com/repos/alex-baker-cdm/library_demo
3383778488,Java,Devin,chore,https://github.com/JuniperaDev/erp-system/pull/130,https://api.github.com/repos/JuniperaDev/erp-system
3462453108,Java,Devin,docs,https://github.com/COG-GTM/java-migration-8-11/pull/37,https://api.github.com/repos/COG-GTM/java-migration-8-11
3289773367,Java,Devin,fix,https://github.com/taylor-curran/oshift-demo-credit-scoring-engine/pull/265,https://api.github.com/repos/taylor-curran/oshift-demo-credit-scoring-engine
3477880679,Java,Devin,chore,https://github.com/COG-GTM/java-migration-8-11/pull/50,https://api.github.com/repos/COG-GTM/java-migration-8-11
3328385347,Java,Devin,chore,https://github.com/ai-devlopers/smartclaims360/pull/5,https://api.github.com/repos/ai-devlopers/smartclaims360
3234322304,Java,Devin,fix,https://github.com/SergeyStroganoff/ZohoGoogleApiPrototype/pull/1,https://api.github.com/repos/SergeyStroganoff/ZohoGoogleApiPrototype
3271592615,Java,Devin,feat,https://github.com/BrettMiller99/ReallyOldJavaProject/pull/2,https://api.github.com/repos/BrettMiller99/ReallyOldJavaProject
3289537394,Java,Devin,chore,https://github.com/taylor-curran/oshift-demo-credit-scoring-engine/pull/98,https://api.github.com/repos/taylor-curran/oshift-demo-credit-scoring-engine
3504262460,Java,Devin,feat,https://github.com/mbatchelor81/spring-boot-realworld-example-app/pull/10,https://api.github.com/repos/mbatchelor81/spring-boot-realworld-example-app
3289752548,Java,Devin,fix,https://github.com/taylor-curran/oshift-demo-credit-scoring-engine/pull/190,https://api.github.com/repos/taylor-curran/oshift-demo-credit-scoring-engine
3070592909,Java,Devin,chore,https://github.com/domaframework/doma-spring-boot/pull/301,https://api.github.com/repos/domaframework/doma-spring-boot
2907985489,Java,Devin,feat,https://github.com/pwrlabs/PWR-Labs-Utils/pull/7,https://api.github.com/repos/pwrlabs/PWR-Labs-Utils
2906506852,Java,Devin,chore,https://github.com/codingSally/devinPractice/pull/12,https://api.github.com/repos/codingSally/devinPractice
3289397148,Java,Devin,fix,https://github.com/taylor-curran/oshift-demo-credit-scoring-engine/pull/52,https://api.github.com/repos/taylor-curran/oshift-demo-credit-scoring-engine
3289412898,Java,Devin,fix,https://github.com/taylor-curran/oshift-demo-credit-scoring-engine/pull/75,https://api.github.com/repos/taylor-curran/oshift-demo-credit-scoring-engine
3004314382,Java,Devin,chore,https://github.com/mungo1003/java-test/pull/2,https://api.github.com/repos/mungo1003/java-test
3289327766,Java,Devin,chore,https://github.com/taylor-curran/oshift-demo-credit-scoring-engine/pull/14,https://api.github.com/repos/taylor-curran/oshift-demo-credit-scoring-engine
3434820510,Java,Devin,feat,https://github.com/COG-GTM/ftgo-monolith/pull/9,https://api.github.com/repos/COG-GTM/ftgo-monolith
3485114885,Java,Devin,feat,https://github.com/infosys-training/spring-boot-realworld-example-app/pull/2,https://api.github.com/repos/infosys-training/spring-boot-realworld-example-app
3009807346,Java,Devin,chore,https://github.com/ecchanger/crmall/pull/3,https://api.github.com/repos/ecchanger/crmall
3067200148,Java,Devin,feat,https://github.com/mongodb/mongo-jdbc-driver/pull/352,https://api.github.com/repos/mongodb/mongo-jdbc-driver
3174220941,Java,Devin,fix,https://github.com/hmallepally/karate/pull/3,https://api.github.com/repos/hmallepally/karate
3289293019,Java,Devin,fix,https://github.com/taylor-curran/oshift-demo-credit-scoring-engine/pull/10,https://api.github.com/repos/taylor-curran/oshift-demo-credit-scoring-engine
3353882276,Java,Devin,feat,https://github.com/gardnerjohnson-creator/spring-boot-realworld-example-app/pull/2,https://api.github.com/repos/gardnerjohnson-creator/spring-boot-realworld-example-app
3289405043,Java,Devin,feat,https://github.com/taylor-curran/oshift-demo-credit-scoring-engine/pull/58,https://api.github.com/repos/taylor-curran/oshift-demo-credit-scoring-engine
3289408365,Java,Devin,fix,https://github.com/taylor-curran/oshift-demo-credit-scoring-engine/pull/65,https://api.github.com/repos/taylor-curran/oshift-demo-credit-scoring-engine
3396263691,Java,Devin,chore,https://github.com/ankehao-dev/StorageSystem/pull/2,https://api.github.com/repos/ankehao-dev/StorageSystem
3289407253,Java,Devin,chore,https://github.com/taylor-curran/oshift-demo-credit-scoring-engine/pull/63,https://api.github.com/repos/taylor-curran/oshift-demo-credit-scoring-engine
3311160324,Java,Devin,fix,https://github.com/JuniperaDev/erp-system/pull/101,https://api.github.com/repos/JuniperaDev/erp-system
2876687047,Java,Devin,chore,https://github.com/freedomcorp24/GhostProtocol/pull/11,https://api.github.com/repos/freedomcorp24/GhostProtocol
3289752589,Java,Devin,feat,https://github.com/taylor-curran/oshift-demo-credit-scoring-engine/pull/191,https://api.github.com/repos/taylor-curran/oshift-demo-credit-scoring-engine
2921978015,Java,Devin,chore,https://github.com/codingSally/devinPractice/pull/40,https://api.github.com/repos/codingSally/devinPractice
2906320198,Java,Devin,feat,https://github.com/codingSally/devinPractice/pull/10,https://api.github.com/repos/codingSally/devinPractice
3295073338,Java,Devin,feat,https://github.com/taylor-curran/oshift-demo-transaction-processor/pull/4,https://api.github.com/repos/taylor-curran/oshift-demo-transaction-processor
3289613542,Java,Devin,chore,https://github.com/taylor-curran/oshift-demo-credit-scoring-engine/pull/160,https://api.github.com/repos/taylor-curran/oshift-demo-credit-scoring-engine
3489191041,Java,Devin,chore,https://github.com/COG-GTM/ftgo-monolith/pull/17,https://api.github.com/repos/COG-GTM/ftgo-monolith
3290428325,Java,Devin,fix,https://github.com/JuniperaDev/erp-system/pull/72,https://api.github.com/repos/JuniperaDev/erp-system
3497431798,Java,Devin,feat,https://github.com/Windsurf-Samples/spring-boot-realworld-example-app/pull/30,https://api.github.com/repos/Windsurf-Samples/spring-boot-realworld-example-app
3289786338,Java,Devin,fix,https://github.com/taylor-curran/oshift-demo-credit-scoring-engine/pull/281,https://api.github.com/repos/taylor-curran/oshift-demo-credit-scoring-engine
3267364815,Java,Devin,chore,https://github.com/mbatchelor81/inventory-demo/pull/7,https://api.github.com/repos/mbatchelor81/inventory-demo
3451926084,Java,Devin,fix,https://github.com/GetCodifyAI/cut-dry-ui-automation-restaurant/pull/250,https://api.github.com/repos/GetCodifyAI/cut-dry-ui-automation-restaurant
3281080405,Java,Devin,fix,https://github.com/aegif/NemakiWare/pull/381,https://api.github.com/repos/aegif/NemakiWare
3289418981,Java,Devin,feat,https://github.com/taylor-curran/oshift-demo-credit-scoring-engine/pull/85,https://api.github.com/repos/taylor-curran/oshift-demo-credit-scoring-engine
3289586897,Java,Devin,chore,https://github.com/taylor-curran/oshift-demo-credit-scoring-engine/pull/125,https://api.github.com/repos/taylor-curran/oshift-demo-credit-scoring-engine
3428004818,Java,Devin,feat,https://github.com/christina-pan-windsurf/Ant-Media-Server/pull/3,https://api.github.com/repos/christina-pan-windsurf/Ant-Media-Server
3411473436,Java,Devin,docs,https://github.com/Windsurf-Samples/spring-boot-realworld-example-app/pull/6,https://api.github.com/repos/Windsurf-Samples/spring-boot-realworld-example-app
3449079622,Java,Devin,chore,https://github.com/Windsurf-Samples/spring-boot-realworld-example-app/pull/18,https://api.github.com/repos/Windsurf-Samples/spring-boot-realworld-example-app
3289390297,Java,Devin,chore,https://github.com/taylor-curran/oshift-demo-credit-scoring-engine/pull/43,https://api.github.com/repos/taylor-curran/oshift-demo-credit-scoring-engine
3323933483,Java,Devin,chore,https://github.com/aegif/NemakiWare/pull/382,https://api.github.com/repos/aegif/NemakiWare
3484793826,Java,Devin,feat,https://github.com/lukas-krecan/JsonUnit/pull/969,https://api.github.com/repos/lukas-krecan/JsonUnit
3478155891,Java,Devin,feat,https://github.com/alex-baker-cdm/library_demo/pull/27,https://api.github.com/repos/alex-baker-cdm/library_demo
3311356820,Java,Devin,chore,https://github.com/JuniperaDev/erp-system/pull/102,https://api.github.com/repos/JuniperaDev/erp-system
3503749190,Java,Devin,chore,https://github.com/mbatchelor81/spring-boot-realworld-example-app/pull/9,https://api.github.com/repos/mbatchelor81/spring-boot-realworld-example-app
2878420063,Java,Devin,chore,https://github.com/freedomcorp24/GhostProtocol/pull/15,https://api.github.com/repos/freedomcorp24/GhostProtocol
3289765511,Java,Devin,fix,https://github.com/taylor-curran/oshift-demo-credit-scoring-engine/pull/250,https://api.github.com/repos/taylor-curran/oshift-demo-credit-scoring-engine
3289537662,Java,Devin,fix,https://github.com/taylor-curran/oshift-demo-credit-scoring-engine/pull/99,https://api.github.com/repos/taylor-curran/oshift-demo-credit-scoring-engine
2923047822,Java,Devin,docs,https://github.com/kambei/giro-de-peppe-tempo/pull/4,https://api.github.com/repos/kambei/giro-de-peppe-tempo
2897553828,Java,Devin,fix,https://github.com/kambei/giro-de-peppe-tempo/pull/1,https://api.github.com/repos/kambei/giro-de-peppe-tempo
3298822225,Java,Devin,chore,https://github.com/innerlooptek-ship-it/rules/pull/1,https://api.github.com/repos/innerlooptek-ship-it/rules
2930827797,Java,Devin,fix,https://github.com/chendaben/langchain4j-demo/pull/33,https://api.github.com/repos/chendaben/langchain4j-demo
3485185654,Java,Devin,chore,https://github.com/infosys-training/spring-boot-realworld-example-app/pull/3,https://api.github.com/repos/infosys-training/spring-boot-realworld-example-app
3310778964,Java,Devin,chore,https://github.com/JuniperaDev/erp-system/pull/97,https://api.github.com/repos/JuniperaDev/erp-system
2922797627,Java,Devin,feat,https://github.com/codingSally/devinPractice/pull/48,https://api.github.com/repos/codingSally/devinPractice
3289566908,Java,Devin,feat,https://github.com/taylor-curran/oshift-demo-credit-scoring-engine/pull/109,https://api.github.com/repos/taylor-curran/oshift-demo-credit-scoring-engine
3289777803,Java,Devin,chore,https://github.com/taylor-curran/oshift-demo-credit-scoring-engine/pull/266,https://api.github.com/repos/taylor-curran/oshift-demo-credit-scoring-engine
3332623416,Java,Devin,fix,https://github.com/samfert-codeium/springbootapp/pull/1,https://api.github.com/repos/samfert-codeium/springbootapp
3320928033,Java,Devin,feat,https://github.com/satoshi-watanabe-0001/ahamo-dummy-demo2-backend-template/pull/1,https://api.github.com/repos/satoshi-watanabe-0001/ahamo-dummy-demo2-backend-template
3429792239,Java,Devin,feat,https://github.com/alex-baker-cdm/library_demo/pull/24,https://api.github.com/repos/alex-baker-cdm/library_demo
3022234978,Java,Devin,chore,https://github.com/jhacksman/interoptest/pull/3,https://api.github.com/repos/jhacksman/interoptest
3428521797,Java,Devin,chore,https://github.com/1HarjinderSingh/TestMultiNesting-1/pull/2,https://api.github.com/repos/1HarjinderSingh/TestMultiNesting-1
3153129885,Java,Devin,fix,https://github.com/aegif/NemakiWare/pull/374,https://api.github.com/repos/aegif/NemakiWare
2879561335,Java,Devin,chore,https://github.com/freedomcorp24/GhostProtocol/pull/26,https://api.github.com/repos/freedomcorp24/GhostProtocol
3367317799,Java,Devin,docs,https://github.com/connorh-lgtm/spring-boot-realworld-example-app/pull/10,https://api.github.com/repos/connorh-lgtm/spring-boot-realworld-example-app
3503612250,Java,Devin,feat,https://github.com/mbatchelor81/spring-boot-realworld-example-app/pull/8,https://api.github.com/repos/mbatchelor81/spring-boot-realworld-example-app
2974011183,Java,Devin,fix,https://github.com/aamine/digdag/pull/2,https://api.github.com/repos/aamine/digdag
3408132487,Java,Devin,chore,https://github.com/CognitionTeam10/openmrs-core/pull/1,https://api.github.com/repos/CognitionTeam10/openmrs-core
3408214419,Java,Devin,chore,https://github.com/Dmccabe2025/openmrs-core/pull/1,https://api.github.com/repos/Dmccabe2025/openmrs-core
3367468464,Java,Devin,chore,https://github.com/chrisgroks/spring-boot-blogging-app/pull/7,https://api.github.com/repos/chrisgroks/spring-boot-blogging-app
2881638004,Java,Devin,feat,https://github.com/freedomcorp24/GhostProtocol/pull/34,https://api.github.com/repos/freedomcorp24/GhostProtocol
3522160457,Java,Devin,feat,https://github.com/mbatchelor81/spring-boot-realworld-example-app/pull/12,https://api.github.com/repos/mbatchelor81/spring-boot-realworld-example-app
3450297982,Java,Devin,chore,https://github.com/taylor-curran/spring-boot-realworld-example-app/pull/14,https://api.github.com/repos/taylor-curran/spring-boot-realworld-example-app
3299949757,Java,Devin,feat,https://github.com/ibrahim-sowunmi/library-demo/pull/1,https://api.github.com/repos/ibrahim-sowunmi/library-demo
3338464818,Java,Devin,feat,https://github.com/innerlooptek-ship-it/rules/pull/12,https://api.github.com/repos/innerlooptek-ship-it/rules
3395284731,Java,Devin,docs,https://github.com/COG-GTM/java-migration-8-11/pull/10,https://api.github.com/repos/COG-GTM/java-migration-8-11
3022238710,Java,Devin,chore,https://github.com/jhacksman/interoptest/pull/4,https://api.github.com/repos/jhacksman/interoptest
3093893569,Java,Devin,feat,https://github.com/NDViet/selenium/pull/209,https://api.github.com/repos/NDViet/selenium
3317651926,Java,Devin,feat,https://github.com/satoshi-watanabe-0001/-satoshi-watanabe-0001-ahamo-dummy-demo2-auth-service/pull/2,https://api.github.com/repos/satoshi-watanabe-0001/-satoshi-watanabe-0001-ahamo-dummy-demo2-auth-service
2938249994,Java,Devin,chore,https://github.com/goldmansachsinnovationcenter/gs-collections-bhagatr/pull/4,https://api.github.com/repos/goldmansachsinnovationcenter/gs-collections-bhagatr
2930799774,Java,Devin,chore,https://github.com/chendaben/langchain4j-demo/pull/31,https://api.github.com/repos/chendaben/langchain4j-demo
3154496507,Java,Devin,feat,https://github.com/nipunb1/hello_World/pull/2,https://api.github.com/repos/nipunb1/hello_World
3289624258,Java,Devin,fix,https://github.com/taylor-curran/oshift-demo-credit-scoring-engine/pull/183,https://api.github.com/repos/taylor-curran/oshift-demo-credit-scoring-engine
3511825704,Java,Devin,chore,https://github.com/COG-GTM/java-migration-8-11/pull/62,https://api.github.com/repos/COG-GTM/java-migration-8-11
3289760897,Java,Devin,feat,https://github.com/taylor-curran/oshift-demo-credit-scoring-engine/pull/234,https://api.github.com/repos/taylor-curran/oshift-demo-credit-scoring-engine
3369348487,Java,Devin,chore,https://github.com/innerlooptek-ship-it/rules/pull/19,https://api.github.com/repos/innerlooptek-ship-it/rules
3289754767,Java,Devin,fix,https://github.com/taylor-curran/oshift-demo-credit-scoring-engine/pull/205,https://api.github.com/repos/taylor-curran/oshift-demo-credit-scoring-engine
3453448686,Java,Devin,chore,https://github.com/COG-GTM/java-migration-8-11/pull/31,https://api.github.com/repos/COG-GTM/java-migration-8-11
3264547471,Java,Devin,fix,https://github.com/alex-baker-cdm/library_demo/pull/8,https://api.github.com/repos/alex-baker-cdm/library_demo
3289279848,Java,Devin,fix,https://github.com/taylor-curran/oshift-demo-credit-scoring-engine/pull/8,https://api.github.com/repos/taylor-curran/oshift-demo-credit-scoring-engine
2922899269,Java,Devin,fix,https://github.com/codingSally/devinPractice/pull/51,https://api.github.com/repos/codingSally/devinPractice
3087651618,Java,Devin,chore,https://github.com/dx-junkyard/api-community-spring/pull/22,https://api.github.com/repos/dx-junkyard/api-community-spring
3289765343,Java,Devin,fix,https://github.com/taylor-curran/oshift-demo-credit-scoring-engine/pull/249,https://api.github.com/repos/taylor-curran/oshift-demo-credit-scoring-engine
3032503308,Java,Devin,fix,https://github.com/sakhamuri9/SELF-STUDY-BACKEND/pull/5,https://api.github.com/repos/sakhamuri9/SELF-STUDY-BACKEND
3447336054,Java,Devin,chore,https://github.com/GetCodifyAI/cut-dry-automation-framework/pull/571,https://api.github.com/repos/GetCodifyAI/cut-dry-automation-framework
3503295157,Java,Devin,chore,https://github.com/COG-GTM/java-migration-8-11/pull/57,https://api.github.com/repos/COG-GTM/java-migration-8-11
3363915723,Java,Devin,feat,https://github.com/callummiles/library_demo/pull/8,https://api.github.com/repos/callummiles/library_demo
2924228728,Java,Devin,feat,https://github.com/chendaben/langchain4j-demo/pull/5,https://api.github.com/repos/chendaben/langchain4j-demo
3315082377,Java,Devin,fix,https://github.com/lsgllc/NORM_new/pull/1,https://api.github.com/repos/lsgllc/NORM_new
3320890171,Java,Devin,chore,https://github.com/jimmydavenextuple/pe-masterdata-uservice-dummy/pull/2,https://api.github.com/repos/jimmydavenextuple/pe-masterdata-uservice-dummy
3427054303,Java,Devin,chore,https://github.com/Windsurf-Samples/spring-boot-realworld-example-app/pull/10,https://api.github.com/repos/Windsurf-Samples/spring-boot-realworld-example-app
3422807733,Java,Devin,feat,https://github.com/josand3/openwebbeans/pull/1,https://api.github.com/repos/josand3/openwebbeans
3520270449,Java,Devin,fix,https://github.com/mbatchelor81/inventory-demo/pull/19,https://api.github.com/repos/mbatchelor81/inventory-demo
3077863076,Java,Devin,chore,https://github.com/NDViet/selenium/pull/184,https://api.github.com/repos/NDViet/selenium
3312385861,Java,Devin,chore,https://github.com/innerlooptek-ship-it/rules/pull/5,https://api.github.com/repos/innerlooptek-ship-it/rules
3321597838,Java,Devin,feat,https://github.com/satoshi-watanabe-0001/-satoshi-watanabe-0001-ahamo-dummy-demo2-auth-service/pull/5,https://api.github.com/repos/satoshi-watanabe-0001/-satoshi-watanabe-0001-ahamo-dummy-demo2-auth-service
3312399607,Java,Devin,chore,https://github.com/innerlooptek-ship-it/rules/pull/7,https://api.github.com/repos/innerlooptek-ship-it/rules
3247538787,Java,Devin,chore,https://github.com/kurosawa-kuro/microservices-springboot-cloudspring/pull/1,https://api.github.com/repos/kurosawa-kuro/microservices-springboot-cloudspring
3274163107,Java,Devin,feat,https://github.com/JuniperaDev/erp-system/pull/1,https://api.github.com/repos/JuniperaDev/erp-system
3492727568,Java,Devin,chore,https://github.com/mbatchelor81/spring-boot-realworld-example-app/pull/4,https://api.github.com/repos/mbatchelor81/spring-boot-realworld-example-app
3289406160,Java,Devin,fix,https://github.com/taylor-curran/oshift-demo-credit-scoring-engine/pull/60,https://api.github.com/repos/taylor-curran/oshift-demo-credit-scoring-engine
3392603848,Java,Devin,chore,https://github.com/COG-GTM/java-migration-8-11/pull/2,https://api.github.com/repos/COG-GTM/java-migration-8-11
3395038070,Java,Devin,docs,https://github.com/COG-GTM/java-migration-8-11/pull/6,https://api.github.com/repos/COG-GTM/java-migration-8-11
3289752269,Java,Devin,chore,https://github.com/taylor-curran/oshift-demo-credit-scoring-engine/pull/187,https://api.github.com/repos/taylor-curran/oshift-demo-credit-scoring-engine
3378087287,Java,Devin,feat,https://github.com/satoshi-watanabe-0001/ahamo-dummy-demo2-application-service/pull/3,https://api.github.com/repos/satoshi-watanabe-0001/ahamo-dummy-demo2-application-service
3297440966,Java,Devin,chore,https://github.com/JuniperaDev/erp-system/pull/81,https://api.github.com/repos/JuniperaDev/erp-system
3026350923,Java,Devin,chore,https://github.com/axc2023/NSO_examples/pull/1,https://api.github.com/repos/axc2023/NSO_examples
2904753715,Java,Devin,chore,https://github.com/codingSally/devinPractice/pull/1,https://api.github.com/repos/codingSally/devinPractice
3445326755,Java,Devin,chore,https://github.com/GetCodifyAI/cut-dry-automation-framework/pull/568,https://api.github.com/repos/GetCodifyAI/cut-dry-automation-framework
3289787927,Java,Devin,fix,https://github.com/taylor-curran/oshift-demo-credit-scoring-engine/pull/285,https://api.github.com/repos/taylor-curran/oshift-demo-credit-scoring-engine
2769324296,Java,Devin,feat,https://github.com/k-hoshihara/focus-work-and-life/pull/8,https://api.github.com/repos/k-hoshihara/focus-work-and-life
3500685586,Java,Devin,fix,https://github.com/samfert-codeium/springbootapp/pull/6,https://api.github.com/repos/samfert-codeium/springbootapp
3533217647,Java,Devin,feat,https://github.com/samfert-codeium/BankingMicroservices/pull/16,https://api.github.com/repos/samfert-codeium/BankingMicroservices
3055547298,Java,Devin,chore,https://github.com/aegif/NemakiWare/pull/368,https://api.github.com/repos/aegif/NemakiWare
2876007686,Java,Devin,chore,https://github.com/freedomcorp24/GhostProtocol/pull/1,https://api.github.com/repos/freedomcorp24/GhostProtocol
3289757903,Java,Devin,fix,https://github.com/taylor-curran/oshift-demo-credit-scoring-engine/pull/224,https://api.github.com/repos/taylor-curran/oshift-demo-credit-scoring-engine
3289772749,Java,Devin,fix,https://github.com/taylor-curran/oshift-demo-credit-scoring-engine/pull/263,https://api.github.com/repos/taylor-curran/oshift-demo-credit-scoring-engine
2930083273,Java,Devin,feat,https://github.com/codingSally/devinPractice/pull/52,https://api.github.com/repos/codingSally/devinPractice
3289761694,Java,Devin,fix,https://github.com/taylor-curran/oshift-demo-credit-scoring-engine/pull/237,https://api.github.com/repos/taylor-curran/oshift-demo-credit-scoring-engine
3129015609,Java,Devin,chore,https://github.com/zhouwenb-org/online-store/pull/10,https://api.github.com/repos/zhouwenb-org/online-store
3540698574,Java,Devin,fix,https://github.com/infosys-training/spring-boot-realworld-example-app/pull/18,https://api.github.com/repos/infosys-training/spring-boot-realworld-example-app
3077902388,Java,Devin,feat,https://github.com/NDViet/selenium/pull/185,https://api.github.com/repos/NDViet/selenium
3289379568,Java,Devin,feat,https://github.com/taylor-curran/oshift-demo-credit-scoring-engine/pull/38,https://api.github.com/repos/taylor-curran/oshift-demo-credit-scoring-engine
3289606149,Java,Devin,fix,https://github.com/taylor-curran/oshift-demo-credit-scoring-engine/pull/153,https://api.github.com/repos/taylor-curran/oshift-demo-credit-scoring-engine
3267826999,Java,Devin,chore,https://github.com/alex-baker-cdm/library_demo/pull/11,https://api.github.com/repos/alex-baker-cdm/library_demo
2915740831,Java,Devin,fix,https://github.com/codingSally/devinPractice/pull/29,https://api.github.com/repos/codingSally/devinPractice
3387927286,Java,Devin,feat,https://github.com/JuniperaDev/erp-system/pull/133,https://api.github.com/repos/JuniperaDev/erp-system
3449896643,Java,Devin,chore,https://github.com/Windsurf-Samples/spring-boot-realworld-example-app/pull/19,https://api.github.com/repos/Windsurf-Samples/spring-boot-realworld-example-app
3485235130,Java,Devin,feat,https://github.com/Sai-Kushal-Nerella-WL/drools-app/pull/7,https://api.github.com/repos/Sai-Kushal-Nerella-WL/drools-app
3528174951,Java,Devin,fix,https://github.com/zhihang9978/-IM/pull/3,https://api.github.com/repos/zhihang9978/-IM
2921891836,Java,Devin,chore,https://github.com/codingSally/devinPractice/pull/36,https://api.github.com/repos/codingSally/devinPractice
3353171052,Java,Devin,feat,https://github.com/milind-windsurf/library-demo/pull/1,https://api.github.com/repos/milind-windsurf/library-demo
3100116089,Java,Devin,docs,https://github.com/nczempin/fltr/pull/4,https://api.github.com/repos/nczempin/fltr
3289410383,Java,Devin,feat,https://github.com/taylor-curran/oshift-demo-credit-scoring-engine/pull/71,https://api.github.com/repos/taylor-curran/oshift-demo-credit-scoring-engine
3543013936,Java,Devin,docs,https://github.com/aegif/NemakiWare/pull/391,https://api.github.com/repos/aegif/NemakiWare
3450544494,Java,Devin,chore,https://github.com/taylor-curran/target-springboot-cics/pull/3,https://api.github.com/repos/taylor-curran/target-springboot-cics
3290612731,Java,Devin,feat,https://github.com/taylor-curran/oshift-demo-credit-scoring-engine/pull/315,https://api.github.com/repos/taylor-curran/oshift-demo-credit-scoring-engine
3154479333,Java,Devin,fix,https://github.com/nipunb1/hello_World/pull/1,https://api.github.com/repos/nipunb1/hello_World
3289790543,Java,Devin,fix,https://github.com/taylor-curran/oshift-demo-credit-scoring-engine/pull/291,https://api.github.com/repos/taylor-curran/oshift-demo-credit-scoring-engine
2963386616,Java,Devin,chore,https://github.com/goldmansachsinnovationcenter/ElasticDataReprocessing/pull/1,https://api.github.com/repos/goldmansachsinnovationcenter/ElasticDataReprocessing
3289394851,Java,Devin,fix,https://github.com/taylor-curran/oshift-demo-credit-scoring-engine/pull/50,https://api.github.com/repos/taylor-curran/oshift-demo-credit-scoring-engine
2927415584,Java,Devin,chore,https://github.com/chendaben/langchain4j-demo/pull/24,https://api.github.com/repos/chendaben/langchain4j-demo
3165509968,Java,Devin,fix,https://github.com/aegif/NemakiWare/pull/376,https://api.github.com/repos/aegif/NemakiWare
3271381910,Java,Devin,feat,https://github.com/ginawang1021/library_demo/pull/1,https://api.github.com/repos/ginawang1021/library_demo
2860501550,Java,Devin,feat,https://github.com/tergun/jiandu/pull/1,https://api.github.com/repos/tergun/jiandu
3328777392,Java,Devin,feat,https://github.com/SoftwareProjectsPP/Emailgenaitool/pull/3,https://api.github.com/repos/SoftwareProjectsPP/Emailgenaitool
3155414340,Java,Devin,feat,https://github.com/nipunb1/hello_World/pull/3,https://api.github.com/repos/nipunb1/hello_World
2878799322,Java,Devin,chore,https://github.com/freedomcorp24/GhostProtocol/pull/18,https://api.github.com/repos/freedomcorp24/GhostProtocol
3102139817,Java,Devin,fix,https://github.com/aegif/NemakiWare/pull/369,https://api.github.com/repos/aegif/NemakiWare
2885578845,Java,Devin,chore,https://github.com/freedomcorp24/GhostProtocol/pull/36,https://api.github.com/repos/freedomcorp24/GhostProtocol
3470861495,Java,Devin,chore,https://github.com/taylor-curran/spring-boot-realworld-example-app/pull/17,https://api.github.com/repos/taylor-curran/spring-boot-realworld-example-app
3289762347,Java,Devin,chore,https://github.com/taylor-curran/oshift-demo-credit-scoring-engine/pull/241,https://api.github.com/repos/taylor-curran/oshift-demo-credit-scoring-engine
3541765874,Java,Devin,fix,https://github.com/infosys-training/spring-boot-realworld-example-app/pull/37,https://api.github.com/repos/infosys-training/spring-boot-realworld-example-app
2876724359,Java,Devin,chore,https://github.com/freedomcorp24/GhostProtocol/pull/12,https://api.github.com/repos/freedomcorp24/GhostProtocol
3289756354,Java,Devin,fix,https://github.com/taylor-curran/oshift-demo-credit-scoring-engine/pull/215,https://api.github.com/repos/taylor-curran/oshift-demo-credit-scoring-engine
3289793122,Java,Devin,fix,https://github.com/taylor-curran/oshift-demo-credit-scoring-engine/pull/298,https://api.github.com/repos/taylor-curran/oshift-demo-credit-scoring-engine
3373599621,Java,Devin,chore,https://github.com/andreasstange-jpg/spring-boot-realworld-example-app/pull/1,https://api.github.com/repos/andreasstange-jpg/spring-boot-realworld-example-app
3454443184,Java,Devin,fix,https://github.com/GetCodifyAI/cut-dry-ui-automation-restaurant/pull/251,https://api.github.com/repos/GetCodifyAI/cut-dry-ui-automation-restaurant
3408799080,Java,Devin,feat,https://github.com/GetCodifyAI/cut-dry-ui-automation-restaurant/pull/245,https://api.github.com/repos/GetCodifyAI/cut-dry-ui-automation-restaurant
3491335123,Java,Devin,feat,https://github.com/GetCodifyAI/cut-dry-ui-automation-restaurant/pull/258,https://api.github.com/repos/GetCodifyAI/cut-dry-ui-automation-restaurant
3551128421,Java,Devin,chore,https://github.com/Windsurf-Samples/spring-boot-realworld-example-app/pull/39,https://api.github.com/repos/Windsurf-Samples/spring-boot-realworld-example-app
3387196068,Java,Devin,fix,https://github.com/also2test-ctrl/java-selenium/pull/3,https://api.github.com/repos/also2test-ctrl/java-selenium
3387053480,Java,Devin,feat,https://github.com/also2test-ctrl/java-selenium/pull/2,https://api.github.com/repos/also2test-ctrl/java-selenium
3449355249,Java,Devin,chore,https://github.com/taylor-curran/target-springboot-cics/pull/1,https://api.github.com/repos/taylor-curran/target-springboot-cics
3424134779,Java,Devin,fix,https://github.com/CognitionTeam10/openmrs-core/pull/9,https://api.github.com/repos/CognitionTeam10/openmrs-core
3289615911,Java,Devin,feat,https://github.com/taylor-curran/oshift-demo-credit-scoring-engine/pull/168,https://api.github.com/repos/taylor-curran/oshift-demo-credit-scoring-engine
3449985576,Java,Devin,chore,https://github.com/Windsurf-Samples/spring-boot-realworld-example-app/pull/20,https://api.github.com/repos/Windsurf-Samples/spring-boot-realworld-example-app
3409184138,Java,Devin,chore,https://github.com/Windsurf-Samples/spring-boot-realworld-example-app/pull/5,https://api.github.com/repos/Windsurf-Samples/spring-boot-realworld-example-app
3504478393,Java,Devin,feat,https://github.com/samfert-codeium/BankingMicroservices/pull/11,https://api.github.com/repos/samfert-codeium/BankingMicroservices
3367535907,Java,Devin,feat,https://github.com/chrisgroks/spring-boot-blogging-app/pull/8,https://api.github.com/repos/chrisgroks/spring-boot-blogging-app
3541392461,Java,Devin,chore,https://github.com/Windsurf-Samples/spring-boot-realworld-example-app/pull/35,https://api.github.com/repos/Windsurf-Samples/spring-boot-realworld-example-app
3289398920,Java,Devin,fix,https://github.com/taylor-curran/oshift-demo-credit-scoring-engine/pull/54,https://api.github.com/repos/taylor-curran/oshift-demo-credit-scoring-engine
3398500004,Java,Devin,chore,https://github.com/ashish-019-hash/n8n-repo/pull/5,https://api.github.com/repos/ashish-019-hash/n8n-repo
3418628962,Java,Devin,chore,https://github.com/murpheydharmon/spring-boot-realworld-example-app/pull/3,https://api.github.com/repos/murpheydharmon/spring-boot-realworld-example-app
3346622491,Java,Devin,feat,https://github.com/mbatchelor81/inventory-demo/pull/14,https://api.github.com/repos/mbatchelor81/inventory-demo
3289620085,Java,Devin,feat,https://github.com/taylor-curran/oshift-demo-credit-scoring-engine/pull/173,https://api.github.com/repos/taylor-curran/oshift-demo-credit-scoring-engine
3447217615,Java,Devin,chore,https://github.com/ashish-019-hash/n8n-repo/pull/11,https://api.github.com/repos/ashish-019-hash/n8n-repo
3476155641,Java,Devin,chore,https://github.com/GetCodifyAI/cut-dry-automation-framework/pull/585,https://api.github.com/repos/GetCodifyAI/cut-dry-automation-framework
2881717518,Java,Devin,feat,https://github.com/freedomcorp24/GhostProtocol/pull/35,https://api.github.com/repos/freedomcorp24/GhostProtocol
3492843063,Java,Devin,fix,https://github.com/Sai-Kushal-Nerella-WL/drools-app/pull/17,https://api.github.com/repos/Sai-Kushal-Nerella-WL/drools-app
3263826934,Java,Devin,docs,https://github.com/JuniperaDev/java-legacy/pull/11,https://api.github.com/repos/JuniperaDev/java-legacy
3319936892,Java,Devin,chore,https://github.com/lsgllc/NORM_new/pull/2,https://api.github.com/repos/lsgllc/NORM_new
3287700827,Java,Devin,chore,https://github.com/taylor-curran/oshift-demo-transaction-processor/pull/2,https://api.github.com/repos/taylor-curran/oshift-demo-transaction-processor
3031609693,Java,Devin,feat,https://github.com/amorin24/llmproxy-java/pull/5,https://api.github.com/repos/amorin24/llmproxy-java
3093676526,Java,Devin,chore,https://github.com/NDViet/selenium/pull/208,https://api.github.com/repos/NDViet/selenium
3043129585,Java,Devin,docs,https://github.com/goldmansachsinnovationcenter/self-service-scheduler/pull/2,https://api.github.com/repos/goldmansachsinnovationcenter/self-service-scheduler
3289353518,Java,Devin,fix,https://github.com/taylor-curran/oshift-demo-credit-scoring-engine/pull/22,https://api.github.com/repos/taylor-curran/oshift-demo-credit-scoring-engine
3085319485,Java,Devin,feat,https://github.com/yanhom1314/dynamic-tp/pull/1,https://api.github.com/repos/yanhom1314/dynamic-tp
3289421070,Java,Devin,chore,https://github.com/taylor-curran/oshift-demo-credit-scoring-engine/pull/89,https://api.github.com/repos/taylor-curran/oshift-demo-credit-scoring-engine
3289346384,Java,Devin,fix,https://github.com/taylor-curran/oshift-demo-credit-scoring-engine/pull/19,https://api.github.com/repos/taylor-curran/oshift-demo-credit-scoring-engine
2990718826,Java,Devin,fix,https://github.com/pieromarcoz/kpi-processv2/pull/2,https://api.github.com/repos/pieromarcoz/kpi-processv2
2907211391,Java,Devin,fix,https://github.com/codingSally/devinPractice/pull/19,https://api.github.com/repos/codingSally/devinPractice
3004712650,Java,Devin,fix,https://github.com/mungo1003/java-test/pull/6,https://api.github.com/repos/mungo1003/java-test
3233628372,Java,Devin,chore,https://github.com/alex-baker-cdm/library_demo/pull/1,https://api.github.com/repos/alex-baker-cdm/library_demo
3540727988,Java,Devin,fix,https://github.com/infosys-training/spring-boot-realworld-example-app/pull/26,https://api.github.com/repos/infosys-training/spring-boot-realworld-example-app
3361594694,Java,Devin,chore,https://github.com/COG-GTM/ci-t_open_issues/pull/2,https://api.github.com/repos/COG-GTM/ci-t_open_issues
3098877970,Java,Devin,chore,https://github.com/shengz123/awesome-legacy-bench/pull/3,https://api.github.com/repos/shengz123/awesome-legacy-bench
3089618591,Java,Devin,chore,https://github.com/dx-junkyard/spocomi-frontend/pull/17,https://api.github.com/repos/dx-junkyard/spocomi-frontend
3484329422,Java,Devin,feat,https://github.com/Sai-Kushal-Nerella-WL/drools-app/pull/6,https://api.github.com/repos/Sai-Kushal-Nerella-WL/drools-app
3496215004,Java,Devin,chore,https://github.com/taylor-curran/spring-boot-realworld-example-app/pull/19,https://api.github.com/repos/taylor-curran/spring-boot-realworld-example-app
3289394441,Java,Devin,feat,https://github.com/taylor-curran/oshift-demo-credit-scoring-engine/pull/49,https://api.github.com/repos/taylor-curran/oshift-demo-credit-scoring-engine
3128764961,Java,Devin,feat,https://github.com/yewton/petclinic/pull/87,https://api.github.com/repos/yewton/petclinic
3384048365,Java,Devin,feat,https://github.com/callummiles/library_demo/pull/11,https://api.github.com/repos/callummiles/library_demo
3289763662,Java,Devin,fix,https://github.com/taylor-curran/oshift-demo-credit-scoring-engine/pull/243,https://api.github.com/repos/taylor-curran/oshift-demo-credit-scoring-engine
2897740660,Java,Devin,feat,https://github.com/kambei/giro-de-peppe-tempo/pull/2,https://api.github.com/repos/kambei/giro-de-peppe-tempo
3449203353,Java,Devin,chore,https://github.com/taylor-curran/spring-boot-realworld-example-app/pull/11,https://api.github.com/repos/taylor-curran/spring-boot-realworld-example-app
3495511897,Java,Devin,chore,https://github.com/Windsurf-Samples/spring-boot-realworld-example-app/pull/29,https://api.github.com/repos/Windsurf-Samples/spring-boot-realworld-example-app
3289770370,Java,Devin,fix,https://github.com/taylor-curran/oshift-demo-credit-scoring-engine/pull/260,https://api.github.com/repos/taylor-curran/oshift-demo-credit-scoring-engine
3408137025,Java,Devin,fix,https://github.com/dillonvargo/openmrs-core/pull/3,https://api.github.com/repos/dillonvargo/openmrs-core
2973893673,Java,Devin,chore,https://github.com/aamine/digdag/pull/1,https://api.github.com/repos/aamine/digdag
3092062813,Java,Devin,chore,https://github.com/NDViet/selenium/pull/207,https://api.github.com/repos/NDViet/selenium
3341671017,Java,Devin,feat,https://github.com/mbatchelor81/inventory-demo/pull/11,https://api.github.com/repos/mbatchelor81/inventory-demo
3167532761,Java,Devin,feat,https://github.com/raimonvibe/ecommerce-microservices-java/pull/8,https://api.github.com/repos/raimonvibe/ecommerce-microservices-java
3289400078,Java,Devin,feat,https://github.com/taylor-curran/oshift-demo-credit-scoring-engine/pull/56,https://api.github.com/repos/taylor-curran/oshift-demo-credit-scoring-engine
3000550492,Java,Devin,chore,https://github.com/mykavr/jcpm-core-app/pull/24,https://api.github.com/repos/mykavr/jcpm-core-app
3475647749,Java,Devin,chore,https://github.com/COG-GTM/java-migration-8-11/pull/48,https://api.github.com/repos/COG-GTM/java-migration-8-11
3084574419,Java,Devin,fix,https://github.com/NDViet/selenium/pull/192,https://api.github.com/repos/NDViet/selenium
3289783658,Java,Devin,chore,https://github.com/taylor-curran/oshift-demo-credit-scoring-engine/pull/272,https://api.github.com/repos/taylor-curran/oshift-demo-credit-scoring-engine
3289589745,Java,Devin,feat,https://github.com/taylor-curran/oshift-demo-credit-scoring-engine/pull/127,https://api.github.com/repos/taylor-curran/oshift-demo-credit-scoring-engine
3450231514,Java,Devin,chore,https://github.com/GetCodifyAI/cut-dry-automation-framework/pull/575,https://api.github.com/repos/GetCodifyAI/cut-dry-automation-framework
3033985254,Java,Devin,fix,https://github.com/sakhamuri9/SELF-STUDY-BACKEND/pull/9,https://api.github.com/repos/sakhamuri9/SELF-STUDY-BACKEND
2988982910,Java,Devin,feat,https://github.com/AnthonyKot/stock-tok/pull/1,https://api.github.com/repos/AnthonyKot/stock-tok
3004329337,Java,Devin,chore,https://github.com/mungo1003/java-test/pull/4,https://api.github.com/repos/mungo1003/java-test
3289756626,Java,Devin,feat,https://github.com/taylor-curran/oshift-demo-credit-scoring-engine/pull/218,https://api.github.com/repos/taylor-curran/oshift-demo-credit-scoring-engine
3289799833,Java,Devin,fix,https://github.com/taylor-curran/oshift-demo-credit-scoring-engine/pull/308,https://api.github.com/repos/taylor-curran/oshift-demo-credit-scoring-engine
3128033396,Java,Devin,fix,https://github.com/yewton/petclinic/pull/70,https://api.github.com/repos/yewton/petclinic
3289571393,Java,Devin,fix,https://github.com/taylor-curran/oshift-demo-credit-scoring-engine/pull/111,https://api.github.com/repos/taylor-curran/oshift-demo-credit-scoring-engine
3289388963,Java,Devin,fix,https://github.com/taylor-curran/oshift-demo-credit-scoring-engine/pull/42,https://api.github.com/repos/taylor-curran/oshift-demo-credit-scoring-engine
3399120966,Java,Devin,feat,https://github.com/GetCodifyAI/cut-dry-automation-framework/pull/555,https://api.github.com/repos/GetCodifyAI/cut-dry-automation-framework
3291159251,Java,Devin,chore,https://github.com/dyyjiutian/springDemo/pull/1,https://api.github.com/repos/dyyjiutian/springDemo
2844371706,Java,Devin,feat,https://github.com/bryce-h-t/sample-microservices-protobuf/pull/6,https://api.github.com/repos/bryce-h-t/sample-microservices-protobuf
3479792422,Java,Devin,chore,https://github.com/name-less-one/ai-agent-test/pull/1,https://api.github.com/repos/name-less-one/ai-agent-test
3367001910,Java,Devin,chore,https://github.com/connorh-lgtm/spring-boot-realworld-example-app/pull/9,https://api.github.com/repos/connorh-lgtm/spring-boot-realworld-example-app
3415654751,Java,Devin,feat,https://github.com/Custom-Devin-Demos/spring-boot-realworld-example-app/pull/5,https://api.github.com/repos/Custom-Devin-Demos/spring-boot-realworld-example-app
3465665479,Java,Devin,chore,https://github.com/GetCodifyAI/cut-dry-automation-framework/pull/580,https://api.github.com/repos/GetCodifyAI/cut-dry-automation-framework
3313183979,Java,Devin,chore,https://github.com/Mr-Rachapudi/emp_mgmt_st_2_jee_final/pull/1,https://api.github.com/repos/Mr-Rachapudi/emp_mgmt_st_2_jee_final
3530038606,Java,Devin,fix,https://github.com/muvelus/webapp-status-repo/pull/5,https://api.github.com/repos/muvelus/webapp-status-repo
3289763883,Java,Devin,feat,https://github.com/taylor-curran/oshift-demo-credit-scoring-engine/pull/245,https://api.github.com/repos/taylor-curran/oshift-demo-credit-scoring-engine
3367232848,Java,Devin,chore,https://github.com/JuniperaDev/erp-system/pull/129,https://api.github.com/repos/JuniperaDev/erp-system
3289342723,Java,Devin,feat,https://github.com/taylor-curran/oshift-demo-credit-scoring-engine/pull/17,https://api.github.com/repos/taylor-curran/oshift-demo-credit-scoring-engine
3408171799,Java,Devin,docs,https://github.com/CognitionTeam10/openmrs-core/pull/2,https://api.github.com/repos/CognitionTeam10/openmrs-core
3482222043,Java,Devin,feat,https://github.com/callummiles/library_demo/pull/15,https://api.github.com/repos/callummiles/library_demo
3289623705,Java,Devin,fix,https://github.com/taylor-curran/oshift-demo-credit-scoring-engine/pull/178,https://api.github.com/repos/taylor-curran/oshift-demo-credit-scoring-engine
3287723276,Java,Devin,feat,https://github.com/GuoqingZuora/payment-integration/pull/4,https://api.github.com/repos/GuoqingZuora/payment-integration
2887372921,Java,Devin,chore,https://github.com/freedomcorp24/GhostProtocol/pull/39,https://api.github.com/repos/freedomcorp24/GhostProtocol
3307658069,Java,Devin,fix,https://github.com/innerlooptek-ship-it/rules/pull/4,https://api.github.com/repos/innerlooptek-ship-it/rules
3445423314,Java,Devin,chore,https://github.com/Windsurf-Samples/spring-boot-realworld-example-app/pull/15,https://api.github.com/repos/Windsurf-Samples/spring-boot-realworld-example-app
3289754599,Java,Devin,fix,https://github.com/taylor-curran/oshift-demo-credit-scoring-engine/pull/204,https://api.github.com/repos/taylor-curran/oshift-demo-credit-scoring-engine
3408196250,Java,Devin,docs,https://github.com/CognitionTeam10/openmrs-core/pull/5,https://api.github.com/repos/CognitionTeam10/openmrs-core
2990164931,Java,Devin,chore,https://github.com/goldmansachsinnovationcenter/gs-collections-bhagatr/pull/13,https://api.github.com/repos/goldmansachsinnovationcenter/gs-collections-bhagatr
3286564993,Java,Devin,chore,https://github.com/harvinder-singh-microversesystems/microversebasicapp/pull/5,https://api.github.com/repos/harvinder-singh-microversesystems/microversebasicapp
3311007014,Java,Devin,docs,https://github.com/JuniperaDev/erp-system/pull/100,https://api.github.com/repos/JuniperaDev/erp-system
3492962101,Java,Devin,chore,https://github.com/alex-baker-cdm/library_java/pull/4,https://api.github.com/repos/alex-baker-cdm/library_java
3289782242,Java,Devin,chore,https://github.com/taylor-curran/oshift-demo-credit-scoring-engine/pull/270,https://api.github.com/repos/taylor-curran/oshift-demo-credit-scoring-engine
3289752614,Java,Devin,chore,https://github.com/taylor-curran/oshift-demo-credit-scoring-engine/pull/192,https://api.github.com/repos/taylor-curran/oshift-demo-credit-scoring-engine
3428029337,Java,Devin,feat,https://github.com/christina-pan-windsurf/Ant-Media-Server/pull/6,https://api.github.com/repos/christina-pan-windsurf/Ant-Media-Server
3345929684,Java,Devin,chore,https://github.com/samfert-codeium/BankingMicroservices/pull/5,https://api.github.com/repos/samfert-codeium/BankingMicroservices
2879975196,Java,Devin,chore,https://github.com/freedomcorp24/GhostProtocol/pull/31,https://api.github.com/repos/freedomcorp24/GhostProtocol
3289793022,Java,Devin,feat,https://github.com/taylor-curran/oshift-demo-credit-scoring-engine/pull/296,https://api.github.com/repos/taylor-curran/oshift-demo-credit-scoring-engine
3289765926,Java,Devin,fix,https://github.com/taylor-curran/oshift-demo-credit-scoring-engine/pull/252,https://api.github.com/repos/taylor-curran/oshift-demo-credit-scoring-engine
3289789351,Java,Devin,fix,https://github.com/taylor-curran/oshift-demo-credit-scoring-engine/pull/289,https://api.github.com/repos/taylor-curran/oshift-demo-credit-scoring-engine
3289399795,Java,Devin,fix,https://github.com/taylor-curran/oshift-demo-credit-scoring-engine/pull/55,https://api.github.com/repos/taylor-curran/oshift-demo-credit-scoring-engine
2878881550,Java,Devin,chore,https://github.com/freedomcorp24/GhostProtocol/pull/19,https://api.github.com/repos/freedomcorp24/GhostProtocol
3475630442,Java,Devin,chore,https://github.com/COG-GTM/java-migration-8-11/pull/44,https://api.github.com/repos/COG-GTM/java-migration-8-11
3102521783,Java,Devin,fix,https://github.com/aegif/NemakiWare/pull/370,https://api.github.com/repos/aegif/NemakiWare
3467550238,Java,Devin,chore,https://github.com/samfert-codeium/BankingMicroservices/pull/6,https://api.github.com/repos/samfert-codeium/BankingMicroservices
3491416600,Java,Devin,chore,https://github.com/chrisgroks/spring-boot-blogging-app/pull/16,https://api.github.com/repos/chrisgroks/spring-boot-blogging-app
3336226679,Java,Devin,feat,https://github.com/samfert-codeium/BankingMicroservices/pull/1,https://api.github.com/repos/samfert-codeium/BankingMicroservices
3289594379,Java,Devin,feat,https://github.com/taylor-curran/oshift-demo-credit-scoring-engine/pull/132,https://api.github.com/repos/taylor-curran/oshift-demo-credit-scoring-engine
3289534276,Java,Devin,fix,https://github.com/taylor-curran/oshift-demo-credit-scoring-engine/pull/94,https://api.github.com/repos/taylor-curran/oshift-demo-credit-scoring-engine
3289790826,Java,Devin,fix,https://github.com/taylor-curran/oshift-demo-credit-scoring-engine/pull/294,https://api.github.com/repos/taylor-curran/oshift-demo-credit-scoring-engine
3289580365,Java,Devin,fix,https://github.com/taylor-curran/oshift-demo-credit-scoring-engine/pull/117,https://api.github.com/repos/taylor-curran/oshift-demo-credit-scoring-engine
3290424237,Java,Devin,feat,https://github.com/JuniperaDev/erp-system/pull/71,https://api.github.com/repos/JuniperaDev/erp-system
3286788631,Java,Devin,feat,https://github.com/GuoqingZuora/payment-integration/pull/3,https://api.github.com/repos/GuoqingZuora/payment-integration
3289584016,Java,Devin,fix,https://github.com/taylor-curran/oshift-demo-credit-scoring-engine/pull/120,https://api.github.com/repos/taylor-curran/oshift-demo-credit-scoring-engine
3426386080,Java,Devin,chore,https://github.com/Windsurf-Samples/spring-boot-realworld-example-app/pull/8,https://api.github.com/repos/Windsurf-Samples/spring-boot-realworld-example-app
3289410178,Java,Devin,feat,https://github.com/taylor-curran/oshift-demo-credit-scoring-engine/pull/70,https://api.github.com/repos/taylor-curran/oshift-demo-credit-scoring-engine
3448940057,Java,Devin,chore,https://github.com/Windsurf-Samples/spring-boot-realworld-example-app/pull/17,https://api.github.com/repos/Windsurf-Samples/spring-boot-realworld-example-app
3435453693,Java,Devin,chore,https://github.com/COG-GTM/java-migration-8-11/pull/20,https://api.github.com/repos/COG-GTM/java-migration-8-11
3425890196,Java,Devin,feat,https://github.com/GincoInc/gew-kmp/pull/172,https://api.github.com/repos/GincoInc/gew-kmp
3534482000,Java,Devin,feat,https://github.com/jbendercb/java-legacyshop/pull/8,https://api.github.com/repos/jbendercb/java-legacyshop
2969139939,Java,Devin,feat,https://github.com/goldmansachsinnovationcenter/ElasticDataReprocessing/pull/3,https://api.github.com/repos/goldmansachsinnovationcenter/ElasticDataReprocessing
3376257592,Java,Devin,chore,https://github.com/tylermusa-lgtm/spring-boot-realworld-example-app/pull/3,https://api.github.com/repos/tylermusa-lgtm/spring-boot-realworld-example-app
3427102531,Java,Devin,chore,https://github.com/chrisgroks/spring-boot-blogging-app/pull/13,https://api.github.com/repos/chrisgroks/spring-boot-blogging-app
3398711997,Java,Devin,feat,https://github.com/taylor-curran/oshift-demo-credit-scoring-engine/pull/326,https://api.github.com/repos/taylor-curran/oshift-demo-credit-scoring-engine
3443200269,Java,Devin,feat,https://github.com/taylor-curran/spring-boot-realworld-example-app/pull/4,https://api.github.com/repos/taylor-curran/spring-boot-realworld-example-app
2930953000,Java,Devin,chore,https://github.com/chendaben/langchain4j-demo/pull/35,https://api.github.com/repos/chendaben/langchain4j-demo
3289783795,Java,Devin,chore,https://github.com/taylor-curran/oshift-demo-credit-scoring-engine/pull/273,https://api.github.com/repos/taylor-curran/oshift-demo-credit-scoring-engine
3324219683,Java,Devin,fix,https://github.com/innerlooptek-ship-it/rules/pull/9,https://api.github.com/repos/innerlooptek-ship-it/rules
2942031103,Java,Devin,chore,https://github.com/goldmansachsinnovationcenter/gs-collections-bhagatr/pull/11,https://api.github.com/repos/goldmansachsinnovationcenter/gs-collections-bhagatr
3289354840,Java,Devin,fix,https://github.com/taylor-curran/oshift-demo-credit-scoring-engine/pull/23,https://api.github.com/repos/taylor-curran/oshift-demo-credit-scoring-engine
2902330100,Java,Devin,feat,https://github.com/pwrlabs/PWR-Labs-Utils/pull/5,https://api.github.com/repos/pwrlabs/PWR-Labs-Utils
3449226059,Java,Devin,chore,https://github.com/taylor-curran/spring-boot-realworld-example-app/pull/12,https://api.github.com/repos/taylor-curran/spring-boot-realworld-example-app
3289790815,Java,Devin,feat,https://github.com/taylor-curran/oshift-demo-credit-scoring-engine/pull/293,https://api.github.com/repos/taylor-curran/oshift-demo-credit-scoring-engine
3416259154,Java,Devin,chore,https://github.com/ashish-019-hash/n8n-repo/pull/6,https://api.github.com/repos/ashish-019-hash/n8n-repo
3436514033,Java,Google_Jules,chore,https://github.com/Tyler-Cash/peep-bot/pull/42,https://api.github.com/repos/Tyler-Cash/peep-bot
3307545022,Java,Google_Jules,chore,https://github.com/kgsanjay/hrms/pull/2,https://api.github.com/repos/kgsanjay/hrms
3285757707,Java,Google_Jules,feat,https://github.com/gx-bangsong/GKUIClock/pull/8,https://api.github.com/repos/gx-bangsong/GKUIClock
3449617313,Java,Google_Jules,chore,https://github.com/StudioAsInc/android-synapse/pull/79,https://api.github.com/repos/StudioAsInc/android-synapse
3428337832,Java,Google_Jules,feat,https://github.com/pdheeraj99/Spring-Guide/pull/45,https://api.github.com/repos/pdheeraj99/Spring-Guide
3284390051,Java,Google_Jules,feat,https://github.com/gx-bangsong/GKUIClock/pull/1,https://api.github.com/repos/gx-bangsong/GKUIClock
3418200791,Java,Google_Jules,fix,https://github.com/StudioAsInc/android-synapse/pull/11,https://api.github.com/repos/StudioAsInc/android-synapse
3396484799,Java,Google_Jules,feat,https://github.com/IanMcNelly/maniacal-hunter/pull/11,https://api.github.com/repos/IanMcNelly/maniacal-hunter
3320419087,Java,Google_Jules,fix,https://github.com/w3canvas/javacanvas/pull/33,https://api.github.com/repos/w3canvas/javacanvas
3519691169,Java,Google_Jules,feat,https://github.com/lgalvao/sgc/pull/85,https://api.github.com/repos/lgalvao/sgc
3460299571,Java,Google_Jules,fix,https://github.com/Bluebird-Community/opennms/pull/67,https://api.github.com/repos/Bluebird-Community/opennms
3529172910,Java,Google_Jules,feat,https://github.com/lgalvao/sgc/pull/125,https://api.github.com/repos/lgalvao/sgc
3547016991,Java,Google_Jules,chore,https://github.com/sdyura/shithead/pull/23,https://api.github.com/repos/sdyura/shithead
3404857815,Java,Google_Jules,docs,https://github.com/tingilee/bazel/pull/4,https://api.github.com/repos/tingilee/bazel
3447277706,Java,Google_Jules,fix,https://github.com/StudioAsInc/android-synapse/pull/73,https://api.github.com/repos/StudioAsInc/android-synapse
3465218436,Java,Google_Jules,feat,https://github.com/Youss-elji/smart-microfactory-iot/pull/5,https://api.github.com/repos/Youss-elji/smart-microfactory-iot
3504855894,Java,Google_Jules,feat,https://github.com/lgalvao/sgc/pull/30,https://api.github.com/repos/lgalvao/sgc
3455151546,Java,Google_Jules,chore,https://github.com/arthow4n/week-number-android-widget/pull/9,https://api.github.com/repos/arthow4n/week-number-android-widget
3493158281,Java,Google_Jules,feat,https://github.com/lgalvao/sgc/pull/7,https://api.github.com/repos/lgalvao/sgc
3306604465,Java,Google_Jules,chore,https://github.com/w3canvas/javacanvas/pull/3,https://api.github.com/repos/w3canvas/javacanvas
3477293957,Java,Google_Jules,feat,https://github.com/B1Z0N/AntlrCalculator/pull/1,https://api.github.com/repos/B1Z0N/AntlrCalculator
3326677108,Java,Google_Jules,fix,https://github.com/w3canvas/javacanvas/pull/45,https://api.github.com/repos/w3canvas/javacanvas
3391660674,Java,Google_Jules,docs,https://github.com/linskay/hr-assist/pull/7,https://api.github.com/repos/linskay/hr-assist
3386998332,Java,Google_Jules,feat,https://github.com/x1f4r/mmocraft-plugin/pull/10,https://api.github.com/repos/x1f4r/mmocraft-plugin
3415164810,Java,Google_Jules,feat,https://github.com/pdheeraj99/Spring-Guide/pull/13,https://api.github.com/repos/pdheeraj99/Spring-Guide
3415290353,Java,Google_Jules,feat,https://github.com/pdheeraj99/Spring-Guide/pull/17,https://api.github.com/repos/pdheeraj99/Spring-Guide
3500257556,Java,Google_Jules,fix,https://github.com/lgalvao/sgc/pull/19,https://api.github.com/repos/lgalvao/sgc
3416248322,Java,Google_Jules,feat,https://github.com/pdheeraj99/Spring-Guide/pull/21,https://api.github.com/repos/pdheeraj99/Spring-Guide
3529215454,Java,Google_Jules,feat,https://github.com/lgalvao/sgc/pull/126,https://api.github.com/repos/lgalvao/sgc
3285603056,Java,Google_Jules,feat,https://github.com/gx-bangsong/GKUIClock/pull/6,https://api.github.com/repos/gx-bangsong/GKUIClock
3504464692,Java,Google_Jules,feat,https://github.com/lgalvao/sgc/pull/22,https://api.github.com/repos/lgalvao/sgc
3341616843,Java,Google_Jules,feat,https://github.com/Samrhan/Estivate/pull/4,https://api.github.com/repos/Samrhan/Estivate
3523526626,Java,Google_Jules,fix,https://github.com/lgalvao/sgc/pull/100,https://api.github.com/repos/lgalvao/sgc
3456487698,Java,Google_Jules,chore,https://github.com/eric-piwele/Data-Structures/pull/1,https://api.github.com/repos/eric-piwele/Data-Structures
3443340589,Java,Google_Jules,fix,https://github.com/StudioAsInc/android-synapse/pull/63,https://api.github.com/repos/StudioAsInc/android-synapse
3510128643,Java,Google_Jules,chore,https://github.com/Saphri/quarkus-logbook/pull/14,https://api.github.com/repos/Saphri/quarkus-logbook
3306930628,Java,Google_Jules,fix,https://github.com/drgaciw/database-chat-service/pull/1,https://api.github.com/repos/drgaciw/database-chat-service
3420588037,Java,Google_Jules,feat,https://github.com/pdheeraj99/Spring-Guide/pull/34,https://api.github.com/repos/pdheeraj99/Spring-Guide
3418533684,Java,Google_Jules,fix,https://github.com/paulklemstine/Acid/pull/10,https://api.github.com/repos/paulklemstine/Acid
3297646404,Java,Google_Jules,fix,https://github.com/klaus7/jfastnet/pull/6,https://api.github.com/repos/klaus7/jfastnet
3530344964,Java,Google_Jules,feat,https://github.com/lgalvao/sgc/pull/141,https://api.github.com/repos/lgalvao/sgc
3501143732,Java,Google_Jules,chore,https://github.com/MovieAddict88/vpn-projects/pull/1,https://api.github.com/repos/MovieAddict88/vpn-projects
3551259790,Java,Google_Jules,fix,https://github.com/lgalvao/sgc/pull/179,https://api.github.com/repos/lgalvao/sgc
3390844557,Java,Google_Jules,feat,https://github.com/linskay/hr-assist/pull/5,https://api.github.com/repos/linskay/hr-assist
3428133321,Java,Google_Jules,feat,https://github.com/kevinlin1/huskymaps/pull/8,https://api.github.com/repos/kevinlin1/huskymaps
3507269055,Java,Google_Jules,chore,https://github.com/DerJanniku/LobbyLynx/pull/6,https://api.github.com/repos/DerJanniku/LobbyLynx
3544782194,Java,Google_Jules,chore,https://github.com/aigenartig/aigentum/pull/20,https://api.github.com/repos/aigenartig/aigentum
3308201692,Java,Google_Jules,fix,https://github.com/rashidi/spring-boot-tutorials/pull/267,https://api.github.com/repos/rashidi/spring-boot-tutorials
3445781837,Java,Google_Jules,fix,https://github.com/StudioAsInc/android-synapse/pull/68,https://api.github.com/repos/StudioAsInc/android-synapse
3472721195,Java,Google_Jules,chore,https://github.com/indra87g/waffle-core-nukkit/pull/6,https://api.github.com/repos/indra87g/waffle-core-nukkit
3443905027,Java,Google_Jules,chore,https://github.com/megadotnet/SpringBootAppSwaggerJavaClient/pull/2,https://api.github.com/repos/megadotnet/SpringBootAppSwaggerJavaClient
3414875841,Java,Google_Jules,docs,https://github.com/pdheeraj99/Spring-Guide/pull/10,https://api.github.com/repos/pdheeraj99/Spring-Guide
3327637846,Java,Google_Jules,docs,https://github.com/JordanScarrott/BlockStacker/pull/1,https://api.github.com/repos/JordanScarrott/BlockStacker
3306871895,Java,Google_Jules,fix,https://github.com/fernandorubbo/articles/pull/1,https://api.github.com/repos/fernandorubbo/articles
3449278128,Java,Google_Jules,chore,https://github.com/StudioAsInc/android-synapse/pull/78,https://api.github.com/repos/StudioAsInc/android-synapse
3437935997,Java,Google_Jules,chore,https://github.com/StudioAsInc/android-synapse/pull/37,https://api.github.com/repos/StudioAsInc/android-synapse
3407257328,Java,Google_Jules,docs,https://github.com/felipebehling/TucasDesk/pull/2,https://api.github.com/repos/felipebehling/TucasDesk
3438790073,Java,Google_Jules,chore,https://github.com/Razzeti/SnakeGame/pull/13,https://api.github.com/repos/Razzeti/SnakeGame
3304908912,Java,Google_Jules,feat,https://github.com/Steppschuh/Sensor-Data-Logger/pull/10,https://api.github.com/repos/Steppschuh/Sensor-Data-Logger
3487544009,Java,Google_Jules,fix,https://github.com/StudioAsInc/android-synapse/pull/145,https://api.github.com/repos/StudioAsInc/android-synapse
3423907457,Java,Google_Jules,feat,https://github.com/Vassopoli/vassopolibot-telegram/pull/3,https://api.github.com/repos/Vassopoli/vassopolibot-telegram
3369841386,Java,Google_Jules,fix,https://github.com/misterballzach/chattyplus/pull/7,https://api.github.com/repos/misterballzach/chattyplus
3487876284,Java,Google_Jules,fix,https://github.com/silehacks/NISIRCOP/pull/14,https://api.github.com/repos/silehacks/NISIRCOP
3458297928,Java,Google_Jules,feat,https://github.com/StudioAsInc/android-synapse/pull/111,https://api.github.com/repos/StudioAsInc/android-synapse
3328148324,Java,Google_Jules,feat,https://github.com/JordanScarrott/BlockStacker/pull/6,https://api.github.com/repos/JordanScarrott/BlockStacker
3298713487,Java,Google_Jules,docs,https://github.com/yult97/mowen-mcp-server-Java/pull/1,https://api.github.com/repos/yult97/mowen-mcp-server-Java
3528650563,Java,Google_Jules,chore,https://github.com/lgalvao/sgc/pull/111,https://api.github.com/repos/lgalvao/sgc
3461864270,Java,Google_Jules,fix,https://github.com/jmasalma/AdhanAlarm/pull/9,https://api.github.com/repos/jmasalma/AdhanAlarm
3438662666,Java,Google_Jules,feat,https://github.com/Razzeti/SnakeGame/pull/10,https://api.github.com/repos/Razzeti/SnakeGame
3507568705,Java,Google_Jules,fix,https://github.com/HarshitSahu01/test/pull/11,https://api.github.com/repos/HarshitSahu01/test
3509524209,Java,Google_Jules,fix,https://github.com/StudioAsInc/android-synapse/pull/167,https://api.github.com/repos/StudioAsInc/android-synapse
3490249652,Java,Google_Jules,fix,https://github.com/StudioAsInc/android-synapse/pull/146,https://api.github.com/repos/StudioAsInc/android-synapse
3490530356,Java,Google_Jules,fix,https://github.com/A2A410/save-for-offline-2/pull/6,https://api.github.com/repos/A2A410/save-for-offline-2
3530710892,Java,Google_Jules,feat,https://github.com/echoworx-johnfleming/ldaptestcontainer/pull/1,https://api.github.com/repos/echoworx-johnfleming/ldaptestcontainer
3459898455,Java,Google_Jules,fix,https://github.com/StudioAsInc/android-synapse/pull/120,https://api.github.com/repos/StudioAsInc/android-synapse
3373979141,Java,Google_Jules,fix,https://github.com/paulklemstine/Acid/pull/1,https://api.github.com/repos/paulklemstine/Acid
3485899787,Java,Google_Jules,fix,https://github.com/silehacks/NISIRCOP/pull/7,https://api.github.com/repos/silehacks/NISIRCOP
3465812814,Java,Google_Jules,docs,https://github.com/StudioAsInc/android-synapse/pull/133,https://api.github.com/repos/StudioAsInc/android-synapse
3429347232,Java,Google_Jules,feat,https://github.com/pdheeraj99/Spring-Guide/pull/55,https://api.github.com/repos/pdheeraj99/Spring-Guide
3493013383,Java,Google_Jules,feat,https://github.com/lgalvao/sgc/pull/4,https://api.github.com/repos/lgalvao/sgc
3533636129,Java,Google_Jules,chore,https://github.com/lgalvao/sgc/pull/150,https://api.github.com/repos/lgalvao/sgc
3488872923,Java,Google_Jules,chore,https://github.com/ThePharmer/Napkandroid/pull/1,https://api.github.com/repos/ThePharmer/Napkandroid
3391035437,Java,Google_Jules,chore,https://github.com/abhinandanpawar/Learning/pull/23,https://api.github.com/repos/abhinandanpawar/Learning
3515117783,Java,Google_Jules,chore,https://github.com/StudioAsInc/android-synapse/pull/179,https://api.github.com/repos/StudioAsInc/android-synapse
3404364279,Java,Google_Jules,fix,https://github.com/ceoloide/freerouting/pull/6,https://api.github.com/repos/ceoloide/freerouting
3446287548,Java,Google_Jules,fix,https://github.com/Kaleaon/llsd-java/pull/10,https://api.github.com/repos/Kaleaon/llsd-java
3320219824,Java,Google_Jules,fix,https://github.com/w3canvas/javacanvas/pull/30,https://api.github.com/repos/w3canvas/javacanvas
3543591269,Java,Google_Jules,chore,https://github.com/Linux2010/Mineblock/pull/3,https://api.github.com/repos/Linux2010/Mineblock
3496996200,Java,Google_Jules,fix,https://github.com/lgalvao/sgc/pull/16,https://api.github.com/repos/lgalvao/sgc
3484977689,Java,Google_Jules,chore,https://github.com/sdyura/shithead/pull/6,https://api.github.com/repos/sdyura/shithead
3445885035,Java,Google_Jules,fix,https://github.com/StudioAsInc/android-synapse/pull/71,https://api.github.com/repos/StudioAsInc/android-synapse
3490481969,Java,Google_Jules,chore,https://github.com/A2A410/save-for-offline-2/pull/4,https://api.github.com/repos/A2A410/save-for-offline-2
3530397554,Java,Google_Jules,docs,https://github.com/lgalvao/sgc/pull/143,https://api.github.com/repos/lgalvao/sgc
3459044424,Java,Google_Jules,feat,https://github.com/jmasalma/AdhanAlarm/pull/2,https://api.github.com/repos/jmasalma/AdhanAlarm
3328736143,Java,Google_Jules,fix,https://github.com/rvoidex7/java-elabs-tts/pull/12,https://api.github.com/repos/rvoidex7/java-elabs-tts
3308623666,Java,Google_Jules,chore,https://github.com/kgsanjay/hrms/pull/9,https://api.github.com/repos/kgsanjay/hrms
3496615119,Java,Google_Jules,chore,https://github.com/lgalvao/sgc/pull/12,https://api.github.com/repos/lgalvao/sgc
3512138591,Java,Google_Jules,chore,https://github.com/StudioAsInc/android-synapse/pull/173,https://api.github.com/repos/StudioAsInc/android-synapse
3340938717,Java,Google_Jules,feat,https://github.com/nkcreations/MineChatDigimodIntegration/pull/3,https://api.github.com/repos/nkcreations/MineChatDigimodIntegration
3419247985,Java,Google_Jules,fix,https://github.com/ceoloide/freerouting/pull/10,https://api.github.com/repos/ceoloide/freerouting
3506350337,Java,Google_Jules,feat,https://github.com/lgalvao/sgc/pull/45,https://api.github.com/repos/lgalvao/sgc
3328354282,Java,Google_Jules,chore,https://github.com/sasingh9/nghsan/pull/1,https://api.github.com/repos/sasingh9/nghsan
3312708564,Java,Google_Jules,feat,https://github.com/ahalae/AHaLa-blog/pull/1,https://api.github.com/repos/ahalae/AHaLa-blog
3455211542,Java,Google_Jules,chore,https://github.com/arthow4n/week-number-android-widget/pull/10,https://api.github.com/repos/arthow4n/week-number-android-widget
3418524651,Java,Google_Jules,feat,https://github.com/ceoloide/freerouting/pull/9,https://api.github.com/repos/ceoloide/freerouting
3404435617,Java,Google_Jules,feat,https://github.com/jorgedemetrio/WebTester/pull/1,https://api.github.com/repos/jorgedemetrio/WebTester
3308562255,Java,Google_Jules,feat,https://github.com/DEPthes/4th-MVP-LearningCrew-Server/pull/45,https://api.github.com/repos/DEPthes/4th-MVP-LearningCrew-Server
3483941729,Java,Google_Jules,fix,https://github.com/sdyura/shithead/pull/5,https://api.github.com/repos/sdyura/shithead
3299409970,Java,Google_Jules,feat,https://github.com/Robotv2/QuestPlugin/pull/1,https://api.github.com/repos/Robotv2/QuestPlugin
3285538064,Java,Google_Jules,feat,https://github.com/gx-bangsong/GKUIClock/pull/3,https://api.github.com/repos/gx-bangsong/GKUIClock
3546501498,Java,Google_Jules,fix,https://github.com/lgalvao/sgc/pull/174,https://api.github.com/repos/lgalvao/sgc
3428242102,Java,Google_Jules,fix,https://github.com/kevinlin1/huskymaps/pull/12,https://api.github.com/repos/kevinlin1/huskymaps
3415058845,Java,Google_Jules,feat,https://github.com/pdheeraj99/Spring-Guide/pull/12,https://api.github.com/repos/pdheeraj99/Spring-Guide
3315998549,Java,Google_Jules,feat,https://github.com/w3canvas/javacanvas/pull/22,https://api.github.com/repos/w3canvas/javacanvas
3515682576,Java,Google_Jules,chore,https://github.com/lgalvao/sgc/pull/76,https://api.github.com/repos/lgalvao/sgc
3326771124,Java,Google_Jules,chore,https://github.com/w3canvas/javacanvas/pull/46,https://api.github.com/repos/w3canvas/javacanvas
3490508289,Java,Google_Jules,fix,https://github.com/A2A410/save-for-offline-2/pull/5,https://api.github.com/repos/A2A410/save-for-offline-2
3438486640,Java,Google_Jules,chore,https://github.com/Razzeti/SnakeGame/pull/4,https://api.github.com/repos/Razzeti/SnakeGame
3529338305,Java,Google_Jules,fix,https://github.com/lgalvao/sgc/pull/131,https://api.github.com/repos/lgalvao/sgc
3455951389,Java,Google_Jules,chore,https://github.com/StudioAsInc/android-synapse/pull/98,https://api.github.com/repos/StudioAsInc/android-synapse
3391041205,Java,Google_Jules,chore,https://github.com/abhinandanpawar/Learning/pull/25,https://api.github.com/repos/abhinandanpawar/Learning
3363523409,Java,Google_Jules,feat,https://github.com/selvester69/survery-demo/pull/9,https://api.github.com/repos/selvester69/survery-demo
3341285054,Java,Google_Jules,fix,https://github.com/khaledosmanfathy/PromoCodeManagmentSystem/pull/1,https://api.github.com/repos/khaledosmanfathy/PromoCodeManagmentSystem
3328441209,Java,Google_Jules,feat,https://github.com/JordanScarrott/BlockStacker/pull/8,https://api.github.com/repos/JordanScarrott/BlockStacker
3461030264,Java,Google_Jules,chore,https://github.com/StudioAsInc/android-synapse/pull/127,https://api.github.com/repos/StudioAsInc/android-synapse
3302762249,Java,Google_Jules,feat,https://github.com/zhouyijiaren/java-rate-limiter/pull/1,https://api.github.com/repos/zhouyijiaren/java-rate-limiter
3309961676,Java,Google_Jules,chore,https://github.com/HoneyBerries/BetterSpawnProtect/pull/1,https://api.github.com/repos/HoneyBerries/BetterSpawnProtect
3396288048,Java,Google_Jules,feat,https://github.com/IanMcNelly/maniacal-hunter/pull/10,https://api.github.com/repos/IanMcNelly/maniacal-hunter
3452912830,Java,Google_Jules,feat,https://github.com/Youss-elji/smart-microfactory-iot/pull/3,https://api.github.com/repos/Youss-elji/smart-microfactory-iot
3496509755,Java,Google_Jules,feat,https://github.com/MovieAddict88/OpenVPN-1.1.14/pull/1,https://api.github.com/repos/MovieAddict88/OpenVPN-1.1.14
3323056044,Java,Google_Jules,feat,https://github.com/w3canvas/javacanvas/pull/34,https://api.github.com/repos/w3canvas/javacanvas
3320204274,Java,Google_Jules,fix,https://github.com/w3canvas/javacanvas/pull/29,https://api.github.com/repos/w3canvas/javacanvas
3461739722,Java,Google_Jules,fix,https://github.com/semiconc/oauth_server/pull/2,https://api.github.com/repos/semiconc/oauth_server
3444059400,Java,Google_Jules,chore,https://github.com/Tyler-Cash/peep-bot/pull/56,https://api.github.com/repos/Tyler-Cash/peep-bot
3543430827,Java,Google_Jules,feat,https://github.com/JordanScarrott/maven-monorepo/pull/2,https://api.github.com/repos/JordanScarrott/maven-monorepo
3400701851,Java,Google_Jules,feat,https://github.com/openo-beta/Open-O/pull/519,https://api.github.com/repos/openo-beta/Open-O
3388986489,Java,Google_Jules,chore,https://github.com/bolaji3009/ozone/pull/16,https://api.github.com/repos/bolaji3009/ozone
3420433460,Java,Google_Jules,feat,https://github.com/pdheeraj99/Spring-Guide/pull/33,https://api.github.com/repos/pdheeraj99/Spring-Guide
3415407092,Java,Google_Jules,feat,https://github.com/paulklemstine/Acid/pull/6,https://api.github.com/repos/paulklemstine/Acid
3530041348,Java,Google_Jules,chore,https://github.com/lgalvao/sgc/pull/135,https://api.github.com/repos/lgalvao/sgc
3304945098,Java,Google_Jules,chore,https://github.com/sagarbajaj/RemoteTrainRepository/pull/4,https://api.github.com/repos/sagarbajaj/RemoteTrainRepository
3529034074,Java,Google_Jules,fix,https://github.com/lgalvao/sgc/pull/120,https://api.github.com/repos/lgalvao/sgc
3507308022,Java,Google_Jules,fix,https://github.com/DerJanniku/LobbyLynx/pull/9,https://api.github.com/repos/DerJanniku/LobbyLynx
3452081703,Java,Google_Jules,feat,https://github.com/hongtuzhanghongda/Jules-test/pull/1,https://api.github.com/repos/hongtuzhanghongda/Jules-test
3337004637,Java,Google_Jules,chore,https://github.com/acarmisc/kafka-fhir-secure-sink/pull/2,https://api.github.com/repos/acarmisc/kafka-fhir-secure-sink
3509721343,Java,Google_Jules,chore,https://github.com/phkaiser13/Bybo/pull/3,https://api.github.com/repos/phkaiser13/Bybo
3506244731,Java,Google_Jules,feat,https://github.com/lgalvao/sgc/pull/43,https://api.github.com/repos/lgalvao/sgc
3434953982,Java,Google_Jules,feat,https://github.com/kevinlin1/huskymaps/pull/16,https://api.github.com/repos/kevinlin1/huskymaps
3334143156,Java,Google_Jules,chore,https://github.com/JordanScarrott/BlockStacker/pull/16,https://api.github.com/repos/JordanScarrott/BlockStacker
3491900942,Java,Google_Jules,fix,https://github.com/StudioAsInc/android-synapse/pull/149,https://api.github.com/repos/StudioAsInc/android-synapse
3459536189,Java,Google_Jules,docs,https://github.com/StudioAsInc/android-synapse/pull/117,https://api.github.com/repos/StudioAsInc/android-synapse
3537723859,Java,Google_Jules,docs,https://github.com/lgalvao/sgc/pull/157,https://api.github.com/repos/lgalvao/sgc
3457198623,Java,Google_Jules,fix,https://github.com/StudioAsInc/android-synapse/pull/103,https://api.github.com/repos/StudioAsInc/android-synapse
3483816640,Java,Google_Jules,feat,https://github.com/sdyura/shithead/pull/3,https://api.github.com/repos/sdyura/shithead
3370703956,Java,Google_Jules,chore,https://github.com/stanislasbdx/SeriousRP/pull/45,https://api.github.com/repos/stanislasbdx/SeriousRP
3370380725,Java,Google_Jules,feat,https://github.com/Abdul07in/kafka-demo/pull/1,https://api.github.com/repos/Abdul07in/kafka-demo
3443221634,Java,Google_Jules,fix,https://github.com/StudioAsInc/android-synapse/pull/60,https://api.github.com/repos/StudioAsInc/android-synapse
3532734650,Java,Google_Jules,feat,https://github.com/echoworx-johnfleming/ldaptestcontainer/pull/2,https://api.github.com/repos/echoworx-johnfleming/ldaptestcontainer
3386299985,Java,Google_Jules,feat,https://github.com/arabssm/muldum-back-v2/pull/115,https://api.github.com/repos/arabssm/muldum-back-v2
3528953886,Java,Google_Jules,docs,https://github.com/lgalvao/sgc/pull/119,https://api.github.com/repos/lgalvao/sgc
3185478821,Java,Google_Jules,chore,https://github.com/Adexux96/jcraft-eoe/pull/19,https://api.github.com/repos/Adexux96/jcraft-eoe
3530304539,Java,Google_Jules,chore,https://github.com/lgalvao/sgc/pull/139,https://api.github.com/repos/lgalvao/sgc
3500500313,Java,Google_Jules,chore,https://github.com/lgalvao/sgc/pull/20,https://api.github.com/repos/lgalvao/sgc
3325633680,Java,Google_Jules,fix,https://github.com/aigenartig/aigentum/pull/11,https://api.github.com/repos/aigenartig/aigentum
3526616621,Java,Google_Jules,feat,https://github.com/indra87g/waffle-core-nukkit/pull/13,https://api.github.com/repos/indra87g/waffle-core-nukkit
3545196664,Java,Google_Jules,chore,https://github.com/sdyura/shithead/pull/21,https://api.github.com/repos/sdyura/shithead
3414817351,Java,Google_Jules,feat,https://github.com/pdheeraj99/Spring-Guide/pull/6,https://api.github.com/repos/pdheeraj99/Spring-Guide
3437054871,Java,Google_Jules,feat,https://github.com/Tyler-Cash/peep-bot/pull/52,https://api.github.com/repos/Tyler-Cash/peep-bot
3308024984,Java,Google_Jules,feat,https://github.com/w3canvas/javacanvas/pull/12,https://api.github.com/repos/w3canvas/javacanvas
3515401666,Java,Google_Jules,chore,https://github.com/lgalvao/sgc/pull/74,https://api.github.com/repos/lgalvao/sgc
3225432574,Java,Google_Jules,chore,https://github.com/hotpad100c/yetanothercarpetaddition/pull/23,https://api.github.com/repos/hotpad100c/yetanothercarpetaddition
3441838213,Java,Google_Jules,fix,https://github.com/StudioAsInc/android-synapse/pull/56,https://api.github.com/repos/StudioAsInc/android-synapse
3326560899,Java,Google_Jules,fix,https://github.com/w3canvas/javacanvas/pull/44,https://api.github.com/repos/w3canvas/javacanvas
3544079583,Java,Google_Jules,chore,https://github.com/lgalvao/sgc/pull/171,https://api.github.com/repos/lgalvao/sgc
3338066756,Java,Google_Jules,chore,https://github.com/JordanScarrott/BlockStacker/pull/17,https://api.github.com/repos/JordanScarrott/BlockStacker
3540255672,Java,Google_Jules,feat,https://github.com/lgalvao/sgc/pull/161,https://api.github.com/repos/lgalvao/sgc
3530372593,Java,Google_Jules,chore,https://github.com/lgalvao/sgc/pull/142,https://api.github.com/repos/lgalvao/sgc
3527632680,Java,Google_Jules,fix,https://github.com/cflewis/Space-Invaders-Enterprise-Edition/pull/9,https://api.github.com/repos/cflewis/Space-Invaders-Enterprise-Edition
3443237748,Java,Google_Jules,feat,https://github.com/kwzk222/template-mod/pull/1,https://api.github.com/repos/kwzk222/template-mod
3416360784,Java,Google_Jules,feat,https://github.com/pdheeraj99/Spring-Guide/pull/22,https://api.github.com/repos/pdheeraj99/Spring-Guide
3420445602,Java,Google_Jules,feat,https://github.com/jiangzhifei/dlock/pull/1,https://api.github.com/repos/jiangzhifei/dlock
3529322545,Java,Google_Jules,chore,https://github.com/lgalvao/sgc/pull/130,https://api.github.com/repos/lgalvao/sgc
3520020279,Java,Google_Jules,docs,https://github.com/lgalvao/sgc/pull/89,https://api.github.com/repos/lgalvao/sgc
3530179640,Java,Google_Jules,fix,https://github.com/lgalvao/sgc/pull/137,https://api.github.com/repos/lgalvao/sgc
3504535483,Java,Google_Jules,feat,https://github.com/lgalvao/sgc/pull/24,https://api.github.com/repos/lgalvao/sgc
3514651488,Java,Google_Jules,feat,https://github.com/StudioAsInc/android-synapse/pull/177,https://api.github.com/repos/StudioAsInc/android-synapse
3394380403,Java,Google_Jules,fix,https://github.com/IanMcNelly/maniacal-hunter/pull/7,https://api.github.com/repos/IanMcNelly/maniacal-hunter
3493591501,Java,Google_Jules,feat,https://github.com/lgalvao/sgc/pull/10,https://api.github.com/repos/lgalvao/sgc
3429845042,Java,Google_Jules,feat,https://github.com/cmwen/AntennaPod/pull/3,https://api.github.com/repos/cmwen/AntennaPod
3437313696,Java,Google_Jules,chore,https://github.com/mahimmmm/Easy-Dokan-Java/pull/8,https://api.github.com/repos/mahimmmm/Easy-Dokan-Java
3326778389,Java,Google_Jules,feat,https://github.com/w3canvas/javacanvas/pull/47,https://api.github.com/repos/w3canvas/javacanvas
3399733738,Java,Google_Jules,feat,https://github.com/Cassander313/ttlock_flutter/pull/2,https://api.github.com/repos/Cassander313/ttlock_flutter
3438388241,Java,Google_Jules,chore,https://github.com/StudioAsInc/android-synapse/pull/45,https://api.github.com/repos/StudioAsInc/android-synapse
3534286359,Java,Google_Jules,chore,https://github.com/geekyouup/android-cleaner/pull/3,https://api.github.com/repos/geekyouup/android-cleaner
3390269929,Java,Google_Jules,fix,https://github.com/APorkolab/baccaratio/pull/17,https://api.github.com/repos/APorkolab/baccaratio
3418844246,Java,Google_Jules,feat,https://github.com/pdheeraj99/Spring-Guide/pull/30,https://api.github.com/repos/pdheeraj99/Spring-Guide
3390323455,Java,Google_Jules,fix,https://github.com/APorkolab/baccaratio/pull/18,https://api.github.com/repos/APorkolab/baccaratio
3507376120,Java,Google_Jules,chore,https://github.com/HarshitSahu01/test/pull/9,https://api.github.com/repos/HarshitSahu01/test
3310317190,Java,Google_Jules,chore,https://github.com/mrKlar/DSCEnvisalink-BlueIris/pull/1,https://api.github.com/repos/mrKlar/DSCEnvisalink-BlueIris
3483308580,Java,Google_Jules,feat,https://github.com/indra87g/waffle-core-nukkit/pull/8,https://api.github.com/repos/indra87g/waffle-core-nukkit
3350661756,Java,Google_Jules,feat,https://github.com/KarthikSeelam/platform-framework/pull/1,https://api.github.com/repos/KarthikSeelam/platform-framework
3507613217,Java,Google_Jules,chore,https://github.com/lgalvao/sgc/pull/55,https://api.github.com/repos/lgalvao/sgc
3447732327,Java,Google_Jules,chore,https://github.com/StudioAsInc/android-synapse/pull/74,https://api.github.com/repos/StudioAsInc/android-synapse
3490938114,Java,Google_Jules,feat,https://github.com/A2A410/save-for-offline-2/pull/7,https://api.github.com/repos/A2A410/save-for-offline-2
3428478624,Java,Google_Jules,docs,https://github.com/pdheeraj99/Spring-Guide/pull/46,https://api.github.com/repos/pdheeraj99/Spring-Guide
3306536887,Java,Google_Jules,fix,https://github.com/Amit1991/JavaMultithreadingFCC/pull/1,https://api.github.com/repos/Amit1991/JavaMultithreadingFCC
3429247304,Java,Google_Jules,feat,https://github.com/pdheeraj99/Spring-Guide/pull/54,https://api.github.com/repos/pdheeraj99/Spring-Guide
3423001668,Java,Google_Jules,fix,https://github.com/pdheeraj99/Spring-Guide/pull/37,https://api.github.com/repos/pdheeraj99/Spring-Guide
3500664139,Java,Google_Jules,chore,https://github.com/Saphri/quarkus-logbook/pull/9,https://api.github.com/repos/Saphri/quarkus-logbook
3533992582,Java,Google_Jules,chore,https://github.com/lgalvao/sgc/pull/153,https://api.github.com/repos/lgalvao/sgc
3327522013,Java,Google_Jules,feat,https://github.com/ayush-jaipuriar/only-yours/pull/2,https://api.github.com/repos/ayush-jaipuriar/only-yours
3318911693,Java,Google_Jules,fix,https://github.com/FCG-labs/atflee_react-native-charts-wrapper/pull/115,https://api.github.com/repos/FCG-labs/atflee_react-native-charts-wrapper
3365026588,Java,Google_Jules,feat,https://github.com/ingla2020/ej/pull/1,https://api.github.com/repos/ingla2020/ej
3474702124,Java,Google_Jules,fix,https://github.com/StudioAsInc/android-synapse/pull/140,https://api.github.com/repos/StudioAsInc/android-synapse
3487155420,Java,Google_Jules,fix,https://github.com/StudioAsInc/android-synapse/pull/144,https://api.github.com/repos/StudioAsInc/android-synapse
3429116627,Java,Google_Jules,feat,https://github.com/pdheeraj99/Spring-Guide/pull/52,https://api.github.com/repos/pdheeraj99/Spring-Guide
3414806496,Java,Google_Jules,docs,https://github.com/pdheeraj99/Spring-Guide/pull/5,https://api.github.com/repos/pdheeraj99/Spring-Guide
3510066651,Java,Google_Jules,chore,https://github.com/StudioAsInc/android-synapse/pull/169,https://api.github.com/repos/StudioAsInc/android-synapse
3450275176,Java,Google_Jules,feat,https://github.com/arthow4n/week-number-android-widget/pull/2,https://api.github.com/repos/arthow4n/week-number-android-widget
3512771849,Java,Google_Jules,feat,https://github.com/StudioAsInc/android-synapse/pull/174,https://api.github.com/repos/StudioAsInc/android-synapse
3457747366,Java,Google_Jules,chore,https://github.com/StudioAsInc/android-synapse/pull/105,https://api.github.com/repos/StudioAsInc/android-synapse
3530566881,Java,Google_Jules,chore,https://github.com/lgalvao/sgc/pull/147,https://api.github.com/repos/lgalvao/sgc
3524016958,Java,Google_Jules,feat,https://github.com/Jeremiah-Jefry/Chat-Application/pull/5,https://api.github.com/repos/Jeremiah-Jefry/Chat-Application
3505519412,Java,Google_Jules,chore,https://github.com/gopinathan21/Interview-Preparation/pull/4,https://api.github.com/repos/gopinathan21/Interview-Preparation
3429191477,Java,Google_Jules,feat,https://github.com/pdheeraj99/Spring-Guide/pull/53,https://api.github.com/repos/pdheeraj99/Spring-Guide
3392402314,Java,Google_Jules,feat,https://github.com/IanMcNelly/maniacal-hunter/pull/5,https://api.github.com/repos/IanMcNelly/maniacal-hunter
3389170030,Java,Google_Jules,fix,https://github.com/ceoloide/freerouting/pull/1,https://api.github.com/repos/ceoloide/freerouting
3326894399,Java,Google_Jules,fix,https://github.com/w3canvas/javacanvas/pull/50,https://api.github.com/repos/w3canvas/javacanvas
3352693565,Java,Google_Jules,chore,https://github.com/HoneyBerries/XPBottling/pull/1,https://api.github.com/repos/HoneyBerries/XPBottling
3507186290,Java,Google_Jules,chore,https://github.com/DerJanniku/Hubbly/pull/1,https://api.github.com/repos/DerJanniku/Hubbly
3382456260,Java,Google_Jules,docs,https://github.com/yp44/component-runtime/pull/1,https://api.github.com/repos/yp44/component-runtime
3428885726,Java,Google_Jules,feat,https://github.com/pdheeraj99/Spring-Guide/pull/49,https://api.github.com/repos/pdheeraj99/Spring-Guide
3509661086,Java,Google_Jules,chore,https://github.com/StudioAsInc/android-synapse/pull/168,https://api.github.com/repos/StudioAsInc/android-synapse
3538855875,Java,Google_Jules,chore,https://github.com/StudioAsInc/android-synapse/pull/197,https://api.github.com/repos/StudioAsInc/android-synapse
3320651816,Java,Google_Jules,feat,https://github.com/ran-su/try-jules/pull/6,https://api.github.com/repos/ran-su/try-jules
3287064769,Java,Google_Jules,feat,https://github.com/gx-bangsong/GKUIClock/pull/14,https://api.github.com/repos/gx-bangsong/GKUIClock
3324397429,Java,Google_Jules,feat,https://github.com/TechMistri/ShibuSmartBrowser/pull/2,https://api.github.com/repos/TechMistri/ShibuSmartBrowser
3475684808,Java,Google_Jules,chore,https://github.com/jmasalma/AdhanAlarm/pull/15,https://api.github.com/repos/jmasalma/AdhanAlarm
3441966400,Java,Google_Jules,fix,https://github.com/StudioAsInc/android-synapse/pull/57,https://api.github.com/repos/StudioAsInc/android-synapse
3524043567,Java,Google_Jules,chore,https://github.com/Jeremiah-Jefry/Chat-Application/pull/6,https://api.github.com/repos/Jeremiah-Jefry/Chat-Application
3465604937,Java,Google_Jules,chore,https://github.com/diegocenec83/app1/pull/1,https://api.github.com/repos/diegocenec83/app1
3506269892,Java,Google_Jules,chore,https://github.com/lgalvao/sgc/pull/44,https://api.github.com/repos/lgalvao/sgc
3423412040,Java,Google_Jules,feat,https://github.com/pdheeraj99/Spring-Guide/pull/40,https://api.github.com/repos/pdheeraj99/Spring-Guide
3462437584,Java,Google_Jules,feat,https://github.com/n1netails/n1netails-slack-client/pull/1,https://api.github.com/repos/n1netails/n1netails-slack-client
3506382076,Java,Google_Jules,chore,https://github.com/Saphri/quarkus-logbook/pull/13,https://api.github.com/repos/Saphri/quarkus-logbook
3374431010,Java,Google_Jules,chore,https://github.com/pdheeraj99/MultiThreading_Complete/pull/1,https://api.github.com/repos/pdheeraj99/MultiThreading_Complete
3418777240,Java,Google_Jules,fix,https://github.com/StudioAsInc/android-synapse/pull/12,https://api.github.com/repos/StudioAsInc/android-synapse
3531349607,Java,Google_Jules,feat,https://github.com/StudioAsInc/android-synapse/pull/194,https://api.github.com/repos/StudioAsInc/android-synapse
3414840787,Java,Google_Jules,feat,https://github.com/pdheeraj99/Spring-Guide/pull/9,https://api.github.com/repos/pdheeraj99/Spring-Guide
3538501442,Java,Google_Jules,docs,https://github.com/lgalvao/sgc/pull/160,https://api.github.com/repos/lgalvao/sgc
3438812128,Java,Google_Jules,fix,https://github.com/Razzeti/SnakeGame/pull/14,https://api.github.com/repos/Razzeti/SnakeGame
3530329468,Java,Google_Jules,chore,https://github.com/lgalvao/sgc/pull/140,https://api.github.com/repos/lgalvao/sgc
3330754539,Java,Google_Jules,feat,https://github.com/oci-j/funeral/pull/1,https://api.github.com/repos/oci-j/funeral
3326831479,Java,Google_Jules,fix,https://github.com/w3canvas/javacanvas/pull/48,https://api.github.com/repos/w3canvas/javacanvas
3368922247,Java,Google_Jules,chore,https://github.com/promoweb/cryptomni/pull/1,https://api.github.com/repos/promoweb/cryptomni
3505525048,Java,Google_Jules,feat,https://github.com/gopinathan21/Interview-Preparation/pull/5,https://api.github.com/repos/gopinathan21/Interview-Preparation
3356657051,Java,Google_Jules,feat,https://github.com/selvester69/survery-demo/pull/4,https://api.github.com/repos/selvester69/survery-demo
3387468777,Java,Google_Jules,fix,https://github.com/x1f4r/mmocraft-plugin/pull/13,https://api.github.com/repos/x1f4r/mmocraft-plugin
3530662189,Java,Google_Jules,chore,https://github.com/lgalvao/sgc/pull/148,https://api.github.com/repos/lgalvao/sgc
3490574616,Java,Google_Jules,fix,https://github.com/StudioAsInc/android-synapse/pull/148,https://api.github.com/repos/StudioAsInc/android-synapse
3418669239,Java,Google_Jules,feat,https://github.com/pdheeraj99/Spring-Guide/pull/28,https://api.github.com/repos/pdheeraj99/Spring-Guide
3284038877,Java,Google_Jules,feat,https://github.com/firebase/firebase-android-sdk/pull/7213,https://api.github.com/repos/firebase/firebase-android-sdk
3447490243,Java,Google_Jules,chore,https://github.com/Kaleaon/llsd-java/pull/15,https://api.github.com/repos/Kaleaon/llsd-java
3509801824,Java,Google_Jules,fix,https://github.com/phkaiser13/Bybo/pull/4,https://api.github.com/repos/phkaiser13/Bybo
3495240331,Java,Google_Jules,fix,https://github.com/cago8/PhotoCloud/pull/1,https://api.github.com/repos/cago8/PhotoCloud
3482939775,Java,Google_Jules,fix,https://github.com/jmasalma/AdhanAlarm/pull/18,https://api.github.com/repos/jmasalma/AdhanAlarm
3454420389,Java,Google_Jules,feat,https://github.com/StudioAsInc/android-synapse/pull/90,https://api.github.com/repos/StudioAsInc/android-synapse
3389202472,Java,Google_Jules,fix,https://github.com/ceoloide/freerouting/pull/2,https://api.github.com/repos/ceoloide/freerouting
3446724385,Java,Google_Jules,fix,https://github.com/Kaleaon/llsd-java/pull/11,https://api.github.com/repos/Kaleaon/llsd-java
3385442837,Java,Google_Jules,fix,https://github.com/x1f4r/mmocraft-plugin/pull/6,https://api.github.com/repos/x1f4r/mmocraft-plugin
3344839445,Java,Google_Jules,fix,https://github.com/nkcreations/MineChatDigimodIntegration/pull/4,https://api.github.com/repos/nkcreations/MineChatDigimodIntegration
3306808841,Java,Google_Jules,feat,https://github.com/w3canvas/javacanvas/pull/8,https://api.github.com/repos/w3canvas/javacanvas
3351357111,Java,Google_Jules,feat,https://github.com/navprisha/navcr-stocks/pull/9,https://api.github.com/repos/navprisha/navcr-stocks
3507639073,Java,Google_Jules,fix,https://github.com/VedaDaketi/external/pull/3,https://api.github.com/repos/VedaDaketi/external
3317172311,Java,Google_Jules,fix,https://github.com/rkrysinski/unity/pull/1,https://api.github.com/repos/rkrysinski/unity
3331644560,Java,Google_Jules,feat,https://github.com/JordanScarrott/BlockStacker/pull/12,https://api.github.com/repos/JordanScarrott/BlockStacker
3391169312,Java,Google_Jules,feat,https://github.com/IanMcNelly/maniacal-hunter/pull/4,https://api.github.com/repos/IanMcNelly/maniacal-hunter
3534329431,Java,Google_Jules,feat,https://github.com/lgalvao/sgc/pull/155,https://api.github.com/repos/lgalvao/sgc
3505303408,Java,Google_Jules,chore,https://github.com/StudioAsInc/android-synapse/pull/156,https://api.github.com/repos/StudioAsInc/android-synapse
3423146963,Java,Google_Jules,feat,https://github.com/pdheeraj99/Spring-Guide/pull/38,https://api.github.com/repos/pdheeraj99/Spring-Guide
3404580896,Java,Google_Jules,feat,https://github.com/jorgedemetrio/WebTester/pull/3,https://api.github.com/repos/jorgedemetrio/WebTester
3306474926,Java,Google_Jules,chore,https://github.com/Aciam005/cli_game005/pull/2,https://api.github.com/repos/Aciam005/cli_game005
3456930865,Java,Google_Jules,chore,https://github.com/StudioAsInc/android-synapse/pull/101,https://api.github.com/repos/StudioAsInc/android-synapse
3507560037,Java,Google_Jules,chore,https://github.com/codingviv1/PedalUp/pull/1,https://api.github.com/repos/codingviv1/PedalUp
3298892151,Java,Google_Jules,feat,https://github.com/ambarishh/AutoCorrectWebService-Client/pull/1,https://api.github.com/repos/ambarishh/AutoCorrectWebService-Client
3320233932,Java,Google_Jules,chore,https://github.com/w3canvas/javacanvas/pull/31,https://api.github.com/repos/w3canvas/javacanvas
3461960496,Java,Google_Jules,feat,https://github.com/jmasalma/AdhanAlarm/pull/10,https://api.github.com/repos/jmasalma/AdhanAlarm
3444879899,Java,Google_Jules,chore,https://github.com/Yusufibin/android.webview.upload.download/pull/4,https://api.github.com/repos/Yusufibin/android.webview.upload.download
3311314554,Java,Google_Jules,chore,https://github.com/w3canvas/javacanvas/pull/16,https://api.github.com/repos/w3canvas/javacanvas
3479744627,Java,Google_Jules,feat,https://github.com/A-U-7/AmitUpadhyay-product-discount-api/pull/1,https://api.github.com/repos/A-U-7/AmitUpadhyay-product-discount-api
3493129876,Java,Google_Jules,feat,https://github.com/sdyura/shithead/pull/10,https://api.github.com/repos/sdyura/shithead
3501963622,Java,Google_Jules,chore,https://github.com/Saphri/quarkus-logbook/pull/10,https://api.github.com/repos/Saphri/quarkus-logbook
3505668341,Java,Google_Jules,feat,https://github.com/lgalvao/sgc/pull/33,https://api.github.com/repos/lgalvao/sgc
3543834481,Java,Google_Jules,chore,https://github.com/lgalvao/sgc/pull/170,https://api.github.com/repos/lgalvao/sgc
3303512032,Java,Google_Jules,chore,https://github.com/lockcd/jradius/pull/1,https://api.github.com/repos/lockcd/jradius
3390868523,Java,Google_Jules,feat,https://github.com/IanMcNelly/maniacal-hunter/pull/1,https://api.github.com/repos/IanMcNelly/maniacal-hunter
3185508795,Java,Google_Jules,chore,https://github.com/Adexux96/jcraft-eoe/pull/21,https://api.github.com/repos/Adexux96/jcraft-eoe
3461788769,Java,Google_Jules,chore,https://github.com/jmasalma/AdhanAlarm/pull/8,https://api.github.com/repos/jmasalma/AdhanAlarm
3420138581,Java,Google_Jules,feat,https://github.com/pdheeraj99/Spring-Guide/pull/32,https://api.github.com/repos/pdheeraj99/Spring-Guide
3465895579,Java,Google_Jules,fix,https://github.com/StudioAsInc/android-synapse/pull/134,https://api.github.com/repos/StudioAsInc/android-synapse
3320769981,Java,Google_Jules,feat,https://github.com/ran-su/try-jules/pull/9,https://api.github.com/repos/ran-su/try-jules
3313969972,Java,Google_Jules,feat,https://github.com/Aciam005/cli_game005/pull/4,https://api.github.com/repos/Aciam005/cli_game005
3507774716,Java,Google_Jules,chore,https://github.com/StudioAsInc/android-synapse/pull/165,https://api.github.com/repos/StudioAsInc/android-synapse
3360351398,Java,Google_Jules,feat,https://github.com/selvester69/survery-demo/pull/8,https://api.github.com/repos/selvester69/survery-demo
3466215967,Java,Google_Jules,chore,https://github.com/connectsagar07-xccel/xv/pull/2,https://api.github.com/repos/connectsagar07-xccel/xv
3443519368,Java,Google_Jules,fix,https://github.com/StudioAsInc/android-synapse/pull/64,https://api.github.com/repos/StudioAsInc/android-synapse
3493608420,Java,Google_Jules,fix,https://github.com/lgalvao/sgc/pull/11,https://api.github.com/repos/lgalvao/sgc
3414721651,Java,Google_Jules,feat,https://github.com/pdheeraj99/Spring-Guide/pull/3,https://api.github.com/repos/pdheeraj99/Spring-Guide
3428693917,Java,Google_Jules,feat,https://github.com/juherr/evolve/pull/107,https://api.github.com/repos/juherr/evolve
3319216533,Java,Google_Jules,chore,https://github.com/yuyu1815/gps2/pull/3,https://api.github.com/repos/yuyu1815/gps2
3516981157,Java,Google_Jules,fix,https://github.com/StudioAsInc/android-synapse/pull/182,https://api.github.com/repos/StudioAsInc/android-synapse
3523984650,Java,Google_Jules,feat,https://github.com/Jeremiah-Jefry/Chat-Application/pull/4,https://api.github.com/repos/Jeremiah-Jefry/Chat-Application
3359612166,Java,Google_Jules,feat,https://github.com/firebase/firebase-android-sdk/pull/7305,https://api.github.com/repos/firebase/firebase-android-sdk
3322599159,Java,Google_Jules,feat,https://github.com/barottomartin/robotsimulator/pull/1,https://api.github.com/repos/barottomartin/robotsimulator
3355354567,Java,Google_Jules,fix,https://github.com/wenxinax/online-store/pull/109,https://api.github.com/repos/wenxinax/online-store
3527806593,Java,Google_Jules,chore,https://github.com/lgalvao/sgc/pull/109,https://api.github.com/repos/lgalvao/sgc
3369814519,Java,Google_Jules,feat,https://github.com/misterballzach/chattyplus/pull/4,https://api.github.com/repos/misterballzach/chattyplus
3318917068,Java,Google_Jules,fix,https://github.com/endymuhardin/aplikasi-minibank/pull/2,https://api.github.com/repos/endymuhardin/aplikasi-minibank
3458213022,Java,Google_Jules,chore,https://github.com/StudioAsInc/android-synapse/pull/109,https://api.github.com/repos/StudioAsInc/android-synapse
3323765059,Java,Google_Jules,chore,https://github.com/barottomartin/robotsimulator/pull/2,https://api.github.com/repos/barottomartin/robotsimulator
3526825668,Java,Google_Jules,fix,https://github.com/sarafrika/elimika/pull/233,https://api.github.com/repos/sarafrika/elimika
3410815280,Java,Google_Jules,fix,https://github.com/felipebehling/TucasDesk/pull/8,https://api.github.com/repos/felipebehling/TucasDesk
3497440809,Java,Google_Jules,fix,https://github.com/A2A410/gps_locker_ex/pull/2,https://api.github.com/repos/A2A410/gps_locker_ex
3365238712,Java,Google_Jules,feat,https://github.com/selvester69/survery-demo/pull/10,https://api.github.com/repos/selvester69/survery-demo
3507992113,Java,Google_Jules,fix,https://github.com/lgalvao/sgc/pull/57,https://api.github.com/repos/lgalvao/sgc
3505113850,Java,Google_Jules,chore,https://github.com/gopinathan21/Interview-Preparation/pull/2,https://api.github.com/repos/gopinathan21/Interview-Preparation
3404180784,Java,Google_Jules,chore,https://github.com/openo-beta/Open-O/pull/531,https://api.github.com/repos/openo-beta/Open-O
3446269776,Java,Google_Jules,fix,https://github.com/Kaleaon/llsd-java/pull/9,https://api.github.com/repos/Kaleaon/llsd-java
3420091706,Java,Google_Jules,feat,https://github.com/pdheeraj99/Spring-Guide/pull/31,https://api.github.com/repos/pdheeraj99/Spring-Guide
3511218888,Java,Google_Jules,chore,https://github.com/StudioAsInc/android-synapse/pull/171,https://api.github.com/repos/StudioAsInc/android-synapse
3484801869,Java,Google_Jules,chore,https://github.com/georgemac-labs/portfolio-fork/pull/13,https://api.github.com/repos/georgemac-labs/portfolio-fork
3443584129,Java,Google_Jules,chore,https://github.com/MovieAddict88/Cineraze-PHP-App/pull/1,https://api.github.com/repos/MovieAddict88/Cineraze-PHP-App
3523407473,Java,Google_Jules,feat,https://github.com/lgalvao/sgc/pull/98,https://api.github.com/repos/lgalvao/sgc
3426326173,Java,Google_Jules,fix,https://github.com/StudioAsInc/android-synapse/pull/25,https://api.github.com/repos/StudioAsInc/android-synapse
3387019415,Java,Google_Jules,docs,https://github.com/x1f4r/mmocraft-plugin/pull/11,https://api.github.com/repos/x1f4r/mmocraft-plugin
3317200329,Java,Google_Jules,feat,https://github.com/ran-su/try-jules/pull/3,https://api.github.com/repos/ran-su/try-jules
3369901049,Java,Google_Jules,fix,https://github.com/misterballzach/chattyplus/pull/9,https://api.github.com/repos/misterballzach/chattyplus
3508152890,Java,Google_Jules,fix,https://github.com/lgalvao/sgc/pull/61,https://api.github.com/repos/lgalvao/sgc
3437299105,Java,Google_Jules,chore,https://github.com/Razzeti/SnakeGame/pull/1,https://api.github.com/repos/Razzeti/SnakeGame
3439275874,Java,Google_Jules,chore,https://github.com/StudioAsInc/android-synapse/pull/50,https://api.github.com/repos/StudioAsInc/android-synapse
3327990388,Java,Google_Jules,chore,https://github.com/JordanScarrott/BlockStacker/pull/4,https://api.github.com/repos/JordanScarrott/BlockStacker
3398027883,Java,Google_Jules,feat,https://github.com/linskay/hr-assist/pull/10,https://api.github.com/repos/linskay/hr-assist
3367708732,Java,Google_Jules,chore,https://github.com/umjammer/vavi-sound-nsfplayer/pull/1,https://api.github.com/repos/umjammer/vavi-sound-nsfplayer
3459517712,Java,Google_Jules,chore,https://github.com/StudioAsInc/android-synapse/pull/116,https://api.github.com/repos/StudioAsInc/android-synapse
3285567489,Java,Google_Jules,feat,https://github.com/gx-bangsong/GKUIClock/pull/4,https://api.github.com/repos/gx-bangsong/GKUIClock
3316518059,Java,Google_Jules,feat,https://github.com/w3canvas/javacanvas/pull/27,https://api.github.com/repos/w3canvas/javacanvas
3285445856,Java,Google_Jules,feat,https://github.com/gx-bangsong/GKUIClock/pull/2,https://api.github.com/repos/gx-bangsong/GKUIClock
3436487878,Java,Google_Jules,fix,https://github.com/Tyler-Cash/peep-bot/pull/41,https://api.github.com/repos/Tyler-Cash/peep-bot
3307870237,Java,Google_Jules,chore,https://github.com/TKY2005/Java_CPU_Emulator_Project/pull/1,https://api.github.com/repos/TKY2005/Java_CPU_Emulator_Project
3471735469,Java,Google_Jules,fix,https://github.com/Th3Ph4nt0mE2/warzone-matches/pull/6,https://api.github.com/repos/Th3Ph4nt0mE2/warzone-matches
3424631875,Java,Google_Jules,feat,https://github.com/pdheeraj99/Spring-Guide/pull/42,https://api.github.com/repos/pdheeraj99/Spring-Guide
3334675781,Java,Google_Jules,chore,https://github.com/mac-akoh/mac-akoh/pull/1,https://api.github.com/repos/mac-akoh/mac-akoh
3276606671,Java,Google_Jules,chore,https://github.com/jh-legend/GD-Creator-Ai/pull/1,https://api.github.com/repos/jh-legend/GD-Creator-Ai
3504771361,Java,Google_Jules,fix,https://github.com/lgalvao/sgc/pull/28,https://api.github.com/repos/lgalvao/sgc
3368649449,Java,Google_Jules,feat,https://github.com/melasser22/newLms/pull/32,https://api.github.com/repos/melasser22/newLms
3394722036,Java,Google_Jules,feat,https://github.com/IanMcNelly/maniacal-hunter/pull/9,https://api.github.com/repos/IanMcNelly/maniacal-hunter
3410420624,Java,Google_Jules,fix,https://github.com/felipebehling/TucasDesk/pull/6,https://api.github.com/repos/felipebehling/TucasDesk
3507354037,Java,Google_Jules,fix,https://github.com/abeyrathnapk/EMS-backup/pull/1,https://api.github.com/repos/abeyrathnapk/EMS-backup
3407517535,Java,Google_Jules,chore,https://github.com/felipebehling/TucasDesk/pull/5,https://api.github.com/repos/felipebehling/TucasDesk
3529235718,Java,Google_Jules,chore,https://github.com/lgalvao/sgc/pull/127,https://api.github.com/repos/lgalvao/sgc
3511267147,Java,Google_Jules,docs,https://github.com/lgalvao/sgc/pull/65,https://api.github.com/repos/lgalvao/sgc
3455555841,Java,Google_Jules,chore,https://github.com/Th3Ph4nt0mE2/warzone-matches/pull/3,https://api.github.com/repos/Th3Ph4nt0mE2/warzone-matches
3506579681,Java,Google_Jules,docs,https://github.com/pratiksomangoudar/GatorMessenger/pull/1,https://api.github.com/repos/pratiksomangoudar/GatorMessenger
3504222354,Java,Google_Jules,fix,https://github.com/StudioAsInc/android-synapse/pull/152,https://api.github.com/repos/StudioAsInc/android-synapse
3391807945,Java,Google_Jules,chore,https://github.com/ceoloide/freerouting/pull/3,https://api.github.com/repos/ceoloide/freerouting
3490446408,Java,Google_Jules,chore,https://github.com/A2A410/save-for-offline-2/pull/2,https://api.github.com/repos/A2A410/save-for-offline-2
3325748993,Java,Google_Jules,feat,https://github.com/hariszhr/GoogleJules/pull/1,https://api.github.com/repos/hariszhr/GoogleJules
3314544181,Java,Google_Jules,feat,https://github.com/aigenartig/aigentum/pull/2,https://api.github.com/repos/aigenartig/aigentum
3423413800,Java,Google_Jules,chore,https://github.com/darshanchipade/springboot-multisource/pull/1,https://api.github.com/repos/darshanchipade/springboot-multisource
3286124584,Java,Google_Jules,feat,https://github.com/gx-bangsong/GKUIClock/pull/11,https://api.github.com/repos/gx-bangsong/GKUIClock
3328159545,Java,Google_Jules,feat,https://github.com/indigane/android-usb-cam-viewer/pull/1,https://api.github.com/repos/indigane/android-usb-cam-viewer
3515300681,Java,Google_Jules,chore,https://github.com/lgalvao/sgc/pull/72,https://api.github.com/repos/lgalvao/sgc
3408845844,Java,Google_Jules,chore,https://github.com/juherr/evolve/pull/90,https://api.github.com/repos/juherr/evolve
3494064026,Java,Google_Jules,chore,https://github.com/thmarx/cms-server/pull/2,https://api.github.com/repos/thmarx/cms-server
3437907143,Java,Google_Jules,chore,https://github.com/StudioAsInc/android-synapse/pull/36,https://api.github.com/repos/StudioAsInc/android-synapse
3449581532,Java,Google_Jules,feat,https://github.com/arthow4n/week-number-android-widget/pull/1,https://api.github.com/repos/arthow4n/week-number-android-widget
3517605964,Java,Google_Jules,fix,https://github.com/lgalvao/sgc/pull/80,https://api.github.com/repos/lgalvao/sgc
3202386464,Java,Google_Jules,chore,https://github.com/rajeshceg3/FootballTransferManager/pull/17,https://api.github.com/repos/rajeshceg3/FootballTransferManager
3504411279,Java,Google_Jules,feat,https://github.com/sdyura/shithead/pull/13,https://api.github.com/repos/sdyura/shithead
3443780203,Java,Google_Jules,feat,https://github.com/megadotnet/SpringBootAppSwaggerJavaClient/pull/1,https://api.github.com/repos/megadotnet/SpringBootAppSwaggerJavaClient
3306190200,Java,Google_Jules,feat,https://github.com/ayush-jaipuriar/only-yours/pull/1,https://api.github.com/repos/ayush-jaipuriar/only-yours
3428118212,Java,Google_Jules,chore,https://github.com/kevinlin1/huskymaps/pull/7,https://api.github.com/repos/kevinlin1/huskymaps
3533553858,Java,Google_Jules,chore,https://github.com/sdyura/shithead/pull/18,https://api.github.com/repos/sdyura/shithead
3467621134,Java,Google_Jules,fix,https://github.com/StudioAsInc/android-synapse/pull/138,https://api.github.com/repos/StudioAsInc/android-synapse
3320794601,Java,Google_Jules,feat,https://github.com/ran-su/try-jules/pull/10,https://api.github.com/repos/ran-su/try-jules
3414964016,Java,Google_Jules,docs,https://github.com/pdheeraj99/Spring-Guide/pull/11,https://api.github.com/repos/pdheeraj99/Spring-Guide
3505340071,Java,Google_Jules,fix,https://github.com/StudioAsInc/android-synapse/pull/157,https://api.github.com/repos/StudioAsInc/android-synapse
3440598344,Java,Google_Jules,fix,https://github.com/jadeleke/campusbased-desktop/pull/1,https://api.github.com/repos/jadeleke/campusbased-desktop
3459823747,Java,Google_Jules,fix,https://github.com/StudioAsInc/android-synapse/pull/119,https://api.github.com/repos/StudioAsInc/android-synapse
3401478013,Java,Google_Jules,fix,https://github.com/membrane/api-gateway/pull/2137,https://api.github.com/repos/membrane/api-gateway
3461547836,Java,Google_Jules,fix,https://github.com/StudioAsInc/android-synapse/pull/130,https://api.github.com/repos/StudioAsInc/android-synapse
3428186651,Java,Google_Jules,chore,https://github.com/kevinlin1/huskymaps/pull/10,https://api.github.com/repos/kevinlin1/huskymaps
3328162369,Java,Google_Jules,chore,https://github.com/oshriagronov/brick-breaker/pull/1,https://api.github.com/repos/oshriagronov/brick-breaker
3378202675,Java,Google_Jules,feat,https://github.com/paulklemstine/Acid/pull/3,https://api.github.com/repos/paulklemstine/Acid
3326805646,Java,Google_Jules,docs,https://github.com/HoneyBerries/GemMod/pull/3,https://api.github.com/repos/HoneyBerries/GemMod
3541744865,Java,Google_Jules,feat,https://github.com/adrielGGmotion/NewPipe/pull/1,https://api.github.com/repos/adrielGGmotion/NewPipe
3404410542,Java,Google_Jules,fix,https://github.com/ceoloide/freerouting/pull/8,https://api.github.com/repos/ceoloide/freerouting
3274735021,Java,Google_Jules,chore,https://github.com/Decretum/GMax-Calculator/pull/1,https://api.github.com/repos/Decretum/GMax-Calculator
3511573410,Java,Google_Jules,feat,https://github.com/lgalvao/sgc/pull/68,https://api.github.com/repos/lgalvao/sgc
3327307244,Java,Google_Jules,feat,https://github.com/rafaeldl/haval-app-tool-multimidia/pull/5,https://api.github.com/repos/rafaeldl/haval-app-tool-multimidia
3302870294,Java,Google_Jules,feat,https://github.com/juherr/evolve/pull/22,https://api.github.com/repos/juherr/evolve
3496623588,Java,Google_Jules,feat,https://github.com/MovieAddict88/OpenVPN-1.1.14/pull/2,https://api.github.com/repos/MovieAddict88/OpenVPN-1.1.14
3528877611,Java,Google_Jules,chore,https://github.com/lgalvao/sgc/pull/117,https://api.github.com/repos/lgalvao/sgc
3507298935,Java,Google_Jules,feat,https://github.com/DerJanniku/LobbyLynx/pull/8,https://api.github.com/repos/DerJanniku/LobbyLynx
3496685083,Java,Google_Jules,feat,https://github.com/lgalvao/sgc/pull/14,https://api.github.com/repos/lgalvao/sgc
3464097334,Java,Google_Jules,docs,https://github.com/StudioAsInc/android-synapse/pull/132,https://api.github.com/repos/StudioAsInc/android-synapse
3450530098,Java,Google_Jules,feat,https://github.com/StudioAsInc/android-synapse/pull/82,https://api.github.com/repos/StudioAsInc/android-synapse
3403566992,Java,Google_Jules,chore,https://github.com/ceoloide/freerouting/pull/5,https://api.github.com/repos/ceoloide/freerouting
3419526982,Java,Google_Jules,fix,https://github.com/ceoloide/freerouting/pull/11,https://api.github.com/repos/ceoloide/freerouting
3530039228,Java,Google_Jules,feat,https://github.com/lgalvao/sgc/pull/134,https://api.github.com/repos/lgalvao/sgc
3328568124,Java,Google_Jules,chore,https://github.com/JordanScarrott/BlockStacker/pull/10,https://api.github.com/repos/JordanScarrott/BlockStacker
3513320964,Java,Google_Jules,chore,https://github.com/StudioAsInc/android-synapse/pull/175,https://api.github.com/repos/StudioAsInc/android-synapse
3332248021,Java,Google_Jules,chore,https://github.com/icidel/jmeter/pull/1,https://api.github.com/repos/icidel/jmeter
3390037219,Java,Google_Jules,feat,https://github.com/linskay/hr-assist/pull/1,https://api.github.com/repos/linskay/hr-assist
3506148736,Java,Google_Jules,chore,https://github.com/lgalvao/sgc/pull/40,https://api.github.com/repos/lgalvao/sgc
3414712608,Java,Google_Jules,docs,https://github.com/pdheeraj99/Spring-Guide/pull/1,https://api.github.com/repos/pdheeraj99/Spring-Guide
3443989030,Java,Google_Jules,feat,https://github.com/megadotnet/SpringBootAppSwaggerJavaClient/pull/3,https://api.github.com/repos/megadotnet/SpringBootAppSwaggerJavaClient
3384341890,Java,Google_Jules,feat,https://github.com/yp44/component-runtime/pull/2,https://api.github.com/repos/yp44/component-runtime
3428941473,Java,Google_Jules,feat,https://github.com/pdheeraj99/Spring-Guide/pull/50,https://api.github.com/repos/pdheeraj99/Spring-Guide
3298911358,Java,Google_Jules,feat,https://github.com/dnahuat/bskit/pull/1,https://api.github.com/repos/dnahuat/bskit
3476481645,Java,Google_Jules,feat,https://github.com/StudioAsInc/android-synapse/pull/141,https://api.github.com/repos/StudioAsInc/android-synapse
3306872953,Java,Google_Jules,chore,https://github.com/w3canvas/javacanvas/pull/10,https://api.github.com/repos/w3canvas/javacanvas
3528722597,Java,Google_Jules,feat,https://github.com/lgalvao/sgc/pull/113,https://api.github.com/repos/lgalvao/sgc
3400805099,Java,Google_Jules,fix,https://github.com/ceoloide/freerouting/pull/4,https://api.github.com/repos/ceoloide/freerouting
3457930884,Java,Google_Jules,chore,https://github.com/StudioAsInc/android-synapse/pull/107,https://api.github.com/repos/StudioAsInc/android-synapse
3361796822,Java,Google_Jules,fix,https://github.com/fren43051/Recruiting-Platform/pull/10,https://api.github.com/repos/fren43051/Recruiting-Platform
3519616700,Java,Google_Jules,feat,https://github.com/lgalvao/sgc/pull/83,https://api.github.com/repos/lgalvao/sgc
3454953640,Java,Google_Jules,fix,https://github.com/arthow4n/week-number-android-widget/pull/7,https://api.github.com/repos/arthow4n/week-number-android-widget
3496661930,Java,Google_Jules,feat,https://github.com/lgalvao/sgc/pull/13,https://api.github.com/repos/lgalvao/sgc
3523564593,Java,Google_Jules,chore,https://github.com/lgalvao/sgc/pull/101,https://api.github.com/repos/lgalvao/sgc
3305027820,Java,Google_Jules,chore,https://github.com/sagarbajaj/RemoteTrainRepository/pull/5,https://api.github.com/repos/sagarbajaj/RemoteTrainRepository
3439157414,Java,Google_Jules,feat,https://github.com/StudioAsInc/android-synapse/pull/48,https://api.github.com/repos/StudioAsInc/android-synapse
3326424017,Java,Google_Jules,feat,https://github.com/w3canvas/javacanvas/pull/43,https://api.github.com/repos/w3canvas/javacanvas
3328618428,Java,Google_Jules,feat,https://github.com/JordanScarrott/BlockStacker/pull/11,https://api.github.com/repos/JordanScarrott/BlockStacker
3519789704,Java,Google_Jules,feat,https://github.com/lgalvao/sgc/pull/87,https://api.github.com/repos/lgalvao/sgc
3521134353,Java,Google_Jules,feat,https://github.com/gx-bangsong/GKUICalendar/pull/1,https://api.github.com/repos/gx-bangsong/GKUICalendar
3460651229,Java,Google_Jules,feat,https://github.com/cbwinslow/OpenLegislation-local-dev/pull/2,https://api.github.com/repos/cbwinslow/OpenLegislation-local-dev
3511702860,Java,Google_Jules,chore,https://github.com/lgalvao/sgc/pull/69,https://api.github.com/repos/lgalvao/sgc
3331602161,Java,Google_Jules,fix,https://github.com/indigane/android-usb-cam-viewer/pull/3,https://api.github.com/repos/indigane/android-usb-cam-viewer
3390934694,Java,Google_Jules,chore,https://github.com/Netoxique/Microbot-Hub_neto/pull/2,https://api.github.com/repos/Netoxique/Microbot-Hub_neto
3326828767,Java,Google_Jules,docs,https://github.com/HoneyBerries/BetterSpawnProtect/pull/4,https://api.github.com/repos/HoneyBerries/BetterSpawnProtect
3400560500,Java,Google_Jules,feat,https://github.com/yanghanjae/boj/pull/1,https://api.github.com/repos/yanghanjae/boj
3459651618,Java,Google_Jules,chore,https://github.com/MuhammadSaadSiddique/DiseaseWiseDietPlan/pull/4,https://api.github.com/repos/MuhammadSaadSiddique/DiseaseWiseDietPlan
3380214530,Java,Google_Jules,feat,https://github.com/gamerastreator/ebook-manager/pull/2,https://api.github.com/repos/gamerastreator/ebook-manager
3446042962,Java,Google_Jules,feat,https://github.com/Kaleaon/llsd-java/pull/8,https://api.github.com/repos/Kaleaon/llsd-java
3505872208,Java,Google_Jules,chore,https://github.com/lgalvao/sgc/pull/34,https://api.github.com/repos/lgalvao/sgc
3507635811,Java,Google_Jules,fix,https://github.com/VedaDaketi/external/pull/2,https://api.github.com/repos/VedaDaketi/external
3404365490,Java,Google_Jules,fix,https://github.com/ceoloide/freerouting/pull/7,https://api.github.com/repos/ceoloide/freerouting
3425567686,Java,Google_Jules,fix,https://github.com/StudioAsInc/android-synapse/pull/22,https://api.github.com/repos/StudioAsInc/android-synapse
3476969232,Java,Google_Jules,chore,https://github.com/jmasalma/AdhanAlarm/pull/16,https://api.github.com/repos/jmasalma/AdhanAlarm
3493096655,Java,Google_Jules,feat,https://github.com/lgalvao/sgc/pull/6,https://api.github.com/repos/lgalvao/sgc
3185229512,Java,Google_Jules,chore,https://github.com/Adexux96/jcraft-eoe/pull/14,https://api.github.com/repos/Adexux96/jcraft-eoe
3305528317,Java,Google_Jules,chore,https://github.com/invictus-123/online-judge/pull/38,https://api.github.com/repos/invictus-123/online-judge
3306660203,Java,Google_Jules,chore,https://github.com/w3canvas/javacanvas/pull/5,https://api.github.com/repos/w3canvas/javacanvas
3353126772,Java,Google_Jules,chore,https://github.com/selvester69/survery-demo/pull/2,https://api.github.com/repos/selvester69/survery-demo
3410768447,Java,Google_Jules,feat,https://github.com/felipebehling/TucasDesk/pull/7,https://api.github.com/repos/felipebehling/TucasDesk
3422917115,Java,Google_Jules,chore,https://github.com/StudioAsInc/android-synapse/pull/19,https://api.github.com/repos/StudioAsInc/android-synapse
3452616971,Java,Google_Jules,chore,https://github.com/StudioAsInc/android-synapse/pull/88,https://api.github.com/repos/StudioAsInc/android-synapse
3415254061,Java,Google_Jules,fix,https://github.com/pdheeraj99/Spring-Guide/pull/16,https://api.github.com/repos/pdheeraj99/Spring-Guide
3444424564,Java,Google_Jules,feat,https://github.com/indra87g/waffle-core-nukkit/pull/3,https://api.github.com/repos/indra87g/waffle-core-nukkit
3523842003,Java,Google_Jules,feat,https://github.com/Jeremiah-Jefry/Chat-Application/pull/3,https://api.github.com/repos/Jeremiah-Jefry/Chat-Application
3506082221,Java,Google_Jules,chore,https://github.com/lgalvao/sgc/pull/39,https://api.github.com/repos/lgalvao/sgc
3323061233,Java,Google_Jules,docs,https://github.com/h47assan/JavaCourse_B6/pull/1,https://api.github.com/repos/h47assan/JavaCourse_B6
3369571775,Java,Google_Jules,feat,https://github.com/ingla2020/helpdesk/pull/3,https://api.github.com/repos/ingla2020/helpdesk
3504982886,Java,Google_Jules,feat,https://github.com/lgalvao/sgc/pull/32,https://api.github.com/repos/lgalvao/sgc
3414759766,Java,Google_Jules,feat,https://github.com/pdheeraj99/Spring-Guide/pull/4,https://api.github.com/repos/pdheeraj99/Spring-Guide
3330439494,Java,Google_Jules,chore,https://github.com/Digital-Assistant/Digital-Assistant-Server/pull/56,https://api.github.com/repos/Digital-Assistant/Digital-Assistant-Server
3499993570,Java,Google_Jules,feat,https://github.com/Saphri/quarkus-logbook/pull/6,https://api.github.com/repos/Saphri/quarkus-logbook
3306821088,Java,Google_Jules,chore,https://github.com/w3canvas/javacanvas/pull/9,https://api.github.com/repos/w3canvas/javacanvas
3519751400,Java,Google_Jules,feat,https://github.com/lgalvao/sgc/pull/86,https://api.github.com/repos/lgalvao/sgc
3544138993,Java,Google_Jules,chore,https://github.com/thmarx/cms-server/pull/6,https://api.github.com/repos/thmarx/cms-server
3426072222,Java,Google_Jules,fix,https://github.com/StudioAsInc/android-synapse/pull/24,https://api.github.com/repos/StudioAsInc/android-synapse
3507002971,Java,Google_Jules,chore,https://github.com/StudioAsInc/android-synapse/pull/162,https://api.github.com/repos/StudioAsInc/android-synapse
3496649445,Java,Google_Jules,fix,https://github.com/MovieAddict88/OpenVPN-1.1.14/pull/3,https://api.github.com/repos/MovieAddict88/OpenVPN-1.1.14
3307555181,Java,Google_Jules,chore,https://github.com/kgsanjay/hrms/pull/3,https://api.github.com/repos/kgsanjay/hrms
3520097958,Java,Google_Jules,chore,https://github.com/StudioAsInc/android-synapse/pull/187,https://api.github.com/repos/StudioAsInc/android-synapse
3507596160,Java,Google_Jules,feat,https://github.com/VedaDaketi/external/pull/1,https://api.github.com/repos/VedaDaketi/external
3542374052,Java,Google_Jules,chore,https://github.com/StudioAsInc/android-synapse/pull/201,https://api.github.com/repos/StudioAsInc/android-synapse
3392407239,Java,Google_Jules,fix,https://github.com/IanMcNelly/maniacal-hunter/pull/6,https://api.github.com/repos/IanMcNelly/maniacal-hunter
3479465499,Java,Google_Jules,fix,https://github.com/kevinlin1/huskymaps/pull/22,https://api.github.com/repos/kevinlin1/huskymaps
3418116430,Java,Google_Jules,chore,https://github.com/StudioAsInc/android-synapse/pull/9,https://api.github.com/repos/StudioAsInc/android-synapse
3438636880,Java,Google_Jules,feat,https://github.com/Razzeti/SnakeGame/pull/9,https://api.github.com/repos/Razzeti/SnakeGame
3317006676,Java,Google_Jules,fix,https://github.com/w3canvas/javacanvas/pull/28,https://api.github.com/repos/w3canvas/javacanvas
3330978818,Java,Google_Jules,feat,https://github.com/jorjao81/zh-learn2/pull/2,https://api.github.com/repos/jorjao81/zh-learn2
3306402203,Java,Google_Jules,chore,https://github.com/Aciam005/cli_game005/pull/1,https://api.github.com/repos/Aciam005/cli_game005
3414824501,Java,Google_Jules,feat,https://github.com/pdheeraj99/Spring-Guide/pull/7,https://api.github.com/repos/pdheeraj99/Spring-Guide
3477643319,Java,Google_Jules,feat,https://github.com/claundy/oruk/pull/1,https://api.github.com/repos/claundy/oruk
3391037391,Java,Google_Jules,chore,https://github.com/abhinandanpawar/Learning/pull/24,https://api.github.com/repos/abhinandanpawar/Learning
3379722908,Java,Google_Jules,feat,https://github.com/gamerastreator/ebook-manager/pull/1,https://api.github.com/repos/gamerastreator/ebook-manager
3443801922,Java,Google_Jules,chore,https://github.com/indra87g/waffle-core-nukkit/pull/2,https://api.github.com/repos/indra87g/waffle-core-nukkit
3386870884,Java,Google_Jules,feat,https://github.com/yp44/beatfx/pull/1,https://api.github.com/repos/yp44/beatfx
3418659664,Java,Google_Jules,feat,https://github.com/pdheeraj99/Spring-Guide/pull/27,https://api.github.com/repos/pdheeraj99/Spring-Guide
3185134455,Java,Google_Jules,chore,https://github.com/Adexux96/jcraft-eoe/pull/10,https://api.github.com/repos/Adexux96/jcraft-eoe
3331811347,Java,Google_Jules,fix,https://github.com/JordanScarrott/BlockStacker/pull/13,https://api.github.com/repos/JordanScarrott/BlockStacker
3405873001,Java,Google_Jules,fix,https://github.com/indra87g/refactored-waffle-nk/pull/6,https://api.github.com/repos/indra87g/refactored-waffle-nk
3428631969,Java,Google_Jules,feat,https://github.com/pdheeraj99/Spring-Guide/pull/48,https://api.github.com/repos/pdheeraj99/Spring-Guide
3370165045,Java,Google_Jules,chore,https://github.com/melasser22/newLms/pull/59,https://api.github.com/repos/melasser22/newLms
3298168941,Java,Google_Jules,chore,https://github.com/hughes036/rubberduck/pull/9,https://api.github.com/repos/hughes036/rubberduck
3341599375,Java,Google_Jules,feat,https://github.com/Samrhan/Estivate/pull/3,https://api.github.com/repos/Samrhan/Estivate
3451731456,Java,Google_Jules,chore,https://github.com/StudioAsInc/android-synapse/pull/84,https://api.github.com/repos/StudioAsInc/android-synapse
3504052451,Java,Google_Jules,chore,https://github.com/temotskipa/VulkanMod/pull/3,https://api.github.com/repos/temotskipa/VulkanMod
3185316683,Java,Google_Jules,chore,https://github.com/Adexux96/jcraft-eoe/pull/17,https://api.github.com/repos/Adexux96/jcraft-eoe
3433040145,Java,Google_Jules,chore,https://github.com/linskay/corp-motivational-talks/pull/1,https://api.github.com/repos/linskay/corp-motivational-talks
3523200944,Java,Google_Jules,fix,https://github.com/lgalvao/sgc/pull/96,https://api.github.com/repos/lgalvao/sgc
3082343713,Java,Google_Jules,chore,https://github.com/shimizu-ida/dokotsubu/pull/3,https://api.github.com/repos/shimizu-ida/dokotsubu
3360155024,Java,Google_Jules,feat,https://github.com/selvester69/survery-demo/pull/7,https://api.github.com/repos/selvester69/survery-demo
3484145069,Java,Google_Jules,chore,https://github.com/gohv/BabyOffers/pull/1,https://api.github.com/repos/gohv/BabyOffers
3459062879,Java,Google_Jules,feat,https://github.com/jmasalma/AdhanAlarm/pull/3,https://api.github.com/repos/jmasalma/AdhanAlarm
3320665499,Java,Google_Jules,feat,https://github.com/ran-su/try-jules/pull/7,https://api.github.com/repos/ran-su/try-jules
3369772223,Java,Google_Jules,feat,https://github.com/misterballzach/chattyplus/pull/3,https://api.github.com/repos/misterballzach/chattyplus
3378242217,Java,Google_Jules,fix,https://github.com/paulklemstine/Acid/pull/4,https://api.github.com/repos/paulklemstine/Acid
3527106989,Java,Google_Jules,fix,https://github.com/lgalvao/sgc/pull/105,https://api.github.com/repos/lgalvao/sgc
3520050101,Java,Google_Jules,docs,https://github.com/lgalvao/sgc/pull/90,https://api.github.com/repos/lgalvao/sgc
3523495998,Java,Google_Jules,docs,https://github.com/lgalvao/sgc/pull/99,https://api.github.com/repos/lgalvao/sgc
3349710526,Java,Google_Jules,fix,https://github.com/umjammer/rococoa/pull/30,https://api.github.com/repos/umjammer/rococoa
3454344053,Java,Google_Jules,chore,https://github.com/StudioAsInc/android-synapse/pull/89,https://api.github.com/repos/StudioAsInc/android-synapse
3306799615,Java,Google_Jules,chore,https://github.com/paul-hammant/qdox/pull/274,https://api.github.com/repos/paul-hammant/qdox
3226588953,Java,Google_Jules,chore,https://github.com/manojisnow/boox/pull/4,https://api.github.com/repos/manojisnow/boox
3460989970,Java,Google_Jules,chore,https://github.com/StudioAsInc/android-synapse/pull/125,https://api.github.com/repos/StudioAsInc/android-synapse
3460395462,Java,Google_Jules,fix,https://github.com/jmasalma/AdhanAlarm/pull/5,https://api.github.com/repos/jmasalma/AdhanAlarm
3508035067,Java,Google_Jules,fix,https://github.com/lgalvao/sgc/pull/58,https://api.github.com/repos/lgalvao/sgc
3326868135,Java,Google_Jules,fix,https://github.com/w3canvas/javacanvas/pull/49,https://api.github.com/repos/w3canvas/javacanvas
3530459782,Java,Google_Jules,chore,https://github.com/lgalvao/sgc/pull/145,https://api.github.com/repos/lgalvao/sgc
3185215859,Java,Google_Jules,chore,https://github.com/Adexux96/jcraft-eoe/pull/12,https://api.github.com/repos/Adexux96/jcraft-eoe
3528804551,Java,Google_Jules,fix,https://github.com/lgalvao/sgc/pull/114,https://api.github.com/repos/lgalvao/sgc
3527943383,Java,Google_Jules,feat,https://github.com/lgalvao/sgc/pull/110,https://api.github.com/repos/lgalvao/sgc
3306550818,Java,Google_Jules,feat,https://github.com/w3canvas/javacanvas/pull/2,https://api.github.com/repos/w3canvas/javacanvas
3436921854,Java,Google_Jules,chore,https://github.com/Tyler-Cash/peep-bot/pull/49,https://api.github.com/repos/Tyler-Cash/peep-bot
3298430772,Java,Google_Jules,feat,https://github.com/hughes036/rubberduck/pull/10,https://api.github.com/repos/hughes036/rubberduck
3197997448,Java,Google_Jules,chore,https://github.com/rajeshceg3/FootballTransferManager/pull/15,https://api.github.com/repos/rajeshceg3/FootballTransferManager
3507342545,Java,Google_Jules,fix,https://github.com/lgalvao/sgc/pull/53,https://api.github.com/repos/lgalvao/sgc
3379834985,Java,Google_Jules,chore,https://github.com/PrajyotxD/Fiver-Clone/pull/1,https://api.github.com/repos/PrajyotxD/Fiver-Clone
3436526895,Java,Google_Jules,chore,https://github.com/Tyler-Cash/peep-bot/pull/43,https://api.github.com/repos/Tyler-Cash/peep-bot
3505884609,Java,Google_Jules,feat,https://github.com/indra87g/waffle-core-nukkit/pull/10,https://api.github.com/repos/indra87g/waffle-core-nukkit
3506380828,Java,Google_Jules,fix,https://github.com/lgalvao/sgc/pull/46,https://api.github.com/repos/lgalvao/sgc
3308247032,Java,Google_Jules,docs,https://github.com/Kenjaman/Projet1UDEV3/pull/3,https://api.github.com/repos/Kenjaman/Projet1UDEV3
3437810925,Java,Google_Jules,fix,https://github.com/StudioAsInc/android-synapse/pull/32,https://api.github.com/repos/StudioAsInc/android-synapse
3348845157,Java,Google_Jules,fix,https://github.com/h4mu/AudioConverter/pull/1,https://api.github.com/repos/h4mu/AudioConverter
3284038261,Java,Google_Jules,feat,https://github.com/Shashi1024/Java/pull/1,https://api.github.com/repos/Shashi1024/Java
3414869094,Java,Google_Jules,chore,https://github.com/cmwen/AntennaPod/pull/2,https://api.github.com/repos/cmwen/AntennaPod
3328661983,Java,Google_Jules,fix,https://github.com/rvoidex7/java-elabs-tts/pull/8,https://api.github.com/repos/rvoidex7/java-elabs-tts
3330446563,Java,Google_Jules,feat,https://github.com/iffatlathoif/aplikazi/pull/3,https://api.github.com/repos/iffatlathoif/aplikazi
3499618786,Java,Google_Jules,docs,https://github.com/lgalvao/sgc/pull/18,https://api.github.com/repos/lgalvao/sgc
3437602311,Java,Google_Jules,chore,https://github.com/yewton/petclinic/pull/93,https://api.github.com/repos/yewton/petclinic
3508166711,Java,Google_Jules,feat,https://github.com/sdyura/shithead/pull/15,https://api.github.com/repos/sdyura/shithead
3529069465,Java,Google_Jules,docs,https://github.com/lgalvao/sgc/pull/122,https://api.github.com/repos/lgalvao/sgc
3445880514,Java,Google_Jules,fix,https://github.com/StudioAsInc/android-synapse/pull/70,https://api.github.com/repos/StudioAsInc/android-synapse
3328400215,Java,Google_Jules,feat,https://github.com/indigane/android-usb-cam-viewer/pull/2,https://api.github.com/repos/indigane/android-usb-cam-viewer
3507284266,Java,Google_Jules,feat,https://github.com/DerJanniku/LobbyLynx/pull/7,https://api.github.com/repos/DerJanniku/LobbyLynx
3542820484,Java,Google_Jules,fix,https://github.com/jpalvesloiola/videomanager/pull/6,https://api.github.com/repos/jpalvesloiola/videomanager
3461768458,Java,Google_Jules,fix,https://github.com/StudioAsInc/android-synapse/pull/131,https://api.github.com/repos/StudioAsInc/android-synapse
3438364191,Java,Google_Jules,fix,https://github.com/StudioAsInc/android-synapse/pull/44,https://api.github.com/repos/StudioAsInc/android-synapse
3369356715,Java,Google_Jules,chore,https://github.com/sajidbaba1/Pos-system/pull/1,https://api.github.com/repos/sajidbaba1/Pos-system
3423936199,Java,Google_Jules,feat,https://github.com/Vassopoli/vassopolibot-telegram/pull/4,https://api.github.com/repos/Vassopoli/vassopolibot-telegram
3323004673,Java,Google_Jules,chore,https://github.com/average-bit/nats.java/pull/1,https://api.github.com/repos/average-bit/nats.java
3485051329,Java,Google_Jules,feat,https://github.com/sdyura/shithead/pull/7,https://api.github.com/repos/sdyura/shithead
3507472393,Java,Google_Jules,feat,https://github.com/lgalvao/sgc/pull/54,https://api.github.com/repos/lgalvao/sgc
3506827281,Java,Google_Jules,chore,https://github.com/manbreal7/Android-work/pull/1,https://api.github.com/repos/manbreal7/Android-work
3325094935,Java,Google_Jules,feat,https://github.com/aigenartig/aigentum/pull/8,https://api.github.com/repos/aigenartig/aigentum
3326591799,Java,Google_Jules,feat,https://github.com/yewton/petclinic/pull/92,https://api.github.com/repos/yewton/petclinic
3444447892,Java,Google_Jules,fix,https://github.com/Yusufibin/android.webview.upload.download/pull/2,https://api.github.com/repos/Yusufibin/android.webview.upload.download
3286092382,Java,Google_Jules,feat,https://github.com/gx-bangsong/GKUIClock/pull/10,https://api.github.com/repos/gx-bangsong/GKUIClock
3424271306,Java,Google_Jules,feat,https://github.com/pdheeraj99/Spring-Guide/pull/41,https://api.github.com/repos/pdheeraj99/Spring-Guide
3503231872,Java,Google_Jules,fix,https://github.com/thmarx/cms-server/pull/4,https://api.github.com/repos/thmarx/cms-server
3488399703,Java,Google_Jules,fix,https://github.com/jmasalma/AdhanAlarm/pull/19,https://api.github.com/repos/jmasalma/AdhanAlarm
3489939504,Java,Google_Jules,chore,https://github.com/A2A410/save-for-offline-2/pull/1,https://api.github.com/repos/A2A410/save-for-offline-2
3447847184,Java,Google_Jules,chore,https://github.com/indra87g/waffle-core-nukkit/pull/4,https://api.github.com/repos/indra87g/waffle-core-nukkit
3523327744,Java,Google_Jules,feat,https://github.com/lgalvao/sgc/pull/97,https://api.github.com/repos/lgalvao/sgc
3399780934,Java,Google_Jules,fix,https://github.com/linskay/hr-assist/pull/14,https://api.github.com/repos/linskay/hr-assist
3423226005,Java,Google_Jules,feat,https://github.com/pdheeraj99/Spring-Guide/pull/39,https://api.github.com/repos/pdheeraj99/Spring-Guide
3460996811,Java,Google_Jules,feat,https://github.com/indra87g/waffle-core-nukkit/pull/5,https://api.github.com/repos/indra87g/waffle-core-nukkit
3416698522,Java,Google_Jules,feat,https://github.com/indra87g/nukkit-plugin-template/pull/1,https://api.github.com/repos/indra87g/nukkit-plugin-template
3450527957,Java,Google_Jules,feat,https://github.com/arthow4n/week-number-android-widget/pull/3,https://api.github.com/repos/arthow4n/week-number-android-widget
3451331979,Java,Google_Jules,fix,https://github.com/StudioAsInc/android-synapse/pull/83,https://api.github.com/repos/StudioAsInc/android-synapse
3357590003,Java,Google_Jules,chore,https://github.com/fren43051/Recruiting-Platform/pull/4,https://api.github.com/repos/fren43051/Recruiting-Platform
3325814154,Java,Google_Jules,fix,https://github.com/w3canvas/javacanvas/pull/41,https://api.github.com/repos/w3canvas/javacanvas
3285764235,Java,Google_Jules,feat,https://github.com/gx-bangsong/GKUIClock/pull/9,https://api.github.com/repos/gx-bangsong/GKUIClock
3493045846,Java,Google_Jules,feat,https://github.com/lgalvao/sgc/pull/5,https://api.github.com/repos/lgalvao/sgc
3507160752,Java,Google_Jules,feat,https://github.com/RalphEng/experiment-jules-surverytool/pull/2,https://api.github.com/repos/RalphEng/experiment-jules-surverytool
3415243013,Java,Google_Jules,feat,https://github.com/pdheeraj99/Spring-Guide/pull/15,https://api.github.com/repos/pdheeraj99/Spring-Guide
3370709905,Java,Google_Jules,feat,https://github.com/stanislasbdx/SeriousRP/pull/46,https://api.github.com/repos/stanislasbdx/SeriousRP
3310161165,Java,Google_Jules,chore,https://github.com/HoneyBerries/BetterSpawnProtect/pull/2,https://api.github.com/repos/HoneyBerries/BetterSpawnProtect
3328401300,Java,Google_Jules,feat,https://github.com/ymkz/demo-monorepo/pull/140,https://api.github.com/repos/ymkz/demo-monorepo
3337526336,Java,Google_Jules,chore,https://github.com/acarmisc/kafka-fhir-secure-sink/pull/4,https://api.github.com/repos/acarmisc/kafka-fhir-secure-sink
3528835586,Java,Google_Jules,docs,https://github.com/lgalvao/sgc/pull/115,https://api.github.com/repos/lgalvao/sgc
3436966375,Java,Google_Jules,feat,https://github.com/Tyler-Cash/peep-bot/pull/51,https://api.github.com/repos/Tyler-Cash/peep-bot
3520000647,Java,Google_Jules,fix,https://github.com/lgalvao/sgc/pull/88,https://api.github.com/repos/lgalvao/sgc
3485244425,Java,Google_Jules,feat,https://github.com/sdyura/shithead/pull/8,https://api.github.com/repos/sdyura/shithead
3515303276,Java,Google_Jules,feat,https://github.com/StudioAsInc/android-synapse/pull/181,https://api.github.com/repos/StudioAsInc/android-synapse
3307763845,Java,Google_Jules,chore,https://github.com/kgsanjay/hrms/pull/7,https://api.github.com/repos/kgsanjay/hrms
3509393543,Java,Google_Jules,chore,https://github.com/StudioAsInc/android-synapse/pull/166,https://api.github.com/repos/StudioAsInc/android-synapse
3305026815,Java,Google_Jules,fix,https://github.com/lyam08888/Inkan/pull/1,https://api.github.com/repos/lyam08888/Inkan
3417165256,Java,Google_Jules,fix,https://github.com/StudioAsInc/android-synapse/pull/1,https://api.github.com/repos/StudioAsInc/android-synapse
3324602273,Java,Google_Jules,fix,https://github.com/endymuhardin/aplikasi-minibank/pull/3,https://api.github.com/repos/endymuhardin/aplikasi-minibank
3529123509,Java,Google_Jules,chore,https://github.com/StudioAsInc/android-synapse/pull/190,https://api.github.com/repos/StudioAsInc/android-synapse
3548989328,Java,Google_Jules,fix,https://github.com/lgalvao/sgc/pull/175,https://api.github.com/repos/lgalvao/sgc
3484037590,Java,Google_Jules,feat,https://github.com/RamPrasadBidiyasar/InsightPulse/pull/2,https://api.github.com/repos/RamPrasadBidiyasar/InsightPulse
3425480924,Java,Google_Jules,feat,https://github.com/pdheeraj99/Spring-Guide/pull/43,https://api.github.com/repos/pdheeraj99/Spring-Guide
3301258858,Java,Google_Jules,chore,https://github.com/xhanin/jarup/pull/4,https://api.github.com/repos/xhanin/jarup
3343850663,Java,Google_Jules,fix,https://github.com/Ekojoecovenant/learning_api/pull/2,https://api.github.com/repos/Ekojoecovenant/learning_api
3327661902,Java,Google_Jules,feat,https://github.com/JordanScarrott/BlockStacker/pull/2,https://api.github.com/repos/JordanScarrott/BlockStacker
3516314813,Java,Google_Jules,feat,https://github.com/indra87g/waffle-core-nukkit/pull/12,https://api.github.com/repos/indra87g/waffle-core-nukkit
3329203073,Java,Google_Jules,docs,https://github.com/Up-Young/KGBuilder/pull/3,https://api.github.com/repos/Up-Young/KGBuilder
3507329066,Java,Google_Jules,chore,https://github.com/StudioAsInc/android-synapse/pull/164,https://api.github.com/repos/StudioAsInc/android-synapse
3529287513,Java,Google_Jules,fix,https://github.com/lgalvao/sgc/pull/129,https://api.github.com/repos/lgalvao/sgc
3370241703,Java,Google_Jules,chore,https://github.com/BankApp-project/auth/pull/49,https://api.github.com/repos/BankApp-project/auth
3506349937,Java,Google_Jules,feat,https://github.com/RalphEng/experiment-jules-surverytool/pull/1,https://api.github.com/repos/RalphEng/experiment-jules-surverytool
3336097495,Java,Google_Jules,chore,https://github.com/MovieAddict88/Movie-Gen/pull/6,https://api.github.com/repos/MovieAddict88/Movie-Gen
3455774170,Java,Google_Jules,chore,https://github.com/StudioAsInc/android-synapse/pull/95,https://api.github.com/repos/StudioAsInc/android-synapse
3337079224,Java,Google_Jules,docs,https://github.com/acarmisc/kafka-fhir-secure-sink/pull/3,https://api.github.com/repos/acarmisc/kafka-fhir-secure-sink
3519650073,Java,Google_Jules,feat,https://github.com/lgalvao/sgc/pull/84,https://api.github.com/repos/lgalvao/sgc
3321618526,Java,Google_Jules,feat,https://github.com/naotsugu/min-editor/pull/1,https://api.github.com/repos/naotsugu/min-editor
3377994293,Java,Google_Jules,fix,https://github.com/paulklemstine/Acid/pull/2,https://api.github.com/repos/paulklemstine/Acid
3418028041,Java,Google_Jules,chore,https://github.com/StudioAsInc/android-synapse/pull/6,https://api.github.com/repos/StudioAsInc/android-synapse
3352711603,Java,Google_Jules,chore,https://github.com/APorkolab/chaos-symphony/pull/1,https://api.github.com/repos/APorkolab/chaos-symphony
3549902562,Java,Google_Jules,feat,https://github.com/lgalvao/sgc/pull/176,https://api.github.com/repos/lgalvao/sgc
3457649485,Java,Google_Jules,chore,https://github.com/StudioAsInc/android-synapse/pull/104,https://api.github.com/repos/StudioAsInc/android-synapse
3317173226,Java,Google_Jules,feat,https://github.com/ran-su/try-jules/pull/2,https://api.github.com/repos/ran-su/try-jules
3329137200,Java,Google_Jules,docs,https://github.com/JordanScarrott/Planet-Gravity-Game/pull/6,https://api.github.com/repos/JordanScarrott/Planet-Gravity-Game
3386810787,Java,Google_Jules,feat,https://github.com/adishri2005/abhayini/pull/2,https://api.github.com/repos/adishri2005/abhayini
3462325750,Java,Google_Jules,fix,https://github.com/jmasalma/AdhanAlarm/pull/13,https://api.github.com/repos/jmasalma/AdhanAlarm
3428019743,Java,Google_Jules,chore,https://github.com/paulklemstine/Acid/pull/12,https://api.github.com/repos/paulklemstine/Acid
3461719259,Java,Google_Jules,fix,https://github.com/semiconc/oauth_server/pull/1,https://api.github.com/repos/semiconc/oauth_server
3342955659,Java,Google_Jules,feat,https://github.com/RandySimanca/samples-test-dev/pull/1,https://api.github.com/repos/RandySimanca/samples-test-dev
3462146873,Java,Google_Jules,fix,https://github.com/semiconc/oauth_server/pull/7,https://api.github.com/repos/semiconc/oauth_server
3461018863,Java,Google_Jules,chore,https://github.com/StudioAsInc/android-synapse/pull/126,https://api.github.com/repos/StudioAsInc/android-synapse
3315319053,Java,Google_Jules,feat,https://github.com/w3canvas/javacanvas/pull/19,https://api.github.com/repos/w3canvas/javacanvas
3525079531,Java,Google_Jules,chore,https://github.com/shotdevs/plus-home/pull/2,https://api.github.com/repos/shotdevs/plus-home
3445944970,Java,Google_Jules,fix,https://github.com/StudioAsInc/android-synapse/pull/72,https://api.github.com/repos/StudioAsInc/android-synapse
3458828852,Java,Google_Jules,fix,https://github.com/StudioAsInc/android-synapse/pull/112,https://api.github.com/repos/StudioAsInc/android-synapse
3423909865,Java,Google_Jules,chore,https://github.com/jmock-developers/jmock-library/pull/333,https://api.github.com/repos/jmock-developers/jmock-library
3328011607,Java,Google_Jules,feat,https://github.com/JordanScarrott/BlockStacker/pull/5,https://api.github.com/repos/JordanScarrott/BlockStacker
3225402364,Java,Google_Jules,chore,https://github.com/hotpad100c/yetanothercarpetaddition/pull/20,https://api.github.com/repos/hotpad100c/yetanothercarpetaddition
3496721391,Java,Google_Jules,fix,https://github.com/MovieAddict88/OpenVPN-1.1.14/pull/4,https://api.github.com/repos/MovieAddict88/OpenVPN-1.1.14
3308139274,Java,Google_Jules,feat,https://github.com/w3canvas/javacanvas/pull/13,https://api.github.com/repos/w3canvas/javacanvas
3517341556,Java,Google_Jules,chore,https://github.com/StudioAsInc/android-synapse/pull/183,https://api.github.com/repos/StudioAsInc/android-synapse
3470227393,Java,Google_Jules,feat,https://github.com/mukundajmera/Design-Principles-and-Questions/pull/1,https://api.github.com/repos/mukundajmera/Design-Principles-and-Questions
3393864338,Java,Google_Jules,fix,https://github.com/Ahmed-aleryani/onoff-heatmap-assignment/pull/1,https://api.github.com/repos/Ahmed-aleryani/onoff-heatmap-assignment
3444369027,Java,Google_Jules,chore,https://github.com/Yusufibin/android.webview.upload.download/pull/1,https://api.github.com/repos/Yusufibin/android.webview.upload.download
3528933305,Java,Google_Jules,feat,https://github.com/lgalvao/sgc/pull/118,https://api.github.com/repos/lgalvao/sgc
3496950432,Java,Google_Jules,feat,https://github.com/lgalvao/sgc/pull/15,https://api.github.com/repos/lgalvao/sgc
3542421887,Java,Google_Jules,feat,https://github.com/StudioAsInc/android-synapse/pull/202,https://api.github.com/repos/StudioAsInc/android-synapse
3413067415,Java,Google_Jules,chore,https://github.com/juherr/evolve/pull/91,https://api.github.com/repos/juherr/evolve
3506013345,Java,Google_Jules,fix,https://github.com/lgalvao/sgc/pull/37,https://api.github.com/repos/lgalvao/sgc
3459973449,Java,Google_Jules,chore,https://github.com/StudioAsInc/android-synapse/pull/124,https://api.github.com/repos/StudioAsInc/android-synapse
3530358491,Java,Google_Jules,fix,https://github.com/Mostafa7000/PawAcademy/pull/2,https://api.github.com/repos/Mostafa7000/PawAcademy
3528810195,Java,Google_Jules,feat,https://github.com/indra87g/waffle-core-nukkit/pull/14,https://api.github.com/repos/indra87g/waffle-core-nukkit
3500427026,Java,Google_Jules,feat,https://github.com/sdyura/shithead/pull/12,https://api.github.com/repos/sdyura/shithead
3538314956,Java,Google_Jules,docs,https://github.com/lgalvao/sgc/pull/159,https://api.github.com/repos/lgalvao/sgc
3444434906,Java,Google_Jules,fix,https://github.com/StudioAsInc/android-synapse/pull/66,https://api.github.com/repos/StudioAsInc/android-synapse
3506837010,Java,Google_Jules,feat,https://github.com/indra87g/waffle-core-nukkit/pull/11,https://api.github.com/repos/indra87g/waffle-core-nukkit
3423529577,Java,Google_Jules,feat,https://github.com/Vassopoli/vassopolibot-telegram/pull/1,https://api.github.com/repos/Vassopoli/vassopolibot-telegram
3312125133,Java,Google_Jules,feat,https://github.com/mrKlar/DSCEnvisalink-BlueIris/pull/3,https://api.github.com/repos/mrKlar/DSCEnvisalink-BlueIris
3504644942,Java,Google_Jules,feat,https://github.com/lgalvao/sgc/pull/27,https://api.github.com/repos/lgalvao/sgc
3506881917,Java,Google_Jules,chore,https://github.com/manbreal7/Android-work/pull/2,https://api.github.com/repos/manbreal7/Android-work
3407296435,Java,Google_Jules,fix,https://github.com/felipebehling/TucasDesk/pull/3,https://api.github.com/repos/felipebehling/TucasDesk
3352732128,Java,Google_Jules,chore,https://github.com/HoneyBerries/LifeSteal/pull/2,https://api.github.com/repos/HoneyBerries/LifeSteal
3528862875,Java,Google_Jules,chore,https://github.com/lgalvao/sgc/pull/116,https://api.github.com/repos/lgalvao/sgc
3422307239,Java,Google_Jules,feat,https://github.com/pdheeraj99/Spring-Guide/pull/36,https://api.github.com/repos/pdheeraj99/Spring-Guide
3483471483,Java,Google_Jules,feat,https://github.com/perezga/SendaTrader76/pull/1,https://api.github.com/repos/perezga/SendaTrader76
3437595989,Java,Google_Jules,feat,https://github.com/jmock-developers/jmock-library/pull/335,https://api.github.com/repos/jmock-developers/jmock-library
3466119506,Java,Google_Jules,fix,https://github.com/StudioAsInc/android-synapse/pull/136,https://api.github.com/repos/StudioAsInc/android-synapse
3445830078,Java,Google_Jules,chore,https://github.com/StudioAsInc/android-synapse/pull/69,https://api.github.com/repos/StudioAsInc/android-synapse
3500482712,Java,Google_Jules,feat,https://github.com/Saphri/quarkus-logbook/pull/7,https://api.github.com/repos/Saphri/quarkus-logbook
3446222505,Java,Google_Jules,fix,https://github.com/Razzeti/SnakeGame/pull/22,https://api.github.com/repos/Razzeti/SnakeGame
3322164503,Java,Google_Jules,chore,https://github.com/spannozzo/LegacySupportChallenge/pull/2,https://api.github.com/repos/spannozzo/LegacySupportChallenge
3437181480,Java,Google_Jules,chore,https://github.com/FaceShield-SENAI-TCC/Back_End/pull/17,https://api.github.com/repos/FaceShield-SENAI-TCC/Back_End
3506571320,Java,Google_Jules,fix,https://github.com/lgalvao/sgc/pull/49,https://api.github.com/repos/lgalvao/sgc
3462040666,Java,Google_Jules,chore,https://github.com/jmasalma/AdhanAlarm/pull/11,https://api.github.com/repos/jmasalma/AdhanAlarm
3542362932,Java,Google_Jules,chore,https://github.com/sdyura/shithead/pull/20,https://api.github.com/repos/sdyura/shithead
3500603213,Java,Google_Jules,chore,https://github.com/Saphri/quarkus-logbook/pull/8,https://api.github.com/repos/Saphri/quarkus-logbook
3373376704,Java,Google_Jules,chore,https://github.com/rkrysinski/unity/pull/2,https://api.github.com/repos/rkrysinski/unity
3438332140,Java,Google_Jules,fix,https://github.com/StudioAsInc/android-synapse/pull/42,https://api.github.com/repos/StudioAsInc/android-synapse
3456029383,Java,Google_Jules,chore,https://github.com/StudioAsInc/android-synapse/pull/99,https://api.github.com/repos/StudioAsInc/android-synapse
3420200237,Java,Google_Jules,fix,https://github.com/paulklemstine/Acid/pull/11,https://api.github.com/repos/paulklemstine/Acid
3496349522,Java,Google_Jules,chore,https://github.com/serchg0george/TeamSphere/pull/5,https://api.github.com/repos/serchg0george/TeamSphere
3515720424,Java,Google_Jules,chore,https://github.com/lgalvao/sgc/pull/77,https://api.github.com/repos/lgalvao/sgc
3505939223,Java,Google_Jules,chore,https://github.com/j-vaught/Java-Chess-Game/pull/1,https://api.github.com/repos/j-vaught/Java-Chess-Game
3329144515,Java,Google_Jules,feat,https://github.com/JordanScarrott/Planet-Gravity-Game/pull/7,https://api.github.com/repos/JordanScarrott/Planet-Gravity-Game
3400469784,Java,Google_Jules,feat,https://github.com/openo-beta/Open-O/pull/517,https://api.github.com/repos/openo-beta/Open-O
3428513184,Java,Google_Jules,feat,https://github.com/pdheeraj99/Spring-Guide/pull/47,https://api.github.com/repos/pdheeraj99/Spring-Guide
3338186145,Java,Google_Jules,feat,https://github.com/JordanScarrott/BlockStacker/pull/18,https://api.github.com/repos/JordanScarrott/BlockStacker
3542845538,Java,Google_Jules,fix,https://github.com/lgalvao/sgc/pull/168,https://api.github.com/repos/lgalvao/sgc
3297600350,Java,Google_Jules,chore,https://github.com/aljojoby9/Java-/pull/1,https://api.github.com/repos/aljojoby9/Java-
3523881048,Java,Google_Jules,fix,https://github.com/lgalvao/sgc/pull/103,https://api.github.com/repos/lgalvao/sgc
3519330849,Java,Google_Jules,feat,https://github.com/lgalvao/sgc/pull/82,https://api.github.com/repos/lgalvao/sgc
3422684837,Java,Google_Jules,fix,https://github.com/StudioAsInc/android-synapse/pull/16,https://api.github.com/repos/StudioAsInc/android-synapse
3507351083,Java,Google_Jules,fix,https://github.com/DerJanniku/LobbyLynx/pull/10,https://api.github.com/repos/DerJanniku/LobbyLynx
3461494122,Java,Google_Jules,feat,https://github.com/gx-bangsong/GKUIClock/pull/16,https://api.github.com/repos/gx-bangsong/GKUIClock
3316035222,Java,Google_Jules,fix,https://github.com/w3canvas/javacanvas/pull/23,https://api.github.com/repos/w3canvas/javacanvas
3523120813,Java,Google_Jules,chore,https://github.com/lgalvao/sgc/pull/95,https://api.github.com/repos/lgalvao/sgc
3507282144,Java,Google_Jules,feat,https://github.com/lgalvao/sgc/pull/52,https://api.github.com/repos/lgalvao/sgc
3443257878,Java,Google_Jules,chore,https://github.com/StudioAsInc/android-synapse/pull/61,https://api.github.com/repos/StudioAsInc/android-synapse
3286953208,Java,Google_Jules,feat,https://github.com/gx-bangsong/GKUIClock/pull/12,https://api.github.com/repos/gx-bangsong/GKUIClock
3455801127,Java,Google_Jules,chore,https://github.com/StudioAsInc/android-synapse/pull/96,https://api.github.com/repos/StudioAsInc/android-synapse
3512039929,Java,Google_Jules,fix,https://github.com/lgalvao/sgc/pull/70,https://api.github.com/repos/lgalvao/sgc
3551227287,Java,Google_Jules,feat,https://github.com/sdyura/shithead/pull/25,https://api.github.com/repos/sdyura/shithead
3462205836,Java,Google_Jules,chore,https://github.com/semiconc/oauth_server/pull/9,https://api.github.com/repos/semiconc/oauth_server
3444678698,Java,Google_Jules,chore,https://github.com/StudioAsInc/android-synapse/pull/67,https://api.github.com/repos/StudioAsInc/android-synapse
3505559067,Java,Google_Jules,chore,https://github.com/StudioAsInc/android-synapse/pull/159,https://api.github.com/repos/StudioAsInc/android-synapse
3418236600,Java,Google_Jules,fix,https://github.com/paulklemstine/Acid/pull/8,https://api.github.com/repos/paulklemstine/Acid
3507811145,Java,Google_Jules,feat,https://github.com/DerJanniku/LobbyLynx/pull/11,https://api.github.com/repos/DerJanniku/LobbyLynx
3328664358,Java,Google_Jules,chore,https://github.com/JordanScarrott/Planet-Gravity-Game/pull/4,https://api.github.com/repos/JordanScarrott/Planet-Gravity-Game
3443143088,Java,Google_Jules,feat,https://github.com/hillelkingqt/Player/pull/1,https://api.github.com/repos/hillelkingqt/Player
3366933663,Java,Google_Jules,feat,https://github.com/JordanScarrott/BlockStacker/pull/19,https://api.github.com/repos/JordanScarrott/BlockStacker
3315347972,Java,Google_Jules,feat,https://github.com/w3canvas/javacanvas/pull/20,https://api.github.com/repos/w3canvas/javacanvas
3542808502,Java,Google_Jules,feat,https://github.com/jpalvesloiola/videomanager/pull/5,https://api.github.com/repos/jpalvesloiola/videomanager
3542522801,Java,Google_Jules,fix,https://github.com/lgalvao/sgc/pull/165,https://api.github.com/repos/lgalvao/sgc
3327532820,Java,Google_Jules,feat,https://github.com/primeyloa/ug-navigate/pull/1,https://api.github.com/repos/primeyloa/ug-navigate
3323864277,Java,Google_Jules,chore,https://github.com/w3canvas/javacanvas/pull/37,https://api.github.com/repos/w3canvas/javacanvas
3352865075,Java,Google_Jules,chore,https://github.com/HoneyBerries/GemMod/pull/4,https://api.github.com/repos/HoneyBerries/GemMod
3437814807,Java,Google_Jules,feat,https://github.com/rahulsom/genealogy/pull/48,https://api.github.com/repos/rahulsom/genealogy
3458987458,Java,Google_Jules,chore,https://github.com/StudioAsInc/android-synapse/pull/114,https://api.github.com/repos/StudioAsInc/android-synapse
3357742636,Java,Google_Jules,fix,https://github.com/fren43051/Recruiting-Platform/pull/5,https://api.github.com/repos/fren43051/Recruiting-Platform
3254812976,Java,Google_Jules,chore,https://github.com/whtoo/How_to_implment_PL_in_Antlr4/pull/5,https://api.github.com/repos/whtoo/How_to_implment_PL_in_Antlr4
3301950682,Java,Google_Jules,fix,https://github.com/Bluebird-Community/opennms/pull/57,https://api.github.com/repos/Bluebird-Community/opennms
3507190104,Java,Google_Jules,docs,https://github.com/lgalvao/sgc/pull/51,https://api.github.com/repos/lgalvao/sgc
3306385223,Java,Google_Jules,feat,https://github.com/lockcd/jradius/pull/3,https://api.github.com/repos/lockcd/jradius
3332005224,Java,Google_Jules,feat,https://github.com/JordanScarrott/BlockStacker/pull/14,https://api.github.com/repos/JordanScarrott/BlockStacker
3413898865,Java,Google_Jules,fix,https://github.com/felipebehling/TucasDesk/pull/10,https://api.github.com/repos/felipebehling/TucasDesk
3471814545,Java,Google_Jules,feat,https://github.com/Th3Ph4nt0mE2/warzone-matches/pull/8,https://api.github.com/repos/Th3Ph4nt0mE2/warzone-matches
3449662911,Java,Google_Jules,chore,https://github.com/StudioAsInc/android-synapse/pull/80,https://api.github.com/repos/StudioAsInc/android-synapse
3529132099,Java,Google_Jules,docs,https://github.com/StudioAsInc/android-synapse/pull/191,https://api.github.com/repos/StudioAsInc/android-synapse
3328486829,Java,Google_Jules,feat,https://github.com/JordanScarrott/BlockStacker/pull/9,https://api.github.com/repos/JordanScarrott/BlockStacker
3455149774,Java,Google_Jules,fix,https://github.com/arthow4n/week-number-android-widget/pull/8,https://api.github.com/repos/arthow4n/week-number-android-widget
3316347433,Java,Google_Jules,chore,https://github.com/w3canvas/javacanvas/pull/26,https://api.github.com/repos/w3canvas/javacanvas
3477297770,Java,Google_Jules,chore,https://github.com/StudioAsInc/android-synapse/pull/142,https://api.github.com/repos/StudioAsInc/android-synapse
3425913228,Java,Google_Jules,fix,https://github.com/StudioAsInc/android-synapse/pull/23,https://api.github.com/repos/StudioAsInc/android-synapse
3390079957,Java,Google_Jules,fix,https://github.com/APorkolab/Truholdem/pull/5,https://api.github.com/repos/APorkolab/Truholdem
3315703601,Java,Google_Jules,fix,https://github.com/w3canvas/javacanvas/pull/21,https://api.github.com/repos/w3canvas/javacanvas
3520076146,Java,Google_Jules,docs,https://github.com/lgalvao/sgc/pull/92,https://api.github.com/repos/lgalvao/sgc
3542754922,Java,Google_Jules,chore,https://github.com/lgalvao/sgc/pull/167,https://api.github.com/repos/lgalvao/sgc
3393772729,Java,Google_Jules,chore,https://github.com/indra87g/refactored-waffle-nk/pull/1,https://api.github.com/repos/indra87g/refactored-waffle-nk
3312314293,Java,Google_Jules,feat,https://github.com/TheDragonsCrafts/baritone/pull/1,https://api.github.com/repos/TheDragonsCrafts/baritone
3459028269,Java,Google_Jules,chore,https://github.com/jmasalma/AdhanAlarm/pull/1,https://api.github.com/repos/jmasalma/AdhanAlarm
3457848149,Java,Google_Jules,feat,https://github.com/StudioAsInc/android-synapse/pull/106,https://api.github.com/repos/StudioAsInc/android-synapse
3311095972,Java,Google_Jules,feat,https://github.com/w3canvas/javacanvas/pull/15,https://api.github.com/repos/w3canvas/javacanvas
3287048742,Java,Google_Jules,feat,https://github.com/gx-bangsong/GKUIClock/pull/13,https://api.github.com/repos/gx-bangsong/GKUIClock
3529155156,Java,Google_Jules,chore,https://github.com/lgalvao/sgc/pull/124,https://api.github.com/repos/lgalvao/sgc
3436482316,Java,Google_Jules,chore,https://github.com/Tyler-Cash/peep-bot/pull/40,https://api.github.com/repos/Tyler-Cash/peep-bot
3428000794,Java,Google_Jules,feat,https://github.com/BalutS/ajedrez/pull/2,https://api.github.com/repos/BalutS/ajedrez
3519214460,Java,Google_Jules,fix,https://github.com/lgalvao/sgc/pull/81,https://api.github.com/repos/lgalvao/sgc
3306671008,Java,Google_Jules,feat,https://github.com/w3canvas/javacanvas/pull/6,https://api.github.com/repos/w3canvas/javacanvas
3511514975,Java,Google_Jules,chore,https://github.com/lgalvao/sgc/pull/66,https://api.github.com/repos/lgalvao/sgc
3506394419,Java,Google_Jules,chore,https://github.com/lgalvao/sgc/pull/47,https://api.github.com/repos/lgalvao/sgc
3533708727,Java,Google_Jules,docs,https://github.com/lgalvao/sgc/pull/151,https://api.github.com/repos/lgalvao/sgc
3411143749,Java,Google_Jules,feat,https://github.com/felipebehling/TucasDesk/pull/9,https://api.github.com/repos/felipebehling/TucasDesk
3336063290,Java,Google_Jules,feat,https://github.com/fren43051/Recruiting-Platform/pull/2,https://api.github.com/repos/fren43051/Recruiting-Platform
3414828088,Java,Google_Jules,fix,https://github.com/pdheeraj99/Spring-Guide/pull/8,https://api.github.com/repos/pdheeraj99/Spring-Guide
3399311176,Java,Google_Jules,feat,https://github.com/Cassander313/ttlock_flutter/pull/1,https://api.github.com/repos/Cassander313/ttlock_flutter
3522967214,Java,Google_Jules,feat,https://github.com/lgalvao/sgc/pull/94,https://api.github.com/repos/lgalvao/sgc
3326572658,Java,Google_Jules,feat,https://github.com/endymuhardin/aplikasi-minibank/pull/4,https://api.github.com/repos/endymuhardin/aplikasi-minibank
3474597522,Java,Google_Jules,fix,https://github.com/StudioAsInc/android-synapse/pull/139,https://api.github.com/repos/StudioAsInc/android-synapse
3437834948,Java,Google_Jules,fix,https://github.com/rahulsom/genealogy/pull/52,https://api.github.com/repos/rahulsom/genealogy
3399770893,Java,Google_Jules,fix,https://github.com/linskay/hr-assist/pull/13,https://api.github.com/repos/linskay/hr-assist
3505937972,Java,Google_Jules,fix,https://github.com/lgalvao/sgc/pull/35,https://api.github.com/repos/lgalvao/sgc
3437858535,Java,Google_Jules,fix,https://github.com/StudioAsInc/android-synapse/pull/34,https://api.github.com/repos/StudioAsInc/android-synapse
3412594316,Java,Google_Jules,fix,https://github.com/paulklemstine/Acid/pull/5,https://api.github.com/repos/paulklemstine/Acid
3350002119,Java,Google_Jules,docs,https://github.com/ModularSoftAU/PlayerHeadHunt/pull/55,https://api.github.com/repos/ModularSoftAU/PlayerHeadHunt
3357979568,Java,Google_Jules,feat,https://github.com/tsnash/spot-apps-tester-api/pull/1,https://api.github.com/repos/tsnash/spot-apps-tester-api
3352399336,Java,Google_Jules,docs,https://github.com/selvester69/survery-demo/pull/1,https://api.github.com/repos/selvester69/survery-demo
3315013046,Java,Google_Jules,fix,https://github.com/w3canvas/javacanvas/pull/18,https://api.github.com/repos/w3canvas/javacanvas
3327275820,Java,Google_Jules,feat,https://github.com/rafaeldl/haval-app-tool-multimidia/pull/1,https://api.github.com/repos/rafaeldl/haval-app-tool-multimidia
3497300035,Java,Google_Jules,chore,https://github.com/lgalvao/sgc/pull/17,https://api.github.com/repos/lgalvao/sgc
3307869702,Java,Google_Jules,chore,https://github.com/kgsanjay/hrms/pull/8,https://api.github.com/repos/kgsanjay/hrms
3421641311,Java,Google_Jules,docs,https://github.com/sarafrika/elimika/pull/230,https://api.github.com/repos/sarafrika/elimika
3287137560,Java,Google_Jules,feat,https://github.com/gx-bangsong/GKUIClock/pull/15,https://api.github.com/repos/gx-bangsong/GKUIClock
3515445487,Java,Google_Jules,chore,https://github.com/lgalvao/sgc/pull/75,https://api.github.com/repos/lgalvao/sgc
3524619059,Java,Google_Jules,chore,https://github.com/Jeremiah-Jefry/Chat-Application/pull/7,https://api.github.com/repos/Jeremiah-Jefry/Chat-Application
3493214796,Java,Google_Jules,feat,https://github.com/lgalvao/sgc/pull/8,https://api.github.com/repos/lgalvao/sgc
3505288280,Java,Google_Jules,feat,https://github.com/StudioAsInc/android-synapse/pull/155,https://api.github.com/repos/StudioAsInc/android-synapse
3460650079,Java,Google_Jules,feat,https://github.com/cbwinslow/OpenLegislation-local-dev/pull/1,https://api.github.com/repos/cbwinslow/OpenLegislation-local-dev
3437219967,Java,Google_Jules,chore,https://github.com/StudioAsInc/android-synapse/pull/30,https://api.github.com/repos/StudioAsInc/android-synapse
3454846936,Java,Google_Jules,feat,https://github.com/StudioAsInc/android-synapse/pull/92,https://api.github.com/repos/StudioAsInc/android-synapse
3462126296,Java,Google_Jules,fix,https://github.com/semiconc/oauth_server/pull/6,https://api.github.com/repos/semiconc/oauth_server
3528902366,Java,Google_Jules,feat,https://github.com/LavaTime/bazel/pull/1,https://api.github.com/repos/LavaTime/bazel
3438469287,Java,Google_Jules,fix,https://github.com/StudioAsInc/android-synapse/pull/46,https://api.github.com/repos/StudioAsInc/android-synapse
3451282805,Java,Google_Jules,feat,https://github.com/arthow4n/week-number-android-widget/pull/5,https://api.github.com/repos/arthow4n/week-number-android-widget
3546044043,Java,Google_Jules,fix,https://github.com/lgalvao/sgc/pull/173,https://api.github.com/repos/lgalvao/sgc
3511540667,Java,Google_Jules,feat,https://github.com/lgalvao/sgc/pull/67,https://api.github.com/repos/lgalvao/sgc
3529173102,Java,Google_Jules,fix,https://github.com/StudioAsInc/android-synapse/pull/192,https://api.github.com/repos/StudioAsInc/android-synapse
3407377806,Java,Google_Jules,feat,https://github.com/felipebehling/TucasDesk/pull/4,https://api.github.com/repos/felipebehling/TucasDesk
3504875593,Java,Google_Jules,feat,https://github.com/lgalvao/sgc/pull/31,https://api.github.com/repos/lgalvao/sgc
3504840074,Java,Google_Jules,feat,https://github.com/lgalvao/sgc/pull/29,https://api.github.com/repos/lgalvao/sgc
3466002597,Java,Google_Jules,fix,https://github.com/StudioAsInc/android-synapse/pull/135,https://api.github.com/repos/StudioAsInc/android-synapse
3461985468,Java,Google_Jules,feat,https://github.com/semiconc/oauth_server/pull/3,https://api.github.com/repos/semiconc/oauth_server
3533613947,Java,Google_Jules,chore,https://github.com/lgalvao/sgc/pull/149,https://api.github.com/repos/lgalvao/sgc
3431869025,Java,Google_Jules,chore,https://github.com/kevinlin1/huskymaps/pull/14,https://api.github.com/repos/kevinlin1/huskymaps
3368884510,Java,Google_Jules,chore,https://github.com/eeshunarayan15/spring-security-codehunt/pull/1,https://api.github.com/repos/eeshunarayan15/spring-security-codehunt
3530282257,Java,Google_Jules,fix,https://github.com/lgalvao/sgc/pull/138,https://api.github.com/repos/lgalvao/sgc
3462104419,Java,Google_Jules,fix,https://github.com/semiconc/oauth_server/pull/5,https://api.github.com/repos/semiconc/oauth_server
3483759267,Java,Google_Jules,feat,https://github.com/sdyura/shithead/pull/2,https://api.github.com/repos/sdyura/shithead
3320275927,Java,Google_Jules,feat,https://github.com/febry-setyawan/crud/pull/14,https://api.github.com/repos/febry-setyawan/crud
3440306037,Java,Google_Jules,feat,https://github.com/StudioAsInc/android-synapse/pull/55,https://api.github.com/repos/StudioAsInc/android-synapse
3505451445,Java,Google_Jules,chore,https://github.com/StudioAsInc/android-synapse/pull/158,https://api.github.com/repos/StudioAsInc/android-synapse
3478069080,Java,Google_Jules,fix,https://github.com/jmasalma/AdhanAlarm/pull/17,https://api.github.com/repos/jmasalma/AdhanAlarm
3311273032,Java,Google_Jules,chore,https://github.com/ufpb-aps-poo/academic-stack-spark/pull/2,https://api.github.com/repos/ufpb-aps-poo/academic-stack-spark
3513465202,Java,Google_Jules,chore,https://github.com/thmarx/cms-server/pull/5,https://api.github.com/repos/thmarx/cms-server
3519327500,Java,Google_Jules,chore,https://github.com/kunal0137/Semoss/pull/3,https://api.github.com/repos/kunal0137/Semoss
3522901646,Java,Google_Jules,fix,https://github.com/lgalvao/sgc/pull/93,https://api.github.com/repos/lgalvao/sgc
3338495902,Java,Google_Jules,fix,https://github.com/fernandorubbo/articles/pull/2,https://api.github.com/repos/fernandorubbo/articles
3329137115,Java,Google_Jules,feat,https://github.com/JordanScarrott/Planet-Gravity-Game/pull/5,https://api.github.com/repos/JordanScarrott/Planet-Gravity-Game
3323716878,Java,Google_Jules,chore,https://github.com/w3canvas/javacanvas/pull/36,https://api.github.com/repos/w3canvas/javacanvas
3446179371,Java,Google_Jules,feat,https://github.com/Razzeti/SnakeGame/pull/21,https://api.github.com/repos/Razzeti/SnakeGame
3457995208,Java,Google_Jules,chore,https://github.com/StudioAsInc/android-synapse/pull/108,https://api.github.com/repos/StudioAsInc/android-synapse
3515095318,Java,Google_Jules,chore,https://github.com/StudioAsInc/android-synapse/pull/178,https://api.github.com/repos/StudioAsInc/android-synapse
3491188472,Java,Google_Jules,fix,https://github.com/A2A410/save-for-offline-2/pull/8,https://api.github.com/repos/A2A410/save-for-offline-2
3368755743,Java,Google_Jules,chore,https://github.com/pdheeraj99/Java_Collections/pull/3,https://api.github.com/repos/pdheeraj99/Java_Collections
3521391708,Java,Google_Jules,feat,https://github.com/gx-bangsong/GKUICalendar/pull/2,https://api.github.com/repos/gx-bangsong/GKUICalendar
3544171297,Java,Google_Jules,feat,https://github.com/Linux2010/Mineblock/pull/4,https://api.github.com/repos/Linux2010/Mineblock
3502539070,Java,Google_Jules,chore,https://github.com/abdelkrimkr/App-UI-Designer/pull/1,https://api.github.com/repos/abdelkrimkr/App-UI-Designer
3314448196,Java,Google_Jules,feat,https://github.com/HoneyBerries/BetterSpawnProtect/pull/3,https://api.github.com/repos/HoneyBerries/BetterSpawnProtect
3418911789,Java,Google_Jules,fix,https://github.com/StudioAsInc/android-synapse/pull/14,https://api.github.com/repos/StudioAsInc/android-synapse
3438674179,Java,Google_Jules,chore,https://github.com/Razzeti/SnakeGame/pull/11,https://api.github.com/repos/Razzeti/SnakeGame
3462103431,Java,Google_Jules,fix,https://github.com/jmasalma/AdhanAlarm/pull/12,https://api.github.com/repos/jmasalma/AdhanAlarm
3523806561,Java,Google_Jules,feat,https://github.com/lgalvao/sgc/pull/102,https://api.github.com/repos/lgalvao/sgc
3455588728,Java,Google_Jules,feat,https://github.com/Th3Ph4nt0mE2/warzone-matches/pull/4,https://api.github.com/repos/Th3Ph4nt0mE2/warzone-matches
3417635825,Java,Google_Jules,feat,https://github.com/pdheeraj99/Spring-Guide/pull/24,https://api.github.com/repos/pdheeraj99/Spring-Guide
3505273779,Java,Google_Jules,feat,https://github.com/StudioAsInc/android-synapse/pull/154,https://api.github.com/repos/StudioAsInc/android-synapse
3479479822,Java,Google_Jules,feat,https://github.com/cmwen/AntennaPod/pull/5,https://api.github.com/repos/cmwen/AntennaPod
3537380287,Java,Google_Jules,fix,https://github.com/luisppb16/db-seed-plugin/pull/1,https://api.github.com/repos/luisppb16/db-seed-plugin
3225412454,Java,Google_Jules,chore,https://github.com/hotpad100c/yetanothercarpetaddition/pull/21,https://api.github.com/repos/hotpad100c/yetanothercarpetaddition
3527329855,Java,Google_Jules,chore,https://github.com/lgalvao/sgc/pull/107,https://api.github.com/repos/lgalvao/sgc
3498493773,Java,Google_Jules,feat,https://github.com/sdyura/shithead/pull/11,https://api.github.com/repos/sdyura/shithead
3408906581,Java,Google_Jules,fix,https://github.com/indra87g/refactored-waffle-nk/pull/8,https://api.github.com/repos/indra87g/refactored-waffle-nk
3408885071,Java,Google_Jules,fix,https://github.com/indra87g/refactored-waffle-nk/pull/7,https://api.github.com/repos/indra87g/refactored-waffle-nk
3449174524,Java,Google_Jules,fix,https://github.com/StudioAsInc/android-synapse/pull/77,https://api.github.com/repos/StudioAsInc/android-synapse
3504505439,Java,Google_Jules,fix,https://github.com/lgalvao/sgc/pull/23,https://api.github.com/repos/lgalvao/sgc
3448274611,Java,Google_Jules,fix,https://github.com/StudioAsInc/android-synapse/pull/75,https://api.github.com/repos/StudioAsInc/android-synapse
3320753833,Java,Google_Jules,feat,https://github.com/ran-su/try-jules/pull/8,https://api.github.com/repos/ran-su/try-jules
3505497427,Java,Google_Jules,feat,https://github.com/gopinathan21/Interview-Preparation/pull/3,https://api.github.com/repos/gopinathan21/Interview-Preparation
3530438789,Java,Google_Jules,chore,https://github.com/sdyura/shithead/pull/17,https://api.github.com/repos/sdyura/shithead
3504589450,Java,Google_Jules,docs,https://github.com/lgalvao/sgc/pull/26,https://api.github.com/repos/lgalvao/sgc
3437899906,Java,Google_Jules,chore,https://github.com/StudioAsInc/android-synapse/pull/35,https://api.github.com/repos/StudioAsInc/android-synapse
3327662652,Java,Google_Jules,chore,https://github.com/w3canvas/javacanvas/pull/51,https://api.github.com/repos/w3canvas/javacanvas
3529364077,Java,Google_Jules,feat,https://github.com/lgalvao/sgc/pull/132,https://api.github.com/repos/lgalvao/sgc
3542326343,Java,Google_Jules,chore,https://github.com/sdyura/shithead/pull/19,https://api.github.com/repos/sdyura/shithead
3521716021,Java,Google_Jules,feat,https://github.com/StudioAsInc/android-synapse/pull/188,https://api.github.com/repos/StudioAsInc/android-synapse
3459368342,Java,Google_Jules,chore,https://github.com/jmasalma/AdhanAlarm/pull/4,https://api.github.com/repos/jmasalma/AdhanAlarm
3515785878,Java,Google_Jules,feat,https://github.com/lgalvao/sgc/pull/78,https://api.github.com/repos/lgalvao/sgc
3474827607,Java,Google_Jules,feat,https://github.com/connectsagar07-xccel/xv/pull/3,https://api.github.com/repos/connectsagar07-xccel/xv
3324409604,Java,Google_Jules,fix,https://github.com/w3canvas/javacanvas/pull/39,https://api.github.com/repos/w3canvas/javacanvas
3415056969,Java,Google_Jules,docs,https://github.com/yamanakahirofumi/rogueb/pull/16,https://api.github.com/repos/yamanakahirofumi/rogueb
3479121880,Java,Google_Jules,chore,https://github.com/zerox80/SummonerAPIv2/pull/26,https://api.github.com/repos/zerox80/SummonerAPIv2
3541596097,Java,Google_Jules,chore,https://github.com/SameeraNel/vms/pull/1,https://api.github.com/repos/SameeraNel/vms
3325375321,Java,Google_Jules,fix,https://github.com/aigenartig/aigentum/pull/10,https://api.github.com/repos/aigenartig/aigentum
3418692305,Java,Google_Jules,fix,https://github.com/pdheeraj99/Spring-Guide/pull/29,https://api.github.com/repos/pdheeraj99/Spring-Guide
3462697460,Java,Google_Jules,fix,https://github.com/jmasalma/AdhanAlarm/pull/14,https://api.github.com/repos/jmasalma/AdhanAlarm
3400469918,Java,Google_Jules,docs,https://github.com/openo-beta/Open-O/pull/518,https://api.github.com/repos/openo-beta/Open-O
3381756644,Java,Google_Jules,feat,https://github.com/GyeRyak/TwitchUtils/pull/1,https://api.github.com/repos/GyeRyak/TwitchUtils
3306521356,Java,Google_Jules,chore,https://github.com/w3canvas/javacanvas/pull/1,https://api.github.com/repos/w3canvas/javacanvas
3398759538,Java,Google_Jules,chore,https://github.com/kavindu-sasmitha/FoodFarm/pull/1,https://api.github.com/repos/kavindu-sasmitha/FoodFarm
3396276213,Java,Google_Jules,docs,https://github.com/indra87g/refactored-waffle-nk/pull/3,https://api.github.com/repos/indra87g/refactored-waffle-nk
3514030928,Java,Google_Jules,chore,https://github.com/iSmileNgyv/Java_CoreScaffold/pull/11,https://api.github.com/repos/iSmileNgyv/Java_CoreScaffold
3443323700,Java,Google_Jules,fix,https://github.com/StudioAsInc/android-synapse/pull/62,https://api.github.com/repos/StudioAsInc/android-synapse
3438698420,Java,Google_Jules,fix,https://github.com/Razzeti/SnakeGame/pull/12,https://api.github.com/repos/Razzeti/SnakeGame
3306839624,Java,Google_Jules,chore,https://github.com/paul-hammant/qdox/pull/275,https://api.github.com/repos/paul-hammant/qdox
3311811912,Java,Google_Jules,fix,https://github.com/w3canvas/javacanvas/pull/17,https://api.github.com/repos/w3canvas/javacanvas
3484833643,Java,Google_Jules,feat,https://github.com/Chavagov123/E-Commerce/pull/1,https://api.github.com/repos/Chavagov123/E-Commerce
3454759245,Java,Google_Jules,feat,https://github.com/StudioAsInc/android-synapse/pull/91,https://api.github.com/repos/StudioAsInc/android-synapse
3530257091,Java,Google_Jules,feat,https://github.com/datilmast3r/AlgoritmosAprendizajeAutomatico/pull/1,https://api.github.com/repos/datilmast3r/AlgoritmosAprendizajeAutomatico
3185034332,Java,Google_Jules,chore,https://github.com/Adexux96/jcraft-eoe/pull/6,https://api.github.com/repos/Adexux96/jcraft-eoe
3444674669,Java,Google_Jules,fix,https://github.com/Yusufibin/android.webview.upload.download/pull/3,https://api.github.com/repos/Yusufibin/android.webview.upload.download
3483705588,Java,Google_Jules,fix,https://github.com/sdyura/shithead/pull/1,https://api.github.com/repos/sdyura/shithead
3534007889,Java,Google_Jules,fix,https://github.com/lgalvao/sgc/pull/154,https://api.github.com/repos/lgalvao/sgc
3308665098,Java,Google_Jules,chore,https://github.com/w3canvas/javacanvas/pull/14,https://api.github.com/repos/w3canvas/javacanvas
3343803207,Java,Google_Jules,fix,https://github.com/Ekojoecovenant/learning_api/pull/1,https://api.github.com/repos/Ekojoecovenant/learning_api
3524033462,Java,Google_Jules,fix,https://github.com/lgalvao/sgc/pull/104,https://api.github.com/repos/lgalvao/sgc
3492927096,Java,Google_Jules,chore,https://github.com/lgalvao/sgc/pull/1,https://api.github.com/repos/lgalvao/sgc
3341547338,Java,Google_Jules,feat,https://github.com/Samrhan/Estivate/pull/2,https://api.github.com/repos/Samrhan/Estivate
3417712353,Java,Google_Jules,fix,https://github.com/pdheeraj99/Spring-Guide/pull/25,https://api.github.com/repos/pdheeraj99/Spring-Guide
3449840306,Java,Google_Jules,chore,https://github.com/StudioAsInc/android-synapse/pull/81,https://api.github.com/repos/StudioAsInc/android-synapse
3356233639,Java,Google_Jules,feat,https://github.com/selvester69/survery-demo/pull/3,https://api.github.com/repos/selvester69/survery-demo
3519204836,Java,Google_Jules,chore,https://github.com/StudioAsInc/android-synapse/pull/186,https://api.github.com/repos/StudioAsInc/android-synapse
3459789546,Java,Google_Jules,fix,https://github.com/StudioAsInc/android-synapse/pull/118,https://api.github.com/repos/StudioAsInc/android-synapse
3507844716,Java,Google_Jules,chore,https://github.com/lgalvao/sgc/pull/56,https://api.github.com/repos/lgalvao/sgc
3254808985,Java,Google_Jules,chore,https://github.com/IsmaelBlack1984/Reto01/pull/4,https://api.github.com/repos/IsmaelBlack1984/Reto01
3544248305,Java,Google_Jules,feat,https://github.com/lgalvao/sgc/pull/172,https://api.github.com/repos/lgalvao/sgc
3416168618,Java,Google_Jules,feat,https://github.com/pdheeraj99/Spring-Guide/pull/19,https://api.github.com/repos/pdheeraj99/Spring-Guide
3422247080,Java,Google_Jules,feat,https://github.com/anandachak8-dot/test/pull/2,https://api.github.com/repos/anandachak8-dot/test
3459965539,Java,Google_Jules,fix,https://github.com/StudioAsInc/android-synapse/pull/123,https://api.github.com/repos/StudioAsInc/android-synapse
3540596259,Java,Google_Jules,feat,https://github.com/JordanScarrott/maven-monorepo/pull/1,https://api.github.com/repos/JordanScarrott/maven-monorepo
3423424980,Java,Google_Jules,chore,https://github.com/balajirajput96/accumulo-access/pull/1,https://api.github.com/repos/balajirajput96/accumulo-access
3514385386,Java,Google_Jules,feat,https://github.com/StudioAsInc/android-synapse/pull/176,https://api.github.com/repos/StudioAsInc/android-synapse
3396556874,Java,Google_Jules,feat,https://github.com/timlincool/starrocks/pull/2,https://api.github.com/repos/timlincool/starrocks
3504147577,Java,Google_Jules,docs,https://github.com/StudioAsInc/android-synapse/pull/151,https://api.github.com/repos/StudioAsInc/android-synapse
3383021117,Java,Google_Jules,feat,https://github.com/rkrysinski/unity/pull/4,https://api.github.com/repos/rkrysinski/unity
3546166743,Java,Google_Jules,chore,https://github.com/sdyura/shithead/pull/22,https://api.github.com/repos/sdyura/shithead
3373825032,Java,Google_Jules,chore,https://github.com/melasser22/newLms/pull/128,https://api.github.com/repos/melasser22/newLms
3399746888,Java,Google_Jules,docs,https://github.com/linskay/hr-assist/pull/12,https://api.github.com/repos/linskay/hr-assist
3490466483,Java,Google_Jules,chore,https://github.com/A2A410/save-for-offline-2/pull/3,https://api.github.com/repos/A2A410/save-for-offline-2
3507234625,Java,Google_Jules,chore,https://github.com/DerJanniku/LobbyLynx/pull/3,https://api.github.com/repos/DerJanniku/LobbyLynx
3431670169,Java,Google_Jules,chore,https://github.com/juherr/evolve/pull/108,https://api.github.com/repos/juherr/evolve
3550656299,Java,Google_Jules,fix,https://github.com/lgalvao/sgc/pull/177,https://api.github.com/repos/lgalvao/sgc
3368731541,Java,Google_Jules,chore,https://github.com/pdheeraj99/Java_Collections/pull/2,https://api.github.com/repos/pdheeraj99/Java_Collections
3438314366,Java,Google_Jules,chore,https://github.com/StudioAsInc/android-synapse/pull/41,https://api.github.com/repos/StudioAsInc/android-synapse
3458048965,Java,Google_Jules,feat,https://github.com/Youss-elji/smart-microfactory-iot/pull/4,https://api.github.com/repos/Youss-elji/smart-microfactory-iot
3508054036,Java,Google_Jules,feat,https://github.com/lgalvao/sgc/pull/59,https://api.github.com/repos/lgalvao/sgc
3527262836,Java,Google_Jules,feat,https://github.com/lgalvao/sgc/pull/106,https://api.github.com/repos/lgalvao/sgc
3349372048,Java,Google_Jules,feat,https://github.com/richardeleanya/eni-verification-service/pull/2,https://api.github.com/repos/richardeleanya/eni-verification-service
3507516272,Java,Google_Jules,feat,https://github.com/HarshitSahu01/test/pull/10,https://api.github.com/repos/HarshitSahu01/test
3500243309,Java,Google_Jules,chore,https://github.com/StudioAsInc/android-synapse/pull/150,https://api.github.com/repos/StudioAsInc/android-synapse
3511186158,Java,Google_Jules,chore,https://github.com/lgalvao/sgc/pull/64,https://api.github.com/repos/lgalvao/sgc
3423085689,Java,Google_Jules,chore,https://github.com/techwavedev/capi/pull/1,https://api.github.com/repos/techwavedev/capi
3430996738,Java,Google_Jules,fix,https://github.com/kevinlin1/huskymaps/pull/13,https://api.github.com/repos/kevinlin1/huskymaps
3443159651,Java,Google_Jules,chore,https://github.com/hillelkingqt/Player/pull/2,https://api.github.com/repos/hillelkingqt/Player
3414715553,Java,Google_Jules,fix,https://github.com/pdheeraj99/Spring-Guide/pull/2,https://api.github.com/repos/pdheeraj99/Spring-Guide
3437259625,Java,Google_Jules,fix,https://github.com/StudioAsInc/android-synapse/pull/31,https://api.github.com/repos/StudioAsInc/android-synapse
3517131205,Java,Google_Jules,chore,https://github.com/lgalvao/sgc/pull/79,https://api.github.com/repos/lgalvao/sgc
3327982467,Java,Google_Jules,feat,https://github.com/JordanScarrott/BlockStacker/pull/3,https://api.github.com/repos/JordanScarrott/BlockStacker
3444097709,Java,Google_Jules,chore,https://github.com/MovieAddict88/Cineraze-PHP-App/pull/2,https://api.github.com/repos/MovieAddict88/Cineraze-PHP-App
3348709060,Java,Google_Jules,docs,https://github.com/JordanScarrott/Physics-Engine/pull/1,https://api.github.com/repos/JordanScarrott/Physics-Engine
3399909459,Java,Google_Jules,feat,https://github.com/Cassander313/ttlock_flutter/pull/3,https://api.github.com/repos/Cassander313/ttlock_flutter
3416055731,Java,Google_Jules,fix,https://github.com/pdheeraj99/Spring-Guide/pull/18,https://api.github.com/repos/pdheeraj99/Spring-Guide
3511409974,Java,Google_Jules,chore,https://github.com/StudioAsInc/android-synapse/pull/172,https://api.github.com/repos/StudioAsInc/android-synapse
3253323668,Java,Google_Jules,chore,https://github.com/deivid22srk/IPTVTELEGRAM/pull/1,https://api.github.com/repos/deivid22srk/IPTVTELEGRAM
3451796066,Java,Google_Jules,fix,https://github.com/StudioAsInc/android-synapse/pull/85,https://api.github.com/repos/StudioAsInc/android-synapse
3505982041,Java,Google_Jules,fix,https://github.com/lgalvao/sgc/pull/36,https://api.github.com/repos/lgalvao/sgc
3504585243,Java,Google_Jules,feat,https://github.com/lgalvao/sgc/pull/25,https://api.github.com/repos/lgalvao/sgc
3307971384,Java,Google_Jules,chore,https://github.com/w3canvas/javacanvas/pull/11,https://api.github.com/repos/w3canvas/javacanvas
3417494990,Java,Google_Jules,feat,https://github.com/pdheeraj99/Spring-Guide/pull/23,https://api.github.com/repos/pdheeraj99/Spring-Guide
3320641100,Java,Google_Jules,feat,https://github.com/ran-su/try-jules/pull/5,https://api.github.com/repos/ran-su/try-jules
3529114392,Java,Google_Jules,feat,https://github.com/lgalvao/sgc/pull/123,https://api.github.com/repos/lgalvao/sgc
3321435121,Java,Google_Jules,feat,https://github.com/soonhankwon/steam-punk-be/pull/1,https://api.github.com/repos/soonhankwon/steam-punk-be
3406029029,Java,Google_Jules,docs,https://github.com/felipebehling/TucasDesk/pull/1,https://api.github.com/repos/felipebehling/TucasDesk
3327150288,Java,Google_Jules,docs,https://github.com/Appendium/jtreemap/pull/19,https://api.github.com/repos/Appendium/jtreemap
3438494105,Java,Google_Jules,chore,https://github.com/StudioAsInc/android-synapse/pull/47,https://api.github.com/repos/StudioAsInc/android-synapse
3461645465,Java,Google_Jules,chore,https://github.com/jmasalma/AdhanAlarm/pull/7,https://api.github.com/repos/jmasalma/AdhanAlarm
3511022789,Java,Google_Jules,chore,https://github.com/StudioAsInc/android-synapse/pull/170,https://api.github.com/repos/StudioAsInc/android-synapse
3316063020,Java,Google_Jules,feat,https://github.com/w3canvas/javacanvas/pull/24,https://api.github.com/repos/w3canvas/javacanvas
3452263468,Java,Google_Jules,feat,https://github.com/yukidaruma920/BedwarsStats-Fabric-1.21.5/pull/17,https://api.github.com/repos/yukidaruma920/BedwarsStats-Fabric-1.21.5
3493333423,Java,Google_Jules,feat,https://github.com/lgalvao/sgc/pull/9,https://api.github.com/repos/lgalvao/sgc
3515350882,Java,Google_Jules,chore,https://github.com/lgalvao/sgc/pull/73,https://api.github.com/repos/lgalvao/sgc
3529048840,Java,Google_Jules,chore,https://github.com/lgalvao/sgc/pull/121,https://api.github.com/repos/lgalvao/sgc
3285581736,Java,Google_Jules,feat,https://github.com/gx-bangsong/GKUIClock/pull/5,https://api.github.com/repos/gx-bangsong/GKUIClock
3443205325,Java,Google_Jules,fix,https://github.com/StudioAsInc/android-synapse/pull/59,https://api.github.com/repos/StudioAsInc/android-synapse
3331674786,Java,Google_Jules,feat,https://github.com/JordanScarrott/Planet-Gravity-Game/pull/8,https://api.github.com/repos/JordanScarrott/Planet-Gravity-Game
3444973193,Java,Google_Jules,fix,https://github.com/Yusufibin/android.webview.upload.download/pull/5,https://api.github.com/repos/Yusufibin/android.webview.upload.download
3524429546,Java,Google_Jules,feat,https://github.com/shotdevs/plus-home/pull/1,https://api.github.com/repos/shotdevs/plus-home
3506468888,Java,Google_Jules,feat,https://github.com/lgalvao/sgc/pull/48,https://api.github.com/repos/lgalvao/sgc
3370135483,Java,Google_Jules,chore,https://github.com/FranDevelopSpain/ContestCakeApp/pull/1,https://api.github.com/repos/FranDevelopSpain/ContestCakeApp
3538066063,Java,Google_Jules,docs,https://github.com/lgalvao/sgc/pull/158,https://api.github.com/repos/lgalvao/sgc
3520055999,Java,Google_Jules,feat,https://github.com/lgalvao/sgc/pull/91,https://api.github.com/repos/lgalvao/sgc
3424017342,Java,Google_Jules,feat,https://github.com/Vassopoli/vassopolibot-telegram/pull/5,https://api.github.com/repos/Vassopoli/vassopolibot-telegram
3311995993,Java,Google_Jules,feat,https://github.com/mrKlar/DSCEnvisalink-BlueIris/pull/2,https://api.github.com/repos/mrKlar/DSCEnvisalink-BlueIris
3550879167,Java,Google_Jules,docs,https://github.com/lgalvao/sgc/pull/178,https://api.github.com/repos/lgalvao/sgc
3316079453,Java,Google_Jules,chore,https://github.com/w3canvas/javacanvas/pull/25,https://api.github.com/repos/w3canvas/javacanvas
3436684159,Java,Google_Jules,chore,https://github.com/Tyler-Cash/peep-bot/pull/44,https://api.github.com/repos/Tyler-Cash/peep-bot
3503107710,Java,Google_Jules,chore,https://github.com/temotskipa/VulkanMod/pull/2,https://api.github.com/repos/temotskipa/VulkanMod
3454950878,Java,Google_Jules,fix,https://github.com/StudioAsInc/android-synapse/pull/94,https://api.github.com/repos/StudioAsInc/android-synapse
3529193706,Java,Google_Jules,feat,https://github.com/StudioAsInc/android-synapse/pull/193,https://api.github.com/repos/StudioAsInc/android-synapse
3518827110,Java,Google_Jules,feat,https://github.com/StudioAsInc/android-synapse/pull/184,https://api.github.com/repos/StudioAsInc/android-synapse
3328191368,Java,Google_Jules,feat,https://github.com/JordanScarrott/BlockStacker/pull/7,https://api.github.com/repos/JordanScarrott/BlockStacker
3538896825,Java,Google_Jules,docs,https://github.com/StudioAsInc/android-synapse/pull/198,https://api.github.com/repos/StudioAsInc/android-synapse
3531545202,Java,Google_Jules,chore,https://github.com/teletha/walhalla/pull/2,https://api.github.com/repos/teletha/walhalla
3515250197,Java,Google_Jules,chore,https://github.com/lgalvao/sgc/pull/71,https://api.github.com/repos/lgalvao/sgc
3341640948,Java,Google_Jules,feat,https://github.com/Samrhan/Estivate/pull/5,https://api.github.com/repos/Samrhan/Estivate
3484680064,Java,Google_Jules,docs,https://github.com/Youss-elji/smart-microfactory-iot/pull/6,https://api.github.com/repos/Youss-elji/smart-microfactory-iot
3311732414,Java,Google_Jules,docs,https://github.com/eliseparadis/jules-onboarding/pull/2,https://api.github.com/repos/eliseparadis/jules-onboarding
3545418041,Java,Google_Jules,docs,https://github.com/Rinka-Sei/COMP-002-Java/pull/1,https://api.github.com/repos/Rinka-Sei/COMP-002-Java
3524099969,Java,Google_Jules,feat,https://github.com/adrielGGmotion/Chevstrap/pull/2,https://api.github.com/repos/adrielGGmotion/Chevstrap
3510069103,Java,Google_Jules,chore,https://github.com/Vassopoli/vassopolibot-telegram/pull/6,https://api.github.com/repos/Vassopoli/vassopolibot-telegram
3440190558,Java,Google_Jules,feat,https://github.com/StudioAsInc/android-synapse/pull/54,https://api.github.com/repos/StudioAsInc/android-synapse
3489924627,Java,Google_Jules,feat,https://github.com/Linux2010/Mineblock/pull/2,https://api.github.com/repos/Linux2010/Mineblock
3529047771,Java,Google_Jules,chore,https://github.com/StudioAsInc/android-synapse/pull/189,https://api.github.com/repos/StudioAsInc/android-synapse
3315886513,Java,Google_Jules,feat,https://github.com/joaokarllusMonteiro/jogo-do-numero-secreto/pull/1,https://api.github.com/repos/joaokarllusMonteiro/jogo-do-numero-secreto
3328413680,Java,Google_Jules,chore,https://github.com/rafaeldl/haval-app-tool-multimidia/pull/6,https://api.github.com/repos/rafaeldl/haval-app-tool-multimidia
3306724284,Java,Google_Jules,chore,https://github.com/w3canvas/javacanvas/pull/7,https://api.github.com/repos/w3canvas/javacanvas
3531295025,Java,Google_Jules,chore,https://github.com/imoil/auth-server-example/pull/2,https://api.github.com/repos/imoil/auth-server-example
3486867438,Java,Google_Jules,feat,https://github.com/syskantechnosoft/springboot-elk-demo/pull/1,https://api.github.com/repos/syskantechnosoft/springboot-elk-demo
3394649453,Java,Google_Jules,fix,https://github.com/IanMcNelly/maniacal-hunter/pull/8,https://api.github.com/repos/IanMcNelly/maniacal-hunter
3530431321,Java,Google_Jules,feat,https://github.com/sdyura/shithead/pull/16,https://api.github.com/repos/sdyura/shithead
3417759787,Java,Google_Jules,feat,https://github.com/pdheeraj99/Spring-Guide/pull/26,https://api.github.com/repos/pdheeraj99/Spring-Guide
3324089948,Java,Google_Jules,feat,https://github.com/w3canvas/javacanvas/pull/38,https://api.github.com/repos/w3canvas/javacanvas
3297693147,Java,Google_Jules,docs,https://github.com/jeffbeard/java-weather-agent/pull/12,https://api.github.com/repos/jeffbeard/java-weather-agent
3314612527,Java,Google_Jules,feat,https://github.com/TheDragonsCrafts/baritone/pull/2,https://api.github.com/repos/TheDragonsCrafts/baritone
3373723668,Java,Google_Jules,feat,https://github.com/malachi89/multi-api/pull/2,https://api.github.com/repos/malachi89/multi-api
3318787248,Java,Google_Jules,fix,https://github.com/endymuhardin/aplikasi-minibank/pull/1,https://api.github.com/repos/endymuhardin/aplikasi-minibank
3305048960,Java,Google_Jules,fix,https://github.com/lyam08888/Inkan/pull/2,https://api.github.com/repos/lyam08888/Inkan
3428185853,Java,Google_Jules,chore,https://github.com/kevinlin1/huskymaps/pull/9,https://api.github.com/repos/kevinlin1/huskymaps
3320318847,Java,Google_Jules,feat,https://github.com/w3canvas/javacanvas/pull/32,https://api.github.com/repos/w3canvas/javacanvas
3328650390,Java,Google_Jules,docs,https://github.com/JordanScarrott/Planet-Gravity-Game/pull/3,https://api.github.com/repos/JordanScarrott/Planet-Gravity-Game
3529268140,Java,Google_Jules,chore,https://github.com/lgalvao/sgc/pull/128,https://api.github.com/repos/lgalvao/sgc
3459930698,Java,Google_Jules,chore,https://github.com/StudioAsInc/android-synapse/pull/121,https://api.github.com/repos/StudioAsInc/android-synapse
3428190489,Java,Google_Jules,feat,https://github.com/kevinlin1/huskymaps/pull/11,https://api.github.com/repos/kevinlin1/huskymaps
3515238040,Java,Google_Jules,feat,https://github.com/StudioAsInc/android-synapse/pull/180,https://api.github.com/repos/StudioAsInc/android-synapse
3422609113,Java,Google_Jules,fix,https://github.com/StudioAsInc/android-synapse/pull/15,https://api.github.com/repos/StudioAsInc/android-synapse
3451059760,Java,Google_Jules,feat,https://github.com/arthow4n/week-number-android-widget/pull/4,https://api.github.com/repos/arthow4n/week-number-android-widget
3312225900,Java,Google_Jules,feat,https://github.com/mrKlar/DSCEnvisalink-BlueIris/pull/4,https://api.github.com/repos/mrKlar/DSCEnvisalink-BlueIris
3369858360,Java,Google_Jules,fix,https://github.com/misterballzach/chattyplus/pull/8,https://api.github.com/repos/misterballzach/chattyplus
3305359520,Java,Google_Jules,feat,https://github.com/mov2day/UnifiedTest/pull/3,https://api.github.com/repos/mov2day/UnifiedTest
3455730451,Java,Google_Jules,chore,https://github.com/Th3Ph4nt0mE2/warzone-matches/pull/5,https://api.github.com/repos/Th3Ph4nt0mE2/warzone-matches
3542178481,Java,Google_Jules,docs,https://github.com/lgalvao/sgc/pull/164,https://api.github.com/repos/lgalvao/sgc
3415178334,Java,Google_Jules,feat,https://github.com/pdheeraj99/Spring-Guide/pull/14,https://api.github.com/repos/pdheeraj99/Spring-Guide
3185291109,Java,Google_Jules,chore,https://github.com/Adexux96/jcraft-eoe/pull/16,https://api.github.com/repos/Adexux96/jcraft-eoe
3359914730,Java,Google_Jules,feat,https://github.com/selvester69/survery-demo/pull/6,https://api.github.com/repos/selvester69/survery-demo
3492933937,Java,Google_Jules,feat,https://github.com/lgalvao/sgc/pull/2,https://api.github.com/repos/lgalvao/sgc
3399423403,Java,Google_Jules,chore,https://github.com/kandhadaip/Lec4WtCalcDemo/pull/1,https://api.github.com/repos/kandhadaip/Lec4WtCalcDemo
3225422716,Java,Google_Jules,chore,https://github.com/hotpad100c/yetanothercarpetaddition/pull/22,https://api.github.com/repos/hotpad100c/yetanothercarpetaddition
3530482296,Java,Google_Jules,fix,https://github.com/lgalvao/sgc/pull/146,https://api.github.com/repos/lgalvao/sgc
3487027670,Java,OpenAI_Codex,fix,https://github.com/ahumadamob/springboot-smedico/pull/263,https://api.github.com/repos/ahumadamob/springboot-smedico
3165683791,Java,OpenAI_Codex,chore,https://github.com/electionresult/keyboardapp/pull/4,https://api.github.com/repos/electionresult/keyboardapp
3345412722,Java,OpenAI_Codex,feat,https://github.com/TomislavJardas/IIS_App/pull/2,https://api.github.com/repos/TomislavJardas/IIS_App
3346843390,Java,OpenAI_Codex,feat,https://github.com/ricardolamberti/tkm8/pull/57,https://api.github.com/repos/ricardolamberti/tkm8
3507254805,Java,OpenAI_Codex,chore,https://github.com/Occid3re/Chess-Engine/pull/553,https://api.github.com/repos/Occid3re/Chess-Engine
3401222644,Java,OpenAI_Codex,chore,https://github.com/Josu31506/astrafarma-backend/pull/15,https://api.github.com/repos/Josu31506/astrafarma-backend
3180784499,Java,OpenAI_Codex,chore,https://github.com/Dave99git/LidlSplit/pull/87,https://api.github.com/repos/Dave99git/LidlSplit
3525734534,Java,OpenAI_Codex,chore,https://github.com/phil0559/New1/pull/134,https://api.github.com/repos/phil0559/New1
3354913459,Java,OpenAI_Codex,chore,https://github.com/nguyennguyenle0009-stack/GameObject/pull/79,https://api.github.com/repos/nguyennguyenle0009-stack/GameObject
3089552197,Java,OpenAI_Codex,docs,https://github.com/OpenHFT/Chronicle-Threads/pull/296,https://api.github.com/repos/OpenHFT/Chronicle-Threads
3117438240,Java,OpenAI_Codex,fix,https://github.com/MetehanAltuner/kafka-integration/pull/1,https://api.github.com/repos/MetehanAltuner/kafka-integration
3261191131,Java,OpenAI_Codex,feat,https://github.com/bkoprivica/smarttel/pull/13,https://api.github.com/repos/bkoprivica/smarttel
3237928716,Java,OpenAI_Codex,chore,https://github.com/DiscordGoat/Continuity/pull/435,https://api.github.com/repos/DiscordGoat/Continuity
3531283843,Java,OpenAI_Codex,chore,https://github.com/Aero182/Necesse-Necromancer-Mod/pull/5,https://api.github.com/repos/Aero182/Necesse-Necromancer-Mod
3374709026,Java,OpenAI_Codex,feat,https://github.com/Krish2509/CourseService/pull/2,https://api.github.com/repos/Krish2509/CourseService
3125193476,Java,OpenAI_Codex,chore,https://github.com/ChrisvDalen/LockerCloud/pull/37,https://api.github.com/repos/ChrisvDalen/LockerCloud
3368735018,Java,OpenAI_Codex,chore,https://github.com/melasser22/newLms/pull/42,https://api.github.com/repos/melasser22/newLms
3347398406,Java,OpenAI_Codex,fix,https://github.com/benhook1013/FireMUD/pull/1631,https://api.github.com/repos/benhook1013/FireMUD
3349817311,Java,OpenAI_Codex,feat,https://github.com/G19MAU/SmartCalendar/pull/7,https://api.github.com/repos/G19MAU/SmartCalendar
3134402978,Java,OpenAI_Codex,feat,https://github.com/morihofi/certgine/pull/82,https://api.github.com/repos/morihofi/certgine
3125986326,Java,OpenAI_Codex,fix,https://github.com/glisa019/slotify-backend/pull/14,https://api.github.com/repos/glisa019/slotify-backend
3332401651,Java,OpenAI_Codex,fix,https://github.com/scanalesespinoza/eventflow/pull/376,https://api.github.com/repos/scanalesespinoza/eventflow
3134586765,Java,OpenAI_Codex,chore,https://github.com/ajdorfman93/ConstraintLayout/pull/2,https://api.github.com/repos/ajdorfman93/ConstraintLayout
3164955345,Java,OpenAI_Codex,fix,https://github.com/Sifan-Baissa/Inventory-Management-Application/pull/4,https://api.github.com/repos/Sifan-Baissa/Inventory-Management-Application
3469524846,Java,OpenAI_Codex,chore,https://github.com/CyberDay1/Origins-NeoTest/pull/9,https://api.github.com/repos/CyberDay1/Origins-NeoTest
3338945329,Java,OpenAI_Codex,feat,https://github.com/DeveloperNoShinigami/Eidolon-Unchained/pull/26,https://api.github.com/repos/DeveloperNoShinigami/Eidolon-Unchained
3318582863,Java,OpenAI_Codex,chore,https://github.com/69oskar69/ChessProgramm/pull/22,https://api.github.com/repos/69oskar69/ChessProgramm
3364444866,Java,OpenAI_Codex,feat,https://github.com/l4m4re/CanZE/pull/2,https://api.github.com/repos/l4m4re/CanZE
3379367008,Java,OpenAI_Codex,feat,https://github.com/Stirling-Tools/Stirling-PDF/pull/4365,https://api.github.com/repos/Stirling-Tools/Stirling-PDF
3484835100,Java,OpenAI_Codex,feat,https://github.com/saneeshvs/online_ticket_booking/pull/2,https://api.github.com/repos/saneeshvs/online_ticket_booking
3328452432,Java,OpenAI_Codex,fix,https://github.com/scanalesespinoza/eventflow/pull/351,https://api.github.com/repos/scanalesespinoza/eventflow
3527902451,Java,OpenAI_Codex,feat,https://github.com/OutlawTwinCoder/Outlaw-Minecraft-Bounty/pull/5,https://api.github.com/repos/OutlawTwinCoder/Outlaw-Minecraft-Bounty
3407218486,Java,OpenAI_Codex,feat,https://github.com/abdessamad-el/cbioportal/pull/2,https://api.github.com/repos/abdessamad-el/cbioportal
3390982237,Java,OpenAI_Codex,chore,https://github.com/scanalesespinoza/eventflow/pull/530,https://api.github.com/repos/scanalesespinoza/eventflow
3166408509,Java,OpenAI_Codex,feat,https://github.com/avigershon/flink-application/pull/2,https://api.github.com/repos/avigershon/flink-application
3276153839,Java,OpenAI_Codex,fix,https://github.com/Leznerr/mco2/pull/195,https://api.github.com/repos/Leznerr/mco2
3148429671,Java,OpenAI_Codex,chore,https://github.com/andinox/FDPUserStorageFederation/pull/38,https://api.github.com/repos/andinox/FDPUserStorageFederation
3348538962,Java,OpenAI_Codex,chore,https://github.com/xgeoff/PerstSon/pull/33,https://api.github.com/repos/xgeoff/PerstSon
3128346103,Java,OpenAI_Codex,feat,https://github.com/ARJUN300399/System_Design/pull/4,https://api.github.com/repos/ARJUN300399/System_Design
3147745278,Java,OpenAI_Codex,feat,https://github.com/Edwseth/clemen-integra-inventario/pull/24,https://api.github.com/repos/Edwseth/clemen-integra-inventario
3531762906,Java,OpenAI_Codex,chore,https://github.com/AlvaroLS01/server/pull/34,https://api.github.com/repos/AlvaroLS01/server
3235627209,Java,OpenAI_Codex,fix,https://github.com/nagisa77/OpenIsle/pull/225,https://api.github.com/repos/nagisa77/OpenIsle
3146966334,Java,OpenAI_Codex,fix,https://github.com/jdereg/java-util/pull/159,https://api.github.com/repos/jdereg/java-util
3491392050,Java,OpenAI_Codex,chore,https://github.com/Mrababa/SDNewReporting/pull/14,https://api.github.com/repos/Mrababa/SDNewReporting
3118767805,Java,OpenAI_Codex,chore,https://github.com/Veadro/launch/pull/24,https://api.github.com/repos/Veadro/launch
3490915115,Java,OpenAI_Codex,chore,https://github.com/AlvaroLS01/ncr/pull/60,https://api.github.com/repos/AlvaroLS01/ncr
3327741714,Java,OpenAI_Codex,feat,https://github.com/RecoTG/ShopMC/pull/28,https://api.github.com/repos/RecoTG/ShopMC
3458130979,Java,OpenAI_Codex,feat,https://github.com/deniskoome/African-Ludo/pull/2,https://api.github.com/repos/deniskoome/African-Ludo
3545191686,Java,OpenAI_Codex,chore,https://github.com/Flock-YT/WorldSafe/pull/9,https://api.github.com/repos/Flock-YT/WorldSafe
3464597278,Java,OpenAI_Codex,feat,https://github.com/sepa79/PocketHive/pull/227,https://api.github.com/repos/sepa79/PocketHive
3164004484,Java,OpenAI_Codex,fix,https://github.com/marcosvbarra/spring-basics/pull/2,https://api.github.com/repos/marcosvbarra/spring-basics
3271697674,Java,OpenAI_Codex,feat,https://github.com/DiscordGoat/Continuity/pull/551,https://api.github.com/repos/DiscordGoat/Continuity
3071439019,Java,OpenAI_Codex,feat,https://github.com/Eulmitron/Test/pull/10,https://api.github.com/repos/Eulmitron/Test
3439009093,Java,OpenAI_Codex,docs,https://github.com/kleash/recon-platform/pull/6,https://api.github.com/repos/kleash/recon-platform
3215717258,Java,OpenAI_Codex,fix,https://github.com/originalmagneto/autogram-macOS/pull/21,https://api.github.com/repos/originalmagneto/autogram-macOS
3461423359,Java,OpenAI_Codex,chore,https://github.com/tomashb/HeneriaLobby/pull/207,https://api.github.com/repos/tomashb/HeneriaLobby
3428087988,Java,OpenAI_Codex,fix,https://github.com/ddumaa/tracking_system/pull/1054,https://api.github.com/repos/ddumaa/tracking_system
3485290838,Java,OpenAI_Codex,chore,https://github.com/ta4j/ta4j/pull/1328,https://api.github.com/repos/ta4j/ta4j
3157790425,Java,OpenAI_Codex,chore,https://github.com/BerkanG2144/ass3/pull/9,https://api.github.com/repos/BerkanG2144/ass3
3245587179,Java,OpenAI_Codex,feat,https://github.com/Dmytro-Gidl/restaurant-spring-boot/pull/6,https://api.github.com/repos/Dmytro-Gidl/restaurant-spring-boot
3484046261,Java,OpenAI_Codex,feat,https://github.com/David120-passion/Monitor/pull/13,https://api.github.com/repos/David120-passion/Monitor
3382573077,Java,OpenAI_Codex,chore,https://github.com/Vadymxz8/Gym-Tracker/pull/7,https://api.github.com/repos/Vadymxz8/Gym-Tracker
3517182570,Java,OpenAI_Codex,chore,https://github.com/AlvaroLS01/server/pull/16,https://api.github.com/repos/AlvaroLS01/server
3151845352,Java,OpenAI_Codex,fix,https://github.com/STDevAndroid/Palindromo/pull/5,https://api.github.com/repos/STDevAndroid/Palindromo
3425925210,Java,OpenAI_Codex,feat,https://github.com/Occid3re/Chess-Engine/pull/155,https://api.github.com/repos/Occid3re/Chess-Engine
3543572298,Java,OpenAI_Codex,chore,https://github.com/Ca3de/WebTest/pull/9,https://api.github.com/repos/Ca3de/WebTest
3529529284,Java,OpenAI_Codex,chore,https://github.com/DiegoYegros/aratiri/pull/9,https://api.github.com/repos/DiegoYegros/aratiri
3371376027,Java,OpenAI_Codex,chore,https://github.com/hyodlee/testBatch/pull/239,https://api.github.com/repos/hyodlee/testBatch
3315935939,Java,OpenAI_Codex,chore,https://github.com/dinushay/PterodactylPowerAction/pull/17,https://api.github.com/repos/dinushay/PterodactylPowerAction
3257734110,Java,OpenAI_Codex,fix,https://github.com/TOlchawa/yapp/pull/248,https://api.github.com/repos/TOlchawa/yapp
3222754064,Java,OpenAI_Codex,docs,https://github.com/benhook1013/FireMUD/pull/607,https://api.github.com/repos/benhook1013/FireMUD
3473152419,Java,OpenAI_Codex,chore,https://github.com/ddumaa/tracking_system/pull/1130,https://api.github.com/repos/ddumaa/tracking_system
3262481900,Java,OpenAI_Codex,fix,https://github.com/proydq/platform-training2/pull/48,https://api.github.com/repos/proydq/platform-training2
3337482636,Java,OpenAI_Codex,chore,https://github.com/oltenu/cpu-simulator/pull/5,https://api.github.com/repos/oltenu/cpu-simulator
3505809018,Java,OpenAI_Codex,feat,https://github.com/aemmcpdev/OPENAISDK-AEMasCSSDK/pull/1,https://api.github.com/repos/aemmcpdev/OPENAISDK-AEMasCSSDK
3124059783,Java,OpenAI_Codex,chore,https://github.com/dev-innogent/Cordex-inno/pull/5,https://api.github.com/repos/dev-innogent/Cordex-inno
3544670496,Java,OpenAI_Codex,chore,https://github.com/musclebeaver/smartcane-api/pull/9,https://api.github.com/repos/musclebeaver/smartcane-api
3472425957,Java,OpenAI_Codex,feat,https://github.com/Occid3re/Chess-Engine/pull/403,https://api.github.com/repos/Occid3re/Chess-Engine
3256703129,Java,OpenAI_Codex,chore,https://github.com/ShotaroTsuji/spring-two-data-sources-example/pull/22,https://api.github.com/repos/ShotaroTsuji/spring-two-data-sources-example
3363559459,Java,OpenAI_Codex,chore,https://github.com/scanalesespinoza/eventflow/pull/467,https://api.github.com/repos/scanalesespinoza/eventflow
3451062090,Java,OpenAI_Codex,chore,https://github.com/worflor/woflo-petsplus-mod/pull/39,https://api.github.com/repos/worflor/woflo-petsplus-mod
3341767346,Java,OpenAI_Codex,docs,https://github.com/DeveloperNoShinigami/Eidolon-Unchained/pull/45,https://api.github.com/repos/DeveloperNoShinigami/Eidolon-Unchained
3123995108,Java,OpenAI_Codex,chore,https://github.com/topicfun/api-gw/pull/2,https://api.github.com/repos/topicfun/api-gw
3519993573,Java,OpenAI_Codex,feat,https://github.com/sunshaoxuan/bobmta/pull/207,https://api.github.com/repos/sunshaoxuan/bobmta
3335809872,Java,OpenAI_Codex,feat,https://github.com/bahramali/NFTBackend/pull/196,https://api.github.com/repos/bahramali/NFTBackend
3358330725,Java,OpenAI_Codex,feat,https://github.com/Min-Trees/backend-microservice-interview/pull/1,https://api.github.com/repos/Min-Trees/backend-microservice-interview
3310053075,Java,OpenAI_Codex,feat,https://github.com/DragonBaiMo/DrcomoCoreLib/pull/72,https://api.github.com/repos/DragonBaiMo/DrcomoCoreLib
3145956201,Java,OpenAI_Codex,feat,https://github.com/MaxBonas/Ordenamelas-anda/pull/2,https://api.github.com/repos/MaxBonas/Ordenamelas-anda
3339454608,Java,OpenAI_Codex,feat,https://github.com/eliel2107/DesafioTabelaFipeOracleOne/pull/24,https://api.github.com/repos/eliel2107/DesafioTabelaFipeOracleOne
3198846915,Java,OpenAI_Codex,chore,https://github.com/ham-33/lynx/pull/1,https://api.github.com/repos/ham-33/lynx
3176905087,Java,OpenAI_Codex,fix,https://github.com/AlphaCTX/Houses/pull/7,https://api.github.com/repos/AlphaCTX/Houses
3128701510,Java,OpenAI_Codex,feat,https://github.com/lauri0/dino-survival/pull/51,https://api.github.com/repos/lauri0/dino-survival
3437850436,Java,OpenAI_Codex,chore,https://github.com/JustBoyke/OpenAudioMc-WonderCraft/pull/9,https://api.github.com/repos/JustBoyke/OpenAudioMc-WonderCraft
3434575289,Java,OpenAI_Codex,chore,https://github.com/cheonsanghun/Matcha-Talk/pull/34,https://api.github.com/repos/cheonsanghun/Matcha-Talk
3279105614,Java,OpenAI_Codex,fix,https://github.com/MattYu12138/FullStackPractices/pull/8,https://api.github.com/repos/MattYu12138/FullStackPractices
3298936637,Java,OpenAI_Codex,fix,https://github.com/davestj/bthl-healthcare/pull/4,https://api.github.com/repos/davestj/bthl-healthcare
3391992438,Java,OpenAI_Codex,fix,https://github.com/melasser22/newLms/pull/345,https://api.github.com/repos/melasser22/newLms
3333163227,Java,OpenAI_Codex,chore,https://github.com/rremix1984/chess/pull/75,https://api.github.com/repos/rremix1984/chess
3331935339,Java,OpenAI_Codex,fix,https://github.com/Johnwickdev/backendforautobot/pull/31,https://api.github.com/repos/Johnwickdev/backendforautobot
3265175460,Java,OpenAI_Codex,chore,https://github.com/Ddemon26/2006Scape/pull/178,https://api.github.com/repos/Ddemon26/2006Scape
3515501219,Java,OpenAI_Codex,chore,https://github.com/AntoniRokitnicki/AdvancedExpressionFolding/pull/425,https://api.github.com/repos/AntoniRokitnicki/AdvancedExpressionFolding
3513739588,Java,OpenAI_Codex,fix,https://github.com/worflor/woflo-petsplus-mod/pull/145,https://api.github.com/repos/worflor/woflo-petsplus-mod
3257679648,Java,OpenAI_Codex,fix,https://github.com/davidanderson3/umls-2/pull/39,https://api.github.com/repos/davidanderson3/umls-2
3200624087,Java,OpenAI_Codex,feat,https://github.com/open4good/open4goods/pull/823,https://api.github.com/repos/open4good/open4goods
3216919972,Java,OpenAI_Codex,fix,https://github.com/Donj63000/CodyCalculatorDropTest/pull/9,https://api.github.com/repos/Donj63000/CodyCalculatorDropTest
3277082304,Java,OpenAI_Codex,chore,https://github.com/DeveloperNoShinigami/Pufferfish-Skill-Leveling/pull/14,https://api.github.com/repos/DeveloperNoShinigami/Pufferfish-Skill-Leveling
3448252708,Java,OpenAI_Codex,chore,https://github.com/echoTraum/KIT_Programming_SS25_Finals2/pull/12,https://api.github.com/repos/echoTraum/KIT_Programming_SS25_Finals2
3251538837,Java,OpenAI_Codex,chore,https://github.com/Ddemon26/2006Scape/pull/160,https://api.github.com/repos/Ddemon26/2006Scape
3224767282,Java,OpenAI_Codex,fix,https://github.com/benhook1013/FireMUD/pull/698,https://api.github.com/repos/benhook1013/FireMUD
3423005637,Java,OpenAI_Codex,fix,https://github.com/sepa79/PocketHive/pull/165,https://api.github.com/repos/sepa79/PocketHive
3521837551,Java,OpenAI_Codex,feat,https://github.com/phil0559/New1/pull/121,https://api.github.com/repos/phil0559/New1
3147019387,Java,OpenAI_Codex,fix,https://github.com/vicvalentim/ziviDomeLive/pull/3,https://api.github.com/repos/vicvalentim/ziviDomeLive
3528709633,Java,OpenAI_Codex,chore,https://github.com/melasser22/newLms/pull/938,https://api.github.com/repos/melasser22/newLms
3294810499,Java,OpenAI_Codex,feat,https://github.com/xGabou/Project-Atmosphere/pull/16,https://api.github.com/repos/xGabou/Project-Atmosphere
3527885523,Java,OpenAI_Codex,chore,https://github.com/Hoppy-days/Fabric-Garden-King-Mod-1.20.1/pull/357,https://api.github.com/repos/Hoppy-days/Fabric-Garden-King-Mod-1.20.1
3095168519,Java,OpenAI_Codex,feat,https://github.com/OpenHFT/JLBH/pull/170,https://api.github.com/repos/OpenHFT/JLBH
3351807117,Java,OpenAI_Codex,fix,https://github.com/nguyennguyenle0009-stack/GameObject/pull/51,https://api.github.com/repos/nguyennguyenle0009-stack/GameObject
3498629870,Java,OpenAI_Codex,feat,https://github.com/melasser22/newLms/pull/870,https://api.github.com/repos/melasser22/newLms
3183050905,Java,OpenAI_Codex,feat,https://github.com/ddumaa/tracking_system/pull/489,https://api.github.com/repos/ddumaa/tracking_system
3390571273,Java,OpenAI_Codex,feat,https://github.com/xavelo/template-api-render/pull/27,https://api.github.com/repos/xavelo/template-api-render
3190023745,Java,OpenAI_Codex,feat,https://github.com/offeck/JavaTutorial/pull/3,https://api.github.com/repos/offeck/JavaTutorial
3105112613,Java,OpenAI_Codex,fix,https://github.com/gitlabzz/xml-to-json-transformer-service/pull/15,https://api.github.com/repos/gitlabzz/xml-to-json-transformer-service
3336627054,Java,OpenAI_Codex,chore,https://github.com/amannm/mcp/pull/993,https://api.github.com/repos/amannm/mcp
3386747037,Java,OpenAI_Codex,chore,https://github.com/JhonHerrera30/AetherSense/pull/16,https://api.github.com/repos/JhonHerrera30/AetherSense
3369501875,Java,OpenAI_Codex,feat,https://github.com/rbilleci/boxy/pull/88,https://api.github.com/repos/rbilleci/boxy
3325030115,Java,OpenAI_Codex,feat,https://github.com/katassyn/FishingPlugin/pull/30,https://api.github.com/repos/katassyn/FishingPlugin
3120131960,Java,OpenAI_Codex,chore,https://github.com/SaeS63T/saes6/pull/9,https://api.github.com/repos/SaeS63T/saes6
3184241428,Java,OpenAI_Codex,feat,https://github.com/lennartmoeller/Finance/pull/28,https://api.github.com/repos/lennartmoeller/Finance
3257936930,Java,OpenAI_Codex,chore,https://github.com/brendap21/Java-Rubik-Cube/pull/39,https://api.github.com/repos/brendap21/Java-Rubik-Cube
3254681854,Java,OpenAI_Codex,chore,https://github.com/nagisa77/OpenIsle/pull/250,https://api.github.com/repos/nagisa77/OpenIsle
3487395039,Java,OpenAI_Codex,feat,https://github.com/karththiga/resort-app/pull/27,https://api.github.com/repos/karththiga/resort-app
3534516261,Java,OpenAI_Codex,feat,https://github.com/Kizunad/ChestCavityForge/pull/242,https://api.github.com/repos/Kizunad/ChestCavityForge
3117882606,Java,OpenAI_Codex,chore,https://github.com/Lotrax/prime/pull/1,https://api.github.com/repos/Lotrax/prime
3461674520,Java,OpenAI_Codex,fix,https://github.com/open4good/open4goods/pull/1367,https://api.github.com/repos/open4good/open4goods
3453361860,Java,OpenAI_Codex,chore,https://github.com/melasser22/newLms/pull/429,https://api.github.com/repos/melasser22/newLms
3266120150,Java,OpenAI_Codex,feat,https://github.com/ddumaa/tracking_system/pull/796,https://api.github.com/repos/ddumaa/tracking_system
3211607620,Java,OpenAI_Codex,chore,https://github.com/msamia/rrhh/pull/197,https://api.github.com/repos/msamia/rrhh
3150312863,Java,OpenAI_Codex,docs,https://github.com/marakasu-00/legacymodloader/pull/3,https://api.github.com/repos/marakasu-00/legacymodloader
3307612455,Java,OpenAI_Codex,feat,https://github.com/gamavin/organic-maps-ride/pull/71,https://api.github.com/repos/gamavin/organic-maps-ride
3446451328,Java,OpenAI_Codex,chore,https://github.com/Occid3re/Chess-Engine/pull/251,https://api.github.com/repos/Occid3re/Chess-Engine
3238226487,Java,OpenAI_Codex,feat,https://github.com/geravillarreal/AsesorMatchApp/pull/36,https://api.github.com/repos/geravillarreal/AsesorMatchApp
3474217066,Java,OpenAI_Codex,feat,https://github.com/ahumadamob/springboot-calificaciones/pull/182,https://api.github.com/repos/ahumadamob/springboot-calificaciones
3232284886,Java,OpenAI_Codex,chore,https://github.com/deanOfWalls/otel-test/pull/14,https://api.github.com/repos/deanOfWalls/otel-test
3286045991,Java,OpenAI_Codex,feat,https://github.com/amannm/mcp/pull/549,https://api.github.com/repos/amannm/mcp
3329850333,Java,OpenAI_Codex,chore,https://github.com/rremix1984/chess/pull/45,https://api.github.com/repos/rremix1984/chess
3370655022,Java,OpenAI_Codex,feat,https://github.com/sepa79/PocketHive/pull/25,https://api.github.com/repos/sepa79/PocketHive
3103340099,Java,OpenAI_Codex,docs,https://github.com/OpenHFT/Chronicle-Wire/pull/1085,https://api.github.com/repos/OpenHFT/Chronicle-Wire
3159701075,Java,OpenAI_Codex,feat,https://github.com/PlayerReadyPortsmouth/readycraft-minigames/pull/18,https://api.github.com/repos/PlayerReadyPortsmouth/readycraft-minigames
3117631584,Java,OpenAI_Codex,feat,https://github.com/Checcolino1312/biblioteca/pull/1,https://api.github.com/repos/Checcolino1312/biblioteca
3403688198,Java,OpenAI_Codex,chore,https://github.com/Occid3re/Chess-Engine/pull/72,https://api.github.com/repos/Occid3re/Chess-Engine
3257675185,Java,OpenAI_Codex,feat,https://github.com/piotr-gorczynski/Soccer/pull/113,https://api.github.com/repos/piotr-gorczynski/Soccer
3436843708,Java,OpenAI_Codex,fix,https://github.com/tomashb/HeneriaLobby/pull/40,https://api.github.com/repos/tomashb/HeneriaLobby
3226521747,Java,OpenAI_Codex,chore,https://github.com/d-clarest/Eclipse_task/pull/181,https://api.github.com/repos/d-clarest/Eclipse_task
3503873963,Java,OpenAI_Codex,docs,https://github.com/ls1intum/Hephaestus/pull/497,https://api.github.com/repos/ls1intum/Hephaestus
3184008769,Java,OpenAI_Codex,chore,https://github.com/aix-17/Telegram/pull/5,https://api.github.com/repos/aix-17/Telegram
3190870751,Java,OpenAI_Codex,fix,https://github.com/nagisa77/OpenIsle/pull/32,https://api.github.com/repos/nagisa77/OpenIsle
3513020785,Java,OpenAI_Codex,chore,https://github.com/phil0559/New1/pull/29,https://api.github.com/repos/phil0559/New1
3349125119,Java,OpenAI_Codex,fix,https://github.com/benhook1013/FireMUD/pull/1691,https://api.github.com/repos/benhook1013/FireMUD
3310100512,Java,OpenAI_Codex,feat,https://github.com/georgisab/testframework/pull/4,https://api.github.com/repos/georgisab/testframework
3233301161,Java,OpenAI_Codex,feat,https://github.com/lauri0/mesozoic-arena/pull/44,https://api.github.com/repos/lauri0/mesozoic-arena
3319011337,Java,OpenAI_Codex,chore,https://github.com/leonarduk/unison/pull/191,https://api.github.com/repos/leonarduk/unison
3073592919,Java,OpenAI_Codex,chore,https://github.com/xpinjection/test-driven-spring-boot/pull/10,https://api.github.com/repos/xpinjection/test-driven-spring-boot
3485039840,Java,OpenAI_Codex,fix,https://github.com/wexyzYT/urach-1.21.9/pull/1,https://api.github.com/repos/wexyzYT/urach-1.21.9
3305472879,Java,OpenAI_Codex,chore,https://github.com/accentureshark/mentor/pull/38,https://api.github.com/repos/accentureshark/mentor
3438270723,Java,OpenAI_Codex,feat,https://github.com/jwoglom/pumpX2/pull/18,https://api.github.com/repos/jwoglom/pumpX2
3374731880,Java,OpenAI_Codex,chore,https://github.com/GuyRichardib/EW2_LIBRARY/pull/3,https://api.github.com/repos/GuyRichardib/EW2_LIBRARY
3308093591,Java,OpenAI_Codex,feat,https://github.com/xGabou/Project-Atmosphere/pull/31,https://api.github.com/repos/xGabou/Project-Atmosphere
3117801521,Java,OpenAI_Codex,feat,https://github.com/Ayan556/CopyofGame/pull/9,https://api.github.com/repos/Ayan556/CopyofGame
3361523937,Java,OpenAI_Codex,fix,https://github.com/scanalesespinoza/eventflow/pull/462,https://api.github.com/repos/scanalesespinoza/eventflow
3497128215,Java,OpenAI_Codex,docs,https://github.com/alexandervivas/personal-banking-be-java/pull/58,https://api.github.com/repos/alexandervivas/personal-banking-be-java
3484707970,Java,OpenAI_Codex,fix,https://github.com/pgxxhh/vibecoding-jobsearch/pull/53,https://api.github.com/repos/pgxxhh/vibecoding-jobsearch
3245099013,Java,OpenAI_Codex,feat,https://github.com/eightman999/UN-GO/pull/11,https://api.github.com/repos/eightman999/UN-GO
3266764275,Java,OpenAI_Codex,chore,https://github.com/Leznerr/mco2/pull/104,https://api.github.com/repos/Leznerr/mco2
3127447237,Java,OpenAI_Codex,feat,https://github.com/coileachrua/financial-destination/pull/14,https://api.github.com/repos/coileachrua/financial-destination
3206811792,Java,OpenAI_Codex,fix,https://github.com/lauri0/dino-survival/pull/202,https://api.github.com/repos/lauri0/dino-survival
3540998041,Java,OpenAI_Codex,chore,https://github.com/Kizunad/ChestCavityForge/pull/273,https://api.github.com/repos/Kizunad/ChestCavityForge
3484074966,Java,OpenAI_Codex,feat,https://github.com/platemate87/L5/pull/75,https://api.github.com/repos/platemate87/L5
3386722437,Java,OpenAI_Codex,feat,https://github.com/hyodlee/testBatch/pull/265,https://api.github.com/repos/hyodlee/testBatch
3223753581,Java,OpenAI_Codex,feat,https://github.com/benhook1013/FireMUD/pull/671,https://api.github.com/repos/benhook1013/FireMUD
3505625623,Java,OpenAI_Codex,chore,https://github.com/Vasquez86/neos-myrsync/pull/29,https://api.github.com/repos/Vasquez86/neos-myrsync
3088698140,Java,OpenAI_Codex,chore,https://github.com/R3D-R4V3N/ITConference2025/pull/15,https://api.github.com/repos/R3D-R4V3N/ITConference2025
3298578982,Java,OpenAI_Codex,chore,https://github.com/rafaelfrugoli/teste4h11/pull/1,https://api.github.com/repos/rafaelfrugoli/teste4h11
3128748233,Java,OpenAI_Codex,fix,https://github.com/AlertaSp/Java-MVC-Admin/pull/11,https://api.github.com/repos/AlertaSp/Java-MVC-Admin
3252062479,Java,OpenAI_Codex,feat,https://github.com/ShotaroTsuji/spring-two-data-sources-example/pull/5,https://api.github.com/repos/ShotaroTsuji/spring-two-data-sources-example
3088279741,Java,OpenAI_Codex,docs,https://github.com/OpenHFT/Chronicle-Logger/pull/164,https://api.github.com/repos/OpenHFT/Chronicle-Logger
3530585711,Java,OpenAI_Codex,chore,https://github.com/Thunderrock424242/Tick-Tok-lib/pull/5,https://api.github.com/repos/Thunderrock424242/Tick-Tok-lib
3445699933,Java,OpenAI_Codex,chore,https://github.com/genzitizens/TaskManagement-Backend/pull/21,https://api.github.com/repos/genzitizens/TaskManagement-Backend
3173553570,Java,OpenAI_Codex,chore,https://github.com/alessandroilprogrammatore/fittrack/pull/2,https://api.github.com/repos/alessandroilprogrammatore/fittrack
3185709026,Java,OpenAI_Codex,fix,https://github.com/xshift007/karting_final/pull/9,https://api.github.com/repos/xshift007/karting_final
3489215765,Java,OpenAI_Codex,docs,https://github.com/SleazLee/ProCosmetics/pull/7,https://api.github.com/repos/SleazLee/ProCosmetics
3103017013,Java,OpenAI_Codex,docs,https://github.com/OpenHFT/Chronicle-Wire/pull/1032,https://api.github.com/repos/OpenHFT/Chronicle-Wire
3433937644,Java,OpenAI_Codex,feat,https://github.com/jmgilet-svg/gestion-materiel-globale/pull/96,https://api.github.com/repos/jmgilet-svg/gestion-materiel-globale
3505574657,Java,OpenAI_Codex,chore,https://github.com/baccaristic/foodify-server/pull/37,https://api.github.com/repos/baccaristic/foodify-server
3265506119,Java,OpenAI_Codex,fix,https://github.com/ddumaa/tracking_system/pull/783,https://api.github.com/repos/ddumaa/tracking_system
3438944366,Java,OpenAI_Codex,chore,https://github.com/haedonk/recipeAI/pull/14,https://api.github.com/repos/haedonk/recipeAI
3264958797,Java,OpenAI_Codex,chore,https://github.com/brendap21/Java-Rubik-Cube/pull/71,https://api.github.com/repos/brendap21/Java-Rubik-Cube
3383045973,Java,OpenAI_Codex,docs,https://github.com/marinasundstrom/MyServiceBus/pull/120,https://api.github.com/repos/marinasundstrom/MyServiceBus
3438664482,Java,OpenAI_Codex,chore,https://github.com/booletech/apijuliojubilado/pull/6,https://api.github.com/repos/booletech/apijuliojubilado
3249720532,Java,OpenAI_Codex,feat,https://github.com/ryhofix/DialiTrack/pull/7,https://api.github.com/repos/ryhofix/DialiTrack
3531943022,Java,OpenAI_Codex,docs,https://github.com/Kizunad/ChestCavityForge/pull/213,https://api.github.com/repos/Kizunad/ChestCavityForge
3135966498,Java,OpenAI_Codex,chore,https://github.com/arvynopl/care-monitor/pull/16,https://api.github.com/repos/arvynopl/care-monitor
3085176291,Java,OpenAI_Codex,fix,https://github.com/mmoayyed/cas/pull/624,https://api.github.com/repos/mmoayyed/cas
3289464187,Java,OpenAI_Codex,chore,https://github.com/nagisa77/OpenIsle/pull/369,https://api.github.com/repos/nagisa77/OpenIsle
3237847340,Java,OpenAI_Codex,feat,https://github.com/Thunderrock424242/Wilderness-Odyssey-API/pull/15,https://api.github.com/repos/Thunderrock424242/Wilderness-Odyssey-API
3214843389,Java,OpenAI_Codex,docs,https://github.com/benhook1013/FireMUD/pull/410,https://api.github.com/repos/benhook1013/FireMUD
3490451615,Java,OpenAI_Codex,feat,https://github.com/open4good/open4goods/pull/1495,https://api.github.com/repos/open4good/open4goods
3306272673,Java,OpenAI_Codex,chore,https://github.com/santhoshalpha/juspay-preparation/pull/5,https://api.github.com/repos/santhoshalpha/juspay-preparation
3243921432,Java,OpenAI_Codex,chore,https://github.com/ddumaa/tracking_system/pull/632,https://api.github.com/repos/ddumaa/tracking_system
3423212725,Java,OpenAI_Codex,fix,https://github.com/ferlicio/Optimanage-Backend/pull/142,https://api.github.com/repos/ferlicio/Optimanage-Backend
3206157697,Java,OpenAI_Codex,feat,https://github.com/Ddemon26/2006Scape/pull/97,https://api.github.com/repos/Ddemon26/2006Scape
3530187217,Java,OpenAI_Codex,chore,https://github.com/alphaZytx/Banking-System/pull/13,https://api.github.com/repos/alphaZytx/Banking-System
3180842218,Java,OpenAI_Codex,chore,https://github.com/Dave99git/LidlSplit/pull/91,https://api.github.com/repos/Dave99git/LidlSplit
3455381410,Java,OpenAI_Codex,feat,https://github.com/worflor/woflo-petsplus-mod/pull/48,https://api.github.com/repos/worflor/woflo-petsplus-mod
3301401514,Java,OpenAI_Codex,chore,https://github.com/Madhurimadhav/sonar-cryptography/pull/10,https://api.github.com/repos/Madhurimadhav/sonar-cryptography
3117595152,Java,OpenAI_Codex,chore,https://github.com/CesarAugustusGroB/PriceApp/pull/9,https://api.github.com/repos/CesarAugustusGroB/PriceApp
3345692173,Java,OpenAI_Codex,chore,https://github.com/ricardolamberti/tkm8/pull/53,https://api.github.com/repos/ricardolamberti/tkm8
3324863897,Java,OpenAI_Codex,feat,https://github.com/katassyn/FishingPlugin/pull/22,https://api.github.com/repos/katassyn/FishingPlugin
3155070844,Java,OpenAI_Codex,chore,https://github.com/otondonicolasDaVinci/aike-api/pull/14,https://api.github.com/repos/otondonicolasDaVinci/aike-api
3164105921,Java,OpenAI_Codex,fix,https://github.com/ScherbakovMike/gree-airconditioner-rest/pull/1,https://api.github.com/repos/ScherbakovMike/gree-airconditioner-rest
3194586728,Java,OpenAI_Codex,fix,https://github.com/mgubran1/PayrollDev/pull/22,https://api.github.com/repos/mgubran1/PayrollDev
3333405884,Java,OpenAI_Codex,fix,https://github.com/tomashb/HeneriaBW/pull/62,https://api.github.com/repos/tomashb/HeneriaBW
3472801006,Java,OpenAI_Codex,chore,https://github.com/nurkert/porticle-gun/pull/6,https://api.github.com/repos/nurkert/porticle-gun
3438714822,Java,OpenAI_Codex,chore,https://github.com/Toni-cafeyn/euphonium/pull/2,https://api.github.com/repos/Toni-cafeyn/euphonium
3105361852,Java,OpenAI_Codex,fix,https://github.com/gitlabzz/xml-to-json-transformer-service/pull/34,https://api.github.com/repos/gitlabzz/xml-to-json-transformer-service
3464100046,Java,OpenAI_Codex,chore,https://github.com/zhengxindi1231-cloud/my-repo/pull/2,https://api.github.com/repos/zhengxindi1231-cloud/my-repo
3538550453,Java,OpenAI_Codex,chore,https://github.com/mikocchi2/NJT/pull/12,https://api.github.com/repos/mikocchi2/NJT
3276204869,Java,OpenAI_Codex,chore,https://github.com/amannm/mcp/pull/343,https://api.github.com/repos/amannm/mcp
3531329233,Java,OpenAI_Codex,chore,https://github.com/melasser22/newLms/pull/987,https://api.github.com/repos/melasser22/newLms
3251541873,Java,OpenAI_Codex,feat,https://github.com/robertxi01/testingagain/pull/1,https://api.github.com/repos/robertxi01/testingagain
3347985287,Java,OpenAI_Codex,fix,https://github.com/nguyennguyenle0009-stack/GameObject/pull/15,https://api.github.com/repos/nguyennguyenle0009-stack/GameObject
3307288280,Java,OpenAI_Codex,chore,https://github.com/benhook1013/FireMUD/pull/1529,https://api.github.com/repos/benhook1013/FireMUD
3225845371,Java,OpenAI_Codex,feat,https://github.com/TaylorChyi/glancy-backend/pull/61,https://api.github.com/repos/TaylorChyi/glancy-backend
3455810186,Java,OpenAI_Codex,feat,https://github.com/kavindufer/festivo/pull/1,https://api.github.com/repos/kavindufer/festivo
3223559156,Java,OpenAI_Codex,feat,https://github.com/mrpeachy1/It_Follows/pull/5,https://api.github.com/repos/mrpeachy1/It_Follows
3427900741,Java,OpenAI_Codex,chore,https://github.com/Hoppy-days/Fabric-Garden-King-Mod-1.20.1/pull/12,https://api.github.com/repos/Hoppy-days/Fabric-Garden-King-Mod-1.20.1
3127971167,Java,OpenAI_Codex,chore,https://github.com/Feedbaek/JHP-World/pull/10,https://api.github.com/repos/Feedbaek/JHP-World
3412433261,Java,OpenAI_Codex,feat,https://github.com/LilxAbeTT/Biblio/pull/2,https://api.github.com/repos/LilxAbeTT/Biblio
3300096732,Java,OpenAI_Codex,chore,https://github.com/accentureshark/mentor/pull/35,https://api.github.com/repos/accentureshark/mentor
3493848067,Java,OpenAI_Codex,chore,https://github.com/R0SEWT/Vocatio-backend/pull/6,https://api.github.com/repos/R0SEWT/Vocatio-backend
3500297592,Java,OpenAI_Codex,chore,https://github.com/CyberDay1/Applied-Energistics-2-test/pull/134,https://api.github.com/repos/CyberDay1/Applied-Energistics-2-test
3542805377,Java,OpenAI_Codex,feat,https://github.com/hotlinemc/pathmind/pull/42,https://api.github.com/repos/hotlinemc/pathmind
3354277608,Java,OpenAI_Codex,feat,https://github.com/lyhoainamm/DangKi/pull/5,https://api.github.com/repos/lyhoainamm/DangKi
3327789047,Java,OpenAI_Codex,fix,https://github.com/dylanS0811/novel_backend/pull/13,https://api.github.com/repos/dylanS0811/novel_backend
3479638291,Java,OpenAI_Codex,feat,https://github.com/sunshaoxuan/bobmta/pull/175,https://api.github.com/repos/sunshaoxuan/bobmta
3274430755,Java,OpenAI_Codex,chore,https://github.com/amannm/mcp/pull/133,https://api.github.com/repos/amannm/mcp
3208304922,Java,OpenAI_Codex,feat,https://github.com/lauri0/dino-survival/pull/248,https://api.github.com/repos/lauri0/dino-survival
3286316610,Java,OpenAI_Codex,fix,https://github.com/DcMnh/Web-Assignment2/pull/2,https://api.github.com/repos/DcMnh/Web-Assignment2
3488858208,Java,OpenAI_Codex,fix,https://github.com/SleazLee/ProCosmetics/pull/6,https://api.github.com/repos/SleazLee/ProCosmetics
3119670534,Java,OpenAI_Codex,chore,https://github.com/xshift007/karting_ms/pull/3,https://api.github.com/repos/xshift007/karting_ms
3124922646,Java,OpenAI_Codex,fix,https://github.com/gabriel-lucas-a-silva/feign-client-exception-handling/pull/1,https://api.github.com/repos/gabriel-lucas-a-silva/feign-client-exception-handling
3346325973,Java,OpenAI_Codex,chore,https://github.com/nagisa77/OpenIsle/pull/707,https://api.github.com/repos/nagisa77/OpenIsle
3268574107,Java,OpenAI_Codex,chore,https://github.com/pavswag/317-Server/pull/3,https://api.github.com/repos/pavswag/317-Server
3532883987,Java,OpenAI_Codex,chore,https://github.com/SleazLee/BMEssentials/pull/52,https://api.github.com/repos/SleazLee/BMEssentials
3435487277,Java,OpenAI_Codex,fix,https://github.com/tomashb/HeneriaLobby/pull/27,https://api.github.com/repos/tomashb/HeneriaLobby
3417828778,Java,OpenAI_Codex,feat,https://github.com/JhonHerrera30/AetherSense/pull/33,https://api.github.com/repos/JhonHerrera30/AetherSense
3291465641,Java,OpenAI_Codex,feat,https://github.com/dancoLgh/facturaVirtual/pull/1,https://api.github.com/repos/dancoLgh/facturaVirtual
3511220953,Java,OpenAI_Codex,feat,https://github.com/phil0559/New1/pull/11,https://api.github.com/repos/phil0559/New1
3107801268,Java,OpenAI_Codex,docs,https://github.com/OpenHFT/Chronicle-Wire/pull/1105,https://api.github.com/repos/OpenHFT/Chronicle-Wire
3319739095,Java,OpenAI_Codex,fix,https://github.com/ricardolamberti/tkm8/pull/33,https://api.github.com/repos/ricardolamberti/tkm8
3531046415,Java,OpenAI_Codex,chore,https://github.com/Kizunad/ChestCavityForge/pull/207,https://api.github.com/repos/Kizunad/ChestCavityForge
3541450841,Java,OpenAI_Codex,feat,https://github.com/CyberDay1/FTBQuestExternalApp/pull/57,https://api.github.com/repos/CyberDay1/FTBQuestExternalApp
3494828475,Java,OpenAI_Codex,feat,https://github.com/ygmpkk/code-semi-graph/pull/8,https://api.github.com/repos/ygmpkk/code-semi-graph
3306264300,Java,OpenAI_Codex,chore,https://github.com/scanalesespinoza/eventflow/pull/166,https://api.github.com/repos/scanalesespinoza/eventflow
3438569119,Java,OpenAI_Codex,chore,https://github.com/MinCore-Dev/MinCore/pull/7,https://api.github.com/repos/MinCore-Dev/MinCore
3331536926,Java,OpenAI_Codex,chore,https://github.com/gamavin/organic-maps-ride/pull/143,https://api.github.com/repos/gamavin/organic-maps-ride
3294690642,Java,OpenAI_Codex,fix,https://github.com/ddumaa/tracking_system/pull/851,https://api.github.com/repos/ddumaa/tracking_system
3341556355,Java,OpenAI_Codex,feat,https://github.com/Ablecisi/AILoveBacked/pull/1,https://api.github.com/repos/Ablecisi/AILoveBacked
3489761516,Java,OpenAI_Codex,feat,https://github.com/HomeDeveloperTech/my_processor/pull/8,https://api.github.com/repos/HomeDeveloperTech/my_processor
3135291888,Java,OpenAI_Codex,fix,https://github.com/Tuan24455/Swp_ver4/pull/3,https://api.github.com/repos/Tuan24455/Swp_ver4
3389454775,Java,OpenAI_Codex,fix,https://github.com/Eljah/hamstersgame/pull/43,https://api.github.com/repos/Eljah/hamstersgame
3540953940,Java,OpenAI_Codex,fix,https://github.com/DGPOCs/opentelemetry-template-springboot/pull/4,https://api.github.com/repos/DGPOCs/opentelemetry-template-springboot
3179565529,Java,OpenAI_Codex,feat,https://github.com/ddumaa/tracking_system/pull/450,https://api.github.com/repos/ddumaa/tracking_system
3493707142,Java,OpenAI_Codex,feat,https://github.com/prezdev88/codex-tests/pull/5,https://api.github.com/repos/prezdev88/codex-tests
3118873149,Java,OpenAI_Codex,fix,https://github.com/MetricsHub/jawk/pull/273,https://api.github.com/repos/MetricsHub/jawk
3483809100,Java,OpenAI_Codex,chore,https://github.com/Pectics/ParasiteSQL/pull/1,https://api.github.com/repos/Pectics/ParasiteSQL
3150699806,Java,OpenAI_Codex,chore,https://github.com/hmislk/xl-200/pull/14,https://api.github.com/repos/hmislk/xl-200
3239590542,Java,OpenAI_Codex,fix,https://github.com/whereareiam/Socialismus/pull/132,https://api.github.com/repos/whereareiam/Socialismus
3479339653,Java,OpenAI_Codex,chore,https://github.com/SsilensioCrafter/EliteLogs/pull/8,https://api.github.com/repos/SsilensioCrafter/EliteLogs
3122587506,Java,OpenAI_Codex,feat,https://github.com/harish-kunta/Cognify/pull/4,https://api.github.com/repos/harish-kunta/Cognify
3498032304,Java,OpenAI_Codex,chore,https://github.com/Hoppy-days/Fabric-Garden-King-Mod-1.20.1/pull/215,https://api.github.com/repos/Hoppy-days/Fabric-Garden-King-Mod-1.20.1
3161251509,Java,OpenAI_Codex,feat,https://github.com/myfear/equi-scheduler/pull/9,https://api.github.com/repos/myfear/equi-scheduler
3276940596,Java,OpenAI_Codex,chore,https://github.com/amannm/mcp/pull/429,https://api.github.com/repos/amannm/mcp
3360418691,Java,OpenAI_Codex,feat,https://github.com/Leon210519/MeinePlugins/pull/144,https://api.github.com/repos/Leon210519/MeinePlugins
3251751022,Java,OpenAI_Codex,chore,https://github.com/proydq/Beijing-Language-and-Culture-University3/pull/5,https://api.github.com/repos/proydq/Beijing-Language-and-Culture-University3
3474064740,Java,OpenAI_Codex,fix,https://github.com/tomashb/HeneriaLobby/pull/256,https://api.github.com/repos/tomashb/HeneriaLobby
3517779989,Java,OpenAI_Codex,chore,https://github.com/edigonzales/ili2c/pull/21,https://api.github.com/repos/edigonzales/ili2c
3116751771,Java,OpenAI_Codex,feat,https://github.com/sertacguler1/FinanceApp/pull/1,https://api.github.com/repos/sertacguler1/FinanceApp
3431148134,Java,OpenAI_Codex,feat,https://github.com/nguyennguyenle0009-stack/vq/pull/3,https://api.github.com/repos/nguyennguyenle0009-stack/vq
3161574503,Java,OpenAI_Codex,feat,https://github.com/jdereg/java-util/pull/335,https://api.github.com/repos/jdereg/java-util
3340253833,Java,OpenAI_Codex,feat,https://github.com/AsyncTI4/TI4_map_generator_bot/pull/3543,https://api.github.com/repos/AsyncTI4/TI4_map_generator_bot
3500475931,Java,OpenAI_Codex,fix,https://github.com/Vasquez86/neos-myrsync/pull/18,https://api.github.com/repos/Vasquez86/neos-myrsync
3165427433,Java,OpenAI_Codex,feat,https://github.com/manimod7/sdeLearnings/pull/9,https://api.github.com/repos/manimod7/sdeLearnings
3374164283,Java,OpenAI_Codex,fix,https://github.com/pavswag/317-Server/pull/91,https://api.github.com/repos/pavswag/317-Server
3200691043,Java,OpenAI_Codex,fix,https://github.com/axyl-casc/RobocodePythonRelay/pull/3,https://api.github.com/repos/axyl-casc/RobocodePythonRelay
3201128695,Java,OpenAI_Codex,chore,https://github.com/JP-Estudante/Garudo-Pago/pull/17,https://api.github.com/repos/JP-Estudante/Garudo-Pago
3125454164,Java,OpenAI_Codex,fix,https://github.com/MetricsHub/jawk/pull/282,https://api.github.com/repos/MetricsHub/jawk
3515239667,Java,OpenAI_Codex,docs,https://github.com/sunnypatell/KnifeThrow/pull/1,https://api.github.com/repos/sunnypatell/KnifeThrow
3255866205,Java,OpenAI_Codex,fix,https://github.com/QuantumFluxAlgo/crypto-arbitrage/pull/132,https://api.github.com/repos/QuantumFluxAlgo/crypto-arbitrage
3286380556,Java,OpenAI_Codex,feat,https://github.com/DcMnh/Web-Assignment2/pull/4,https://api.github.com/repos/DcMnh/Web-Assignment2
3335308993,Java,OpenAI_Codex,feat,https://github.com/DeveloperNoShinigami/Eidolon-Unchained/pull/8,https://api.github.com/repos/DeveloperNoShinigami/Eidolon-Unchained
3547681682,Java,OpenAI_Codex,feat,https://github.com/HugoUMG/proyectoDW2/pull/1,https://api.github.com/repos/HugoUMG/proyectoDW2
3328178127,Java,OpenAI_Codex,chore,https://github.com/Skun01/LearningEnglishApplication/pull/5,https://api.github.com/repos/Skun01/LearningEnglishApplication
3285905294,Java,OpenAI_Codex,chore,https://github.com/amannm/mcp/pull/527,https://api.github.com/repos/amannm/mcp
3530374904,Java,OpenAI_Codex,chore,https://github.com/melasser22/newLms/pull/986,https://api.github.com/repos/melasser22/newLms
3540520747,Java,OpenAI_Codex,docs,https://github.com/AlvaroLS01/server/pull/49,https://api.github.com/repos/AlvaroLS01/server
3245039635,Java,OpenAI_Codex,chore,https://github.com/nizamkadirteach/library-management-system/pull/78,https://api.github.com/repos/nizamkadirteach/library-management-system
3426809581,Java,OpenAI_Codex,feat,https://github.com/KSPOG/gencounters/pull/1,https://api.github.com/repos/KSPOG/gencounters
3370930497,Java,OpenAI_Codex,feat,https://github.com/LoperaUr/pp-user-service/pull/2,https://api.github.com/repos/LoperaUr/pp-user-service
3116192483,Java,OpenAI_Codex,chore,https://github.com/tcdwork/resp02/pull/4,https://api.github.com/repos/tcdwork/resp02
3265198192,Java,OpenAI_Codex,chore,https://github.com/Ddemon26/2006Scape/pull/179,https://api.github.com/repos/Ddemon26/2006Scape
3108518977,Java,OpenAI_Codex,feat,https://github.com/Today-Story/TRIT-BE/pull/385,https://api.github.com/repos/Today-Story/TRIT-BE
3438244929,Java,OpenAI_Codex,chore,https://github.com/LoneWolf345/SysLvl3/pull/3,https://api.github.com/repos/LoneWolf345/SysLvl3
3381544123,Java,OpenAI_Codex,chore,https://github.com/melasser22/newLms/pull/230,https://api.github.com/repos/melasser22/newLms
3244370080,Java,OpenAI_Codex,chore,https://github.com/philpaz/jersey-demo/pull/2,https://api.github.com/repos/philpaz/jersey-demo
3213356917,Java,OpenAI_Codex,chore,https://github.com/originalmagneto/autogram-macOS/pull/18,https://api.github.com/repos/originalmagneto/autogram-macOS
3450208691,Java,OpenAI_Codex,chore,https://github.com/rpsouza441/ticker-scraper/pull/25,https://api.github.com/repos/rpsouza441/ticker-scraper
3394666420,Java,OpenAI_Codex,fix,https://github.com/Occid3re/Chess-Engine/pull/12,https://api.github.com/repos/Occid3re/Chess-Engine
3158978231,Java,OpenAI_Codex,fix,https://github.com/ImmortalMan01/RandomEvents/pull/86,https://api.github.com/repos/ImmortalMan01/RandomEvents
3380917243,Java,OpenAI_Codex,chore,https://github.com/Johnwickdev/Combinedfrontendbackend/pull/52,https://api.github.com/repos/Johnwickdev/Combinedfrontendbackend
3328210228,Java,OpenAI_Codex,chore,https://github.com/leonarduk/pension-risk-management-system/pull/631,https://api.github.com/repos/leonarduk/pension-risk-management-system
3308262123,Java,OpenAI_Codex,chore,https://github.com/Adal612Git/JavaGame/pull/7,https://api.github.com/repos/Adal612Git/JavaGame
3188296084,Java,OpenAI_Codex,feat,https://github.com/nagisa77/OpenIsle/pull/11,https://api.github.com/repos/nagisa77/OpenIsle
3226710217,Java,OpenAI_Codex,fix,https://github.com/EvenSol/neqsim/pull/44,https://api.github.com/repos/EvenSol/neqsim
3460960277,Java,OpenAI_Codex,chore,https://github.com/diogo2806/CloudPort/pull/27,https://api.github.com/repos/diogo2806/CloudPort
3374935125,Java,OpenAI_Codex,feat,https://github.com/laisuk/OpenccJNI/pull/1,https://api.github.com/repos/laisuk/OpenccJNI
3267546090,Java,OpenAI_Codex,feat,https://github.com/amannm/mcp/pull/39,https://api.github.com/repos/amannm/mcp
3222859959,Java,OpenAI_Codex,chore,https://github.com/benhook1013/FireMUD/pull/618,https://api.github.com/repos/benhook1013/FireMUD
3347512174,Java,OpenAI_Codex,chore,https://github.com/xgeoff/PerstSon/pull/21,https://api.github.com/repos/xgeoff/PerstSon
3244870757,Java,OpenAI_Codex,feat,https://github.com/SirMathhman/Magma/pull/34,https://api.github.com/repos/SirMathhman/Magma
3541769606,Java,OpenAI_Codex,chore,https://github.com/nagib8922-droid/Solvabilite-mvp/pull/15,https://api.github.com/repos/nagib8922-droid/Solvabilite-mvp
3343095231,Java,OpenAI_Codex,docs,https://github.com/DeveloperNoShinigami/Eidolon-Unchained/pull/70,https://api.github.com/repos/DeveloperNoShinigami/Eidolon-Unchained
3348269363,Java,OpenAI_Codex,feat,https://github.com/amaldevs/Mathbrain-Android/pull/6,https://api.github.com/repos/amaldevs/Mathbrain-Android
3398846573,Java,OpenAI_Codex,docs,https://github.com/scanalesespinoza/eventflow/pull/539,https://api.github.com/repos/scanalesespinoza/eventflow
3512079873,Java,OpenAI_Codex,feat,https://github.com/JackaZhai/Java-CourseWork/pull/1,https://api.github.com/repos/JackaZhai/Java-CourseWork
3470875571,Java,OpenAI_Codex,chore,https://github.com/hbhassen/obsolescence/pull/1,https://api.github.com/repos/hbhassen/obsolescence
3201666220,Java,OpenAI_Codex,feat,https://github.com/benhook1013/FireMUD/pull/61,https://api.github.com/repos/benhook1013/FireMUD
3513713856,Java,OpenAI_Codex,feat,https://github.com/phil0559/New1/pull/41,https://api.github.com/repos/phil0559/New1
3492783504,Java,OpenAI_Codex,chore,https://github.com/andrechavesg/cartorio-digital/pull/9,https://api.github.com/repos/andrechavesg/cartorio-digital
3128747961,Java,OpenAI_Codex,chore,https://github.com/lauri0/dino-survival/pull/52,https://api.github.com/repos/lauri0/dino-survival
3546298097,Java,OpenAI_Codex,feat,https://github.com/phil0559/New1/pull/231,https://api.github.com/repos/phil0559/New1
3479329123,Java,OpenAI_Codex,chore,https://github.com/0belissk/stat_tracker/pull/15,https://api.github.com/repos/0belissk/stat_tracker
3311256715,Java,OpenAI_Codex,chore,https://github.com/amannm/mcp/pull/728,https://api.github.com/repos/amannm/mcp
3431498397,Java,OpenAI_Codex,chore,https://github.com/Occid3re/Chess-Engine/pull/180,https://api.github.com/repos/Occid3re/Chess-Engine
3526526642,Java,OpenAI_Codex,fix,https://github.com/LiyuanchengDD/evolutionai-backend/pull/133,https://api.github.com/repos/LiyuanchengDD/evolutionai-backend
3343687724,Java,OpenAI_Codex,fix,https://github.com/hyodlee/testBatch/pull/105,https://api.github.com/repos/hyodlee/testBatch
3172993812,Java,OpenAI_Codex,feat,https://github.com/akanshSirohi/QRSmith/pull/14,https://api.github.com/repos/akanshSirohi/QRSmith
3154903722,Java,OpenAI_Codex,fix,https://github.com/Eljah/mirricoraspberry/pull/91,https://api.github.com/repos/Eljah/mirricoraspberry
3408008949,Java,OpenAI_Codex,feat,https://github.com/ddumaa/tracking_system/pull/956,https://api.github.com/repos/ddumaa/tracking_system
3179723614,Java,OpenAI_Codex,feat,https://github.com/Lubodi-Code/MobsAndDefenses/pull/15,https://api.github.com/repos/Lubodi-Code/MobsAndDefenses
3352997324,Java,OpenAI_Codex,chore,https://github.com/aaronGLS/Analizador-L-xico/pull/27,https://api.github.com/repos/aaronGLS/Analizador-L-xico
3372027245,Java,OpenAI_Codex,feat,https://github.com/marinasundstrom/MyServiceBus/pull/9,https://api.github.com/repos/marinasundstrom/MyServiceBus
3328714969,Java,OpenAI_Codex,fix,https://github.com/amannm/mcp/pull/802,https://api.github.com/repos/amannm/mcp
3477526729,Java,OpenAI_Codex,feat,https://github.com/Kizunad/ChestCavityForge/pull/139,https://api.github.com/repos/Kizunad/ChestCavityForge
3376395022,Java,OpenAI_Codex,feat,https://github.com/fabOnReact/react-native-wear-connectivity/pull/61,https://api.github.com/repos/fabOnReact/react-native-wear-connectivity
3219512535,Java,OpenAI_Codex,chore,https://github.com/DerGamer009/ServerCreate/pull/4,https://api.github.com/repos/DerGamer009/ServerCreate
3165284318,Java,OpenAI_Codex,fix,https://github.com/halilozel1903/MovieDB/pull/29,https://api.github.com/repos/halilozel1903/MovieDB
3154781335,Java,OpenAI_Codex,chore,https://github.com/SleazLee/BMEssentials/pull/23,https://api.github.com/repos/SleazLee/BMEssentials
3387539486,Java,OpenAI_Codex,feat,https://github.com/Akzuwo/AkzuwoExtension/pull/15,https://api.github.com/repos/Akzuwo/AkzuwoExtension
3189167806,Java,OpenAI_Codex,chore,https://github.com/Ddemon26/2006Scape/pull/20,https://api.github.com/repos/Ddemon26/2006Scape
3276307983,Java,OpenAI_Codex,fix,https://github.com/amannm/mcp/pull/370,https://api.github.com/repos/amannm/mcp
3255692700,Java,OpenAI_Codex,fix,https://github.com/KAMKEEL/CustomNPC-Plus/pull/190,https://api.github.com/repos/KAMKEEL/CustomNPC-Plus
3349161891,Java,OpenAI_Codex,chore,https://github.com/opyruso/properties-manager/pull/1,https://api.github.com/repos/opyruso/properties-manager
3142816184,Java,OpenAI_Codex,chore,https://github.com/morihofi/certgine/pull/105,https://api.github.com/repos/morihofi/certgine
3134342625,Java,OpenAI_Codex,fix,https://github.com/atomiczsec/web-cache-deception-scanner-main/pull/2,https://api.github.com/repos/atomiczsec/web-cache-deception-scanner-main
3407016685,Java,OpenAI_Codex,feat,https://github.com/simone5138/NeuroFlowBackend/pull/20,https://api.github.com/repos/simone5138/NeuroFlowBackend
3328752927,Java,OpenAI_Codex,feat,https://github.com/tomashb/HeneriaBW/pull/19,https://api.github.com/repos/tomashb/HeneriaBW
3512036155,Java,OpenAI_Codex,chore,https://github.com/Jacoba1100254352/Zilch-Basic/pull/3,https://api.github.com/repos/Jacoba1100254352/Zilch-Basic
3206337190,Java,OpenAI_Codex,feat,https://github.com/DiscordGoat/Continuity/pull/350,https://api.github.com/repos/DiscordGoat/Continuity
3468029259,Java,OpenAI_Codex,feat,https://github.com/edigonzales/interlis-lsp/pull/3,https://api.github.com/repos/edigonzales/interlis-lsp
3226229273,Java,OpenAI_Codex,fix,https://github.com/masssi164/Simple-Blockchain/pull/117,https://api.github.com/repos/masssi164/Simple-Blockchain
3203870663,Java,OpenAI_Codex,feat,https://github.com/Khemrazzz/K9/pull/16,https://api.github.com/repos/Khemrazzz/K9
3225136776,Java,OpenAI_Codex,docs,https://github.com/benhook1013/FireMUD/pull/764,https://api.github.com/repos/benhook1013/FireMUD
3117507110,Java,OpenAI_Codex,fix,https://github.com/Lola793/toDoApp_Java/pull/1,https://api.github.com/repos/Lola793/toDoApp_Java
3285931912,Java,OpenAI_Codex,chore,https://github.com/amannm/mcp/pull/532,https://api.github.com/repos/amannm/mcp
3501347533,Java,OpenAI_Codex,feat,https://github.com/CloudMonkeyCoding/CindysApp/pull/5,https://api.github.com/repos/CloudMonkeyCoding/CindysApp
3391903673,Java,OpenAI_Codex,docs,https://github.com/andersonSinaluisa/academic-api/pull/8,https://api.github.com/repos/andersonSinaluisa/academic-api
3520740640,Java,OpenAI_Codex,fix,https://github.com/melasser22/newLms/pull/889,https://api.github.com/repos/melasser22/newLms
3270656968,Java,OpenAI_Codex,feat,https://github.com/ramchitrala/private/pull/4,https://api.github.com/repos/ramchitrala/private
3197014303,Java,OpenAI_Codex,chore,https://github.com/Donj63000/Codypro/pull/11,https://api.github.com/repos/Donj63000/Codypro
3234684416,Java,OpenAI_Codex,chore,https://github.com/benhook1013/FireMUD/pull/1095,https://api.github.com/repos/benhook1013/FireMUD
3265963635,Java,OpenAI_Codex,chore,https://github.com/ddumaa/tracking_system/pull/788,https://api.github.com/repos/ddumaa/tracking_system
3229652106,Java,OpenAI_Codex,fix,https://github.com/Donj63000/Codypro/pull/133,https://api.github.com/repos/Donj63000/Codypro
3235336230,Java,OpenAI_Codex,docs,https://github.com/benhook1013/FireMUD/pull/1188,https://api.github.com/repos/benhook1013/FireMUD
3367007169,Java,OpenAI_Codex,fix,https://github.com/melasser22/newLms/pull/23,https://api.github.com/repos/melasser22/newLms
3373905295,Java,OpenAI_Codex,feat,https://github.com/marinasundstrom/MyServiceBus/pull/32,https://api.github.com/repos/marinasundstrom/MyServiceBus
3373895306,Java,OpenAI_Codex,feat,https://github.com/melasser22/newLms/pull/134,https://api.github.com/repos/melasser22/newLms
3090193984,Java,OpenAI_Codex,feat,https://github.com/OpenHFT/Chronicle-Values/pull/92,https://api.github.com/repos/OpenHFT/Chronicle-Values
3518878872,Java,OpenAI_Codex,fix,https://github.com/georgemac-labs/portfolio-fork/pull/29,https://api.github.com/repos/georgemac-labs/portfolio-fork
3166710866,Java,OpenAI_Codex,docs,https://github.com/jdereg/java-util/pull/346,https://api.github.com/repos/jdereg/java-util
3141241352,Java,OpenAI_Codex,feat,https://github.com/MaxBonas/AI.fred/pull/66,https://api.github.com/repos/MaxBonas/AI.fred
3446683355,Java,OpenAI_Codex,chore,https://github.com/xGabou/SereneSeasonsPlus/pull/9,https://api.github.com/repos/xGabou/SereneSeasonsPlus
3316996516,Java,OpenAI_Codex,feat,https://github.com/YIEXUWOSHIDUDE/AIEXAMSYSTEM/pull/1,https://api.github.com/repos/YIEXUWOSHIDUDE/AIEXAMSYSTEM
3462411137,Java,OpenAI_Codex,chore,https://github.com/ddumaa/tracking_system/pull/1111,https://api.github.com/repos/ddumaa/tracking_system
3507979290,Java,OpenAI_Codex,fix,https://github.com/PolanieOnLine/PolanieOnLine/pull/20,https://api.github.com/repos/PolanieOnLine/PolanieOnLine
3336419941,Java,OpenAI_Codex,docs,https://github.com/mendesx3/mvp-rrm/pull/3,https://api.github.com/repos/mendesx3/mvp-rrm
3424314878,Java,OpenAI_Codex,feat,https://github.com/Jerry4046/SH_Project/pull/2,https://api.github.com/repos/Jerry4046/SH_Project
3211462897,Java,OpenAI_Codex,fix,https://github.com/ALEXGREENCH/JasmineIM/pull/51,https://api.github.com/repos/ALEXGREENCH/JasmineIM
3286143600,Java,OpenAI_Codex,feat,https://github.com/Murad014/MStock/pull/45,https://api.github.com/repos/Murad014/MStock
3289046780,Java,OpenAI_Codex,chore,https://github.com/MisterBored/IronQuest/pull/4,https://api.github.com/repos/MisterBored/IronQuest
3340747316,Java,OpenAI_Codex,feat,https://github.com/jljijij/aiRead/pull/5,https://api.github.com/repos/jljijij/aiRead
3160915307,Java,OpenAI_Codex,fix,https://github.com/oneweerachaiv2/bookstore/pull/1,https://api.github.com/repos/oneweerachaiv2/bookstore
3237473874,Java,OpenAI_Codex,feat,https://github.com/lauri0/mesozoic-arena/pull/55,https://api.github.com/repos/lauri0/mesozoic-arena
3224922699,Java,OpenAI_Codex,docs,https://github.com/benhook1013/FireMUD/pull/733,https://api.github.com/repos/benhook1013/FireMUD
3528803096,Java,OpenAI_Codex,chore,https://github.com/melasser22/newLms/pull/951,https://api.github.com/repos/melasser22/newLms
3206530203,Java,OpenAI_Codex,fix,https://github.com/amolchavan777/Fresh2/pull/1,https://api.github.com/repos/amolchavan777/Fresh2
3478254627,Java,OpenAI_Codex,fix,https://github.com/open4good/open4goods/pull/1456,https://api.github.com/repos/open4good/open4goods
3335056819,Java,OpenAI_Codex,chore,https://github.com/DeveloperNoShinigami/Eidolon-Unchained/pull/2,https://api.github.com/repos/DeveloperNoShinigami/Eidolon-Unchained
3178077908,Java,OpenAI_Codex,feat,https://github.com/7Downzy/StudyBuddy/pull/2,https://api.github.com/repos/7Downzy/StudyBuddy
3459089039,Java,OpenAI_Codex,chore,https://github.com/JakeHoolz/Quests/pull/5,https://api.github.com/repos/JakeHoolz/Quests
3183683171,Java,OpenAI_Codex,chore,https://github.com/guptha308/yanagishima/pull/5,https://api.github.com/repos/guptha308/yanagishima
3473957245,Java,OpenAI_Codex,feat,https://github.com/sepa79/PocketHive/pull/252,https://api.github.com/repos/sepa79/PocketHive
3520790559,Java,OpenAI_Codex,chore,https://github.com/phil0559/New1/pull/110,https://api.github.com/repos/phil0559/New1
3451314056,Java,OpenAI_Codex,feat,https://github.com/jinhyuk9714/embed-chatbot/pull/6,https://api.github.com/repos/jinhyuk9714/embed-chatbot
3458298136,Java,OpenAI_Codex,chore,https://github.com/tomashb/HeneriaLobby/pull/153,https://api.github.com/repos/tomashb/HeneriaLobby
3149765028,Java,OpenAI_Codex,fix,https://github.com/EvenSol/neqsim/pull/3,https://api.github.com/repos/EvenSol/neqsim
3414291874,Java,OpenAI_Codex,docs,https://github.com/karanabe/valkey-pubsub/pull/14,https://api.github.com/repos/karanabe/valkey-pubsub
3173540041,Java,OpenAI_Codex,feat,https://github.com/oj-software-projects/quarkus-rest-playground/pull/4,https://api.github.com/repos/oj-software-projects/quarkus-rest-playground
3312168730,Java,OpenAI_Codex,feat,https://github.com/nagisa77/OpenIsle/pull/506,https://api.github.com/repos/nagisa77/OpenIsle
3244819686,Java,OpenAI_Codex,chore,https://github.com/nizamkadirteach/library-management-system/pull/48,https://api.github.com/repos/nizamkadirteach/library-management-system
3364797696,Java,OpenAI_Codex,feat,https://github.com/AntoniRokitnicki/AdvancedExpressionFolding/pull/255,https://api.github.com/repos/AntoniRokitnicki/AdvancedExpressionFolding
3243667335,Java,OpenAI_Codex,fix,https://github.com/scanalesespinoza/eventflow/pull/10,https://api.github.com/repos/scanalesespinoza/eventflow
3109450646,Java,OpenAI_Codex,docs,https://github.com/OpenHFT/Chronicle-Wire/pull/1151,https://api.github.com/repos/OpenHFT/Chronicle-Wire
3550954736,Java,OpenAI_Codex,fix,https://github.com/jadersonmb/JM/pull/47,https://api.github.com/repos/jadersonmb/JM
3194229662,Java,OpenAI_Codex,feat,https://github.com/akv004/spring-cloud-config-service/pull/1,https://api.github.com/repos/akv004/spring-cloud-config-service
3185795480,Java,OpenAI_Codex,feat,https://github.com/DiscordGoat/Continuity/pull/280,https://api.github.com/repos/DiscordGoat/Continuity
3117569428,Java,OpenAI_Codex,docs,https://github.com/Mate04/sim-impresion/pull/1,https://api.github.com/repos/Mate04/sim-impresion
3494692860,Java,OpenAI_Codex,fix,https://github.com/MASITAC/ProjetTDS/pull/2,https://api.github.com/repos/MASITAC/ProjetTDS
3320555786,Java,OpenAI_Codex,feat,https://github.com/nagisa77/OpenIsle/pull/536,https://api.github.com/repos/nagisa77/OpenIsle
3412034801,Java,OpenAI_Codex,chore,https://github.com/cvalverd/bff2/pull/1,https://api.github.com/repos/cvalverd/bff2
3251244159,Java,OpenAI_Codex,chore,https://github.com/Ddemon26/2006Scape/pull/158,https://api.github.com/repos/Ddemon26/2006Scape
3434719642,Java,OpenAI_Codex,chore,https://github.com/Occid3re/Chess-Engine/pull/186,https://api.github.com/repos/Occid3re/Chess-Engine
3502140766,Java,OpenAI_Codex,fix,https://github.com/katassyn/MyCraftingPlugin/pull/25,https://api.github.com/repos/katassyn/MyCraftingPlugin
3472109076,Java,OpenAI_Codex,chore,https://github.com/alejitoxxz/Semillero/pull/2,https://api.github.com/repos/alejitoxxz/Semillero
3180123096,Java,OpenAI_Codex,chore,https://github.com/Dave99git/LidlSplit/pull/52,https://api.github.com/repos/Dave99git/LidlSplit
3261155891,Java,OpenAI_Codex,feat,https://github.com/end2endlogic-com/quantum-framework/pull/11,https://api.github.com/repos/end2endlogic-com/quantum-framework
3287170462,Java,OpenAI_Codex,feat,https://github.com/DragonBaiMo/DrcomoVEX/pull/21,https://api.github.com/repos/DragonBaiMo/DrcomoVEX
3501049012,Java,OpenAI_Codex,chore,https://github.com/mariangelhm/core-testing-ia/pull/6,https://api.github.com/repos/mariangelhm/core-testing-ia
3070144421,Java,OpenAI_Codex,chore,https://github.com/Illyvia/ImageFrame/pull/2,https://api.github.com/repos/Illyvia/ImageFrame
3247175372,Java,OpenAI_Codex,feat,https://github.com/tottene/ms-finances/pull/1,https://api.github.com/repos/tottene/ms-finances
3266885655,Java,OpenAI_Codex,chore,https://github.com/proydq/platform-training2/pull/66,https://api.github.com/repos/proydq/platform-training2
3129654298,Java,OpenAI_Codex,feat,https://github.com/erichuang0324/mlaCitation/pull/2,https://api.github.com/repos/erichuang0324/mlaCitation
3459003172,Java,OpenAI_Codex,chore,https://github.com/TunahanCan/can-cache/pull/83,https://api.github.com/repos/TunahanCan/can-cache
3493119222,Java,OpenAI_Codex,fix,https://github.com/DanielMauricio13/testemail/pull/4,https://api.github.com/repos/DanielMauricio13/testemail
3536933229,Java,OpenAI_Codex,chore,https://github.com/AlvaroLS01/ncr/pull/76,https://api.github.com/repos/AlvaroLS01/ncr
3321916931,Java,OpenAI_Codex,chore,https://github.com/Min-Trees/Interview-Microservice/pull/5,https://api.github.com/repos/Min-Trees/Interview-Microservice
3437161603,Java,OpenAI_Codex,chore,https://github.com/Georgioasmar/career-planner/pull/5,https://api.github.com/repos/Georgioasmar/career-planner
3467627668,Java,OpenAI_Codex,chore,https://github.com/cheonsanghun/Matcha-Talk/pull/91,https://api.github.com/repos/cheonsanghun/Matcha-Talk
3271452460,Java,OpenAI_Codex,chore,https://github.com/KAMKEEL/Geckolib-Unofficial-1.7.10/pull/8,https://api.github.com/repos/KAMKEEL/Geckolib-Unofficial-1.7.10
3517132287,Java,OpenAI_Codex,chore,https://github.com/phil0559/New1/pull/72,https://api.github.com/repos/phil0559/New1
3542238206,Java,OpenAI_Codex,chore,https://github.com/AntoniRokitnicki/AdvancedExpressionFolding/pull/620,https://api.github.com/repos/AntoniRokitnicki/AdvancedExpressionFolding
3230461750,Java,OpenAI_Codex,fix,https://github.com/ErickRZ10/NOMBRE/pull/19,https://api.github.com/repos/ErickRZ10/NOMBRE
3225744979,Java,OpenAI_Codex,chore,https://github.com/TaylorChyi/glancy-backend/pull/60,https://api.github.com/repos/TaylorChyi/glancy-backend
3455295709,Java,OpenAI_Codex,feat,https://github.com/Hoppy-days/Fabric-Garden-King-Mod-1.20.1/pull/77,https://api.github.com/repos/Hoppy-days/Fabric-Garden-King-Mod-1.20.1
3470768734,Java,OpenAI_Codex,chore,https://github.com/GordoxGit/Nexus/pull/197,https://api.github.com/repos/GordoxGit/Nexus
3131406019,Java,OpenAI_Codex,feat,https://github.com/landinlautaro/topsecret/pull/1,https://api.github.com/repos/landinlautaro/topsecret
3387201580,Java,OpenAI_Codex,chore,https://github.com/hyodlee/testBatch/pull/271,https://api.github.com/repos/hyodlee/testBatch
3206470382,Java,OpenAI_Codex,feat,https://github.com/Sekauf/restaurant-reservation/pull/14,https://api.github.com/repos/Sekauf/restaurant-reservation
3248045527,Java,OpenAI_Codex,feat,https://github.com/ddumaa/tracking_system/pull/680,https://api.github.com/repos/ddumaa/tracking_system
3276386373,Java,OpenAI_Codex,chore,https://github.com/paymentwall/android-gamepay-sdk-core-ui/pull/15,https://api.github.com/repos/paymentwall/android-gamepay-sdk-core-ui
3201315824,Java,OpenAI_Codex,feat,https://github.com/ragallardom/Perfulandia/pull/13,https://api.github.com/repos/ragallardom/Perfulandia
3499159765,Java,OpenAI_Codex,chore,https://github.com/MrGamp2411/MCMMO/pull/24,https://api.github.com/repos/MrGamp2411/MCMMO
3224316592,Java,OpenAI_Codex,chore,https://github.com/DiscordGoat/Continuity/pull/384,https://api.github.com/repos/DiscordGoat/Continuity
3426876069,Java,OpenAI_Codex,chore,https://github.com/ricardolamberti/tkm8/pull/71,https://api.github.com/repos/ricardolamberti/tkm8
3165074039,Java,OpenAI_Codex,fix,https://github.com/ImmortalMan01/RandomEvents/pull/164,https://api.github.com/repos/ImmortalMan01/RandomEvents
3541681670,Java,OpenAI_Codex,chore,https://github.com/AntoniRokitnicki/AdvancedExpressionFolding/pull/595,https://api.github.com/repos/AntoniRokitnicki/AdvancedExpressionFolding
3377670384,Java,OpenAI_Codex,feat,https://github.com/melasser22/newLms/pull/197,https://api.github.com/repos/melasser22/newLms
3347084268,Java,OpenAI_Codex,chore,https://github.com/bahramali/NFTBackend/pull/206,https://api.github.com/repos/bahramali/NFTBackend
3158336481,Java,OpenAI_Codex,fix,https://github.com/Donj63000/MineGus/pull/110,https://api.github.com/repos/Donj63000/MineGus
3225791698,Java,OpenAI_Codex,feat,https://github.com/HolyPite/Minestom-Holyngots/pull/15,https://api.github.com/repos/HolyPite/Minestom-Holyngots
3514828456,Java,OpenAI_Codex,feat,https://github.com/JOELITO07/TM-M2StructAlign/pull/1,https://api.github.com/repos/JOELITO07/TM-M2StructAlign
3528942920,Java,OpenAI_Codex,feat,https://github.com/Pikaronga/Parkour/pull/1,https://api.github.com/repos/Pikaronga/Parkour
3284131493,Java,OpenAI_Codex,chore,https://github.com/piotr-gorczynski/Soccer/pull/217,https://api.github.com/repos/piotr-gorczynski/Soccer
3529674023,Java,OpenAI_Codex,chore,https://github.com/shisongshaying-creator/generatormod/pull/18,https://api.github.com/repos/shisongshaying-creator/generatormod
3124347059,Java,OpenAI_Codex,feat,https://github.com/dixu11/aiplayground/pull/1,https://api.github.com/repos/dixu11/aiplayground
3286398005,Java,OpenAI_Codex,feat,https://github.com/amannm/mcp/pull/595,https://api.github.com/repos/amannm/mcp
3412413541,Java,OpenAI_Codex,chore,https://github.com/dferna40/BabyTrackMaster/pull/442,https://api.github.com/repos/dferna40/BabyTrackMaster
3208245318,Java,OpenAI_Codex,chore,https://github.com/rahulkumar0023/codex/pull/34,https://api.github.com/repos/rahulkumar0023/codex
3102987171,Java,OpenAI_Codex,docs,https://github.com/OpenHFT/Chronicle-Wire/pull/1021,https://api.github.com/repos/OpenHFT/Chronicle-Wire
3184819503,Java,OpenAI_Codex,chore,https://github.com/msamia/rrhh/pull/116,https://api.github.com/repos/msamia/rrhh
3332693375,Java,OpenAI_Codex,feat,https://github.com/jdoner02/concept-map-d3js/pull/13,https://api.github.com/repos/jdoner02/concept-map-d3js
3159032323,Java,OpenAI_Codex,fix,https://github.com/jdereg/json-io/pull/385,https://api.github.com/repos/jdereg/json-io
3191352642,Java,OpenAI_Codex,feat,https://github.com/jeffreyjose07/power-of-gman/pull/8,https://api.github.com/repos/jeffreyjose07/power-of-gman
3152882746,Java,OpenAI_Codex,fix,https://github.com/andinox/FDPUserStorageFederation/pull/44,https://api.github.com/repos/andinox/FDPUserStorageFederation
3459156903,Java,OpenAI_Codex,chore,https://github.com/worflor/woflo-petsplus-mod/pull/60,https://api.github.com/repos/worflor/woflo-petsplus-mod
3253487387,Java,OpenAI_Codex,feat,https://github.com/king-deamon/launcher/pull/1,https://api.github.com/repos/king-deamon/launcher
3263961073,Java,OpenAI_Codex,chore,https://github.com/mgubran1/PayrollDev/pull/48,https://api.github.com/repos/mgubran1/PayrollDev
3319710285,Java,OpenAI_Codex,feat,https://github.com/tomashb/Bedwars/pull/56,https://api.github.com/repos/tomashb/Bedwars
3472680046,Java,OpenAI_Codex,feat,https://github.com/nurkert/porticle-gun/pull/3,https://api.github.com/repos/nurkert/porticle-gun
3162467409,Java,OpenAI_Codex,docs,https://github.com/saidone75/alfresco-node-vault/pull/129,https://api.github.com/repos/saidone75/alfresco-node-vault
3261014635,Java,OpenAI_Codex,chore,https://github.com/Avengers52/JavaRepo/pull/3,https://api.github.com/repos/Avengers52/JavaRepo
3413497158,Java,OpenAI_Codex,chore,https://github.com/matchews/openhab-addons/pull/61,https://api.github.com/repos/matchews/openhab-addons
3225294857,Java,OpenAI_Codex,chore,https://github.com/Donj63000/Codypro/pull/115,https://api.github.com/repos/Donj63000/Codypro
3262778422,Java,OpenAI_Codex,chore,https://github.com/ddumaa/tracking_system/pull/760,https://api.github.com/repos/ddumaa/tracking_system
3158969920,Java,OpenAI_Codex,feat,https://github.com/aldrisheesh/Netnet-Application-System/pull/9,https://api.github.com/repos/aldrisheesh/Netnet-Application-System
3526490732,Java,OpenAI_Codex,fix,https://github.com/Sflesh-J/Projektarbeit/pull/1,https://api.github.com/repos/Sflesh-J/Projektarbeit
3193973393,Java,OpenAI_Codex,chore,https://github.com/amolchavan777/AppDependencyModelerMaven_FULL/pull/23,https://api.github.com/repos/amolchavan777/AppDependencyModelerMaven_FULL
3534721708,Java,OpenAI_Codex,fix,https://github.com/adtkb34/metoak_mes_backend/pull/24,https://api.github.com/repos/adtkb34/metoak_mes_backend
3158336613,Java,OpenAI_Codex,chore,https://github.com/SovereignCraft/Sovereign-Craft-Economy/pull/8,https://api.github.com/repos/SovereignCraft/Sovereign-Craft-Economy
3542227820,Java,OpenAI_Codex,feat,https://github.com/ItayBar1/chess-/pull/7,https://api.github.com/repos/ItayBar1/chess-
3437465808,Java,OpenAI_Codex,fix,https://github.com/JhonHerrera30/AetherSense/pull/121,https://api.github.com/repos/JhonHerrera30/AetherSense
3195238870,Java,OpenAI_Codex,fix,https://github.com/mgubran1/PayrollDev/pull/27,https://api.github.com/repos/mgubran1/PayrollDev
3275887713,Java,OpenAI_Codex,chore,https://github.com/DiscordGoat/Continuity/pull/561,https://api.github.com/repos/DiscordGoat/Continuity
3128661257,Java,OpenAI_Codex,feat,https://github.com/Anikesh348/price-drop-tracker/pull/2,https://api.github.com/repos/Anikesh348/price-drop-tracker
3244679920,Java,OpenAI_Codex,docs,https://github.com/benhook1013/FireMUD/pull/1405,https://api.github.com/repos/benhook1013/FireMUD
3328504124,Java,OpenAI_Codex,feat,https://github.com/nagisa77/OpenIsle/pull/612,https://api.github.com/repos/nagisa77/OpenIsle
3204072468,Java,OpenAI_Codex,docs,https://github.com/benhook1013/FireMUD/pull/139,https://api.github.com/repos/benhook1013/FireMUD
3356425494,Java,OpenAI_Codex,fix,https://github.com/katassyn/farmingPlugin/pull/16,https://api.github.com/repos/katassyn/farmingPlugin
3316785460,Java,OpenAI_Codex,feat,https://github.com/juri01/test/pull/3,https://api.github.com/repos/juri01/test
3230275010,Java,OpenAI_Codex,chore,https://github.com/open4good/open4goods/pull/881,https://api.github.com/repos/open4good/open4goods
3150331300,Java,OpenAI_Codex,chore,https://github.com/Donj63000/MineGus/pull/46,https://api.github.com/repos/Donj63000/MineGus
3480776457,Java,OpenAI_Codex,chore,https://github.com/Hossam-Ahmed123/UAE-Car-Pallet-Reader/pull/4,https://api.github.com/repos/Hossam-Ahmed123/UAE-Car-Pallet-Reader
3493106966,Java,OpenAI_Codex,chore,https://github.com/ddumaa/tracking_system/pull/1193,https://api.github.com/repos/ddumaa/tracking_system
3088279892,Java,OpenAI_Codex,feat,https://github.com/OpenHFT/Chronicle-Logger/pull/168,https://api.github.com/repos/OpenHFT/Chronicle-Logger
3426176047,Java,OpenAI_Codex,feat,https://github.com/xdfc/MybatisStudy/pull/1,https://api.github.com/repos/xdfc/MybatisStudy
3331406712,Java,OpenAI_Codex,chore,https://github.com/xGabou/Project-Atmosphere/pull/56,https://api.github.com/repos/xGabou/Project-Atmosphere
3217436632,Java,OpenAI_Codex,docs,https://github.com/scanalesespinoza/super-app-framework/pull/1,https://api.github.com/repos/scanalesespinoza/super-app-framework
3228247581,Java,OpenAI_Codex,feat,https://github.com/benhook1013/FireMUD/pull/955,https://api.github.com/repos/benhook1013/FireMUD
3468477538,Java,OpenAI_Codex,feat,https://github.com/melasser22/newLms/pull/539,https://api.github.com/repos/melasser22/newLms
3234938492,Java,OpenAI_Codex,docs,https://github.com/benhook1013/FireMUD/pull/1147,https://api.github.com/repos/benhook1013/FireMUD
3327639412,Java,OpenAI_Codex,chore,https://github.com/leonarduk/unison/pull/314,https://api.github.com/repos/leonarduk/unison
3242703639,Java,OpenAI_Codex,chore,https://github.com/benhook1013/FireMUD/pull/1345,https://api.github.com/repos/benhook1013/FireMUD
3207318978,Java,OpenAI_Codex,chore,https://github.com/JP-Estudante/Garudo-Pago/pull/18,https://api.github.com/repos/JP-Estudante/Garudo-Pago
3449022868,Java,OpenAI_Codex,chore,https://github.com/worflor/woflo-petsplus-mod/pull/26,https://api.github.com/repos/worflor/woflo-petsplus-mod
3486018094,Java,OpenAI_Codex,chore,https://github.com/sigmalko/proton-mail-export-to-gmail/pull/21,https://api.github.com/repos/sigmalko/proton-mail-export-to-gmail
3349124508,Java,OpenAI_Codex,fix,https://github.com/benhook1013/FireMUD/pull/1690,https://api.github.com/repos/benhook1013/FireMUD
3191128694,Java,OpenAI_Codex,chore,https://github.com/jeffreyjose07/power-of-gman/pull/2,https://api.github.com/repos/jeffreyjose07/power-of-gman
3307779577,Java,OpenAI_Codex,chore,https://github.com/bahramali/NFTBackend/pull/42,https://api.github.com/repos/bahramali/NFTBackend
3359028454,Java,OpenAI_Codex,feat,https://github.com/danshome/hph_demo/pull/1,https://api.github.com/repos/danshome/hph_demo
3144253728,Java,OpenAI_Codex,chore,https://github.com/STDevDos/java-practices/pull/7,https://api.github.com/repos/STDevDos/java-practices
3226998766,Java,OpenAI_Codex,chore,https://github.com/QuantumFluxAlgo/crypto-arbitrage/pull/38,https://api.github.com/repos/QuantumFluxAlgo/crypto-arbitrage
3362207611,Java,OpenAI_Codex,feat,https://github.com/Johnwickdev/backendforautobot/pull/81,https://api.github.com/repos/Johnwickdev/backendforautobot
3511069885,Java,OpenAI_Codex,fix,https://github.com/phil0559/New1/pull/5,https://api.github.com/repos/phil0559/New1
3239952346,Java,OpenAI_Codex,feat,https://github.com/TaylorChyi/glancy-backend/pull/93,https://api.github.com/repos/TaylorChyi/glancy-backend
3387616943,Java,OpenAI_Codex,feat,https://github.com/kyarurat/ruoyi-forkforGPT/pull/1,https://api.github.com/repos/kyarurat/ruoyi-forkforGPT
3371290102,Java,OpenAI_Codex,chore,https://github.com/hyodlee/testBatch/pull/237,https://api.github.com/repos/hyodlee/testBatch
3296361550,Java,OpenAI_Codex,feat,https://github.com/accentureshark/melian/pull/45,https://api.github.com/repos/accentureshark/melian
3146914463,Java,OpenAI_Codex,chore,https://github.com/jdereg/java-util/pull/153,https://api.github.com/repos/jdereg/java-util
3462159625,Java,OpenAI_Codex,chore,https://github.com/melasser22/newLms/pull/483,https://api.github.com/repos/melasser22/newLms
3414748969,Java,OpenAI_Codex,feat,https://github.com/MihaiCristianCondrea/Android-Studio-Tutorials-Java-Edition/pull/187,https://api.github.com/repos/MihaiCristianCondrea/Android-Studio-Tutorials-Java-Edition
3070996968,Java,OpenAI_Codex,fix,https://github.com/OpenHFT/Chronicle-Core/pull/717,https://api.github.com/repos/OpenHFT/Chronicle-Core
3206741228,Java,OpenAI_Codex,fix,https://github.com/OLMORBRI/APLICACION/pull/10,https://api.github.com/repos/OLMORBRI/APLICACION
3474944065,Java,OpenAI_Codex,chore,https://github.com/EllyanL/CCA-BR-BarbeariaGAP/pull/20,https://api.github.com/repos/EllyanL/CCA-BR-BarbeariaGAP
3320178193,Java,OpenAI_Codex,feat,https://github.com/lucasdantas-xpe/restaurant-hub-users/pull/12,https://api.github.com/repos/lucasdantas-xpe/restaurant-hub-users
3194824709,Java,OpenAI_Codex,fix,https://github.com/mgubran1/PayrollDev/pull/23,https://api.github.com/repos/mgubran1/PayrollDev
3506244237,Java,OpenAI_Codex,feat,https://github.com/glaciousm/Noesis/pull/96,https://api.github.com/repos/glaciousm/Noesis
3245096219,Java,OpenAI_Codex,fix,https://github.com/masssi164/Simple-Blockchain/pull/142,https://api.github.com/repos/masssi164/Simple-Blockchain
3350706396,Java,OpenAI_Codex,chore,https://github.com/gamavin/organic-maps-ride/pull/193,https://api.github.com/repos/gamavin/organic-maps-ride
3408441119,Java,OpenAI_Codex,chore,https://github.com/koldrak/Programacion-basica/pull/45,https://api.github.com/repos/koldrak/Programacion-basica
3245914670,Java,OpenAI_Codex,feat,https://github.com/nizamkadirteach/library-management-system/pull/109,https://api.github.com/repos/nizamkadirteach/library-management-system
3506630193,Java,OpenAI_Codex,feat,https://github.com/codenameone/CodenameOne/pull/3958,https://api.github.com/repos/codenameone/CodenameOne
3147353684,Java,OpenAI_Codex,feat,https://github.com/jdereg/java-util/pull/258,https://api.github.com/repos/jdereg/java-util
3482706963,Java,OpenAI_Codex,chore,https://github.com/nurkert/never-up-2-late/pull/76,https://api.github.com/repos/nurkert/never-up-2-late
3114396168,Java,OpenAI_Codex,chore,https://github.com/OpenHFT/Chronicle-Core/pull/815,https://api.github.com/repos/OpenHFT/Chronicle-Core
3483340591,Java,OpenAI_Codex,feat,https://github.com/Kizunad/ChestCavityForge/pull/149,https://api.github.com/repos/Kizunad/ChestCavityForge
3203156808,Java,OpenAI_Codex,fix,https://github.com/xshift007/karting_final/pull/13,https://api.github.com/repos/xshift007/karting_final
3530138811,Java,OpenAI_Codex,docs,https://github.com/AY2526S1-CS2103T-F09-4/tp/pull/83,https://api.github.com/repos/AY2526S1-CS2103T-F09-4/tp
3328279699,Java,OpenAI_Codex,fix,https://github.com/Laziassdev/ripme/pull/21,https://api.github.com/repos/Laziassdev/ripme
3370712967,Java,OpenAI_Codex,feat,https://github.com/MihaiCristianCondrea/Android-Studio-Tutorials-Java-Edition/pull/83,https://api.github.com/repos/MihaiCristianCondrea/Android-Studio-Tutorials-Java-Edition
3484508433,Java,OpenAI_Codex,chore,https://github.com/ALOC-dev/4th-project-uoScholar-Server/pull/18,https://api.github.com/repos/ALOC-dev/4th-project-uoScholar-Server
3256753702,Java,OpenAI_Codex,chore,https://github.com/DarielVargas/Tarea1/pull/9,https://api.github.com/repos/DarielVargas/Tarea1
3463229648,Java,OpenAI_Codex,chore,https://github.com/Piumra-Prathiban/Cloth_Sphere/pull/3,https://api.github.com/repos/Piumra-Prathiban/Cloth_Sphere
3486975730,Java,OpenAI_Codex,feat,https://github.com/ferlicio/Optimanage-Backend/pull/223,https://api.github.com/repos/ferlicio/Optimanage-Backend
3425466759,Java,OpenAI_Codex,fix,https://github.com/AlvaroLS01/ncr/pull/23,https://api.github.com/repos/AlvaroLS01/ncr
3128732990,Java,OpenAI_Codex,fix,https://github.com/U22328252/AppCitas/pull/5,https://api.github.com/repos/U22328252/AppCitas
3147357456,Java,OpenAI_Codex,chore,https://github.com/MaxBonas/TraductorVoz/pull/17,https://api.github.com/repos/MaxBonas/TraductorVoz
3201998565,Java,OpenAI_Codex,chore,https://github.com/ddumaa/tracking_system/pull/537,https://api.github.com/repos/ddumaa/tracking_system
3352778312,Java,OpenAI_Codex,chore,https://github.com/gamavin/organic-maps-ride/pull/213,https://api.github.com/repos/gamavin/organic-maps-ride
3215361745,Java,OpenAI_Codex,chore,https://github.com/lauri0/dino-survival/pull/291,https://api.github.com/repos/lauri0/dino-survival
3442315096,Java,OpenAI_Codex,chore,https://github.com/tomashb/HeneriaLobby/pull/87,https://api.github.com/repos/tomashb/HeneriaLobby
3476302956,Java,OpenAI_Codex,fix,https://github.com/open4good/open4goods/pull/1447,https://api.github.com/repos/open4good/open4goods
3317701384,Java,OpenAI_Codex,chore,https://github.com/benhook1013/FireMUD/pull/1616,https://api.github.com/repos/benhook1013/FireMUD
3146772172,Java,OpenAI_Codex,chore,https://github.com/srcjp/cadeopet/pull/22,https://api.github.com/repos/srcjp/cadeopet
3528256412,Java,OpenAI_Codex,feat,https://github.com/melasser22/newLms/pull/929,https://api.github.com/repos/melasser22/newLms
3186610587,Java,OpenAI_Codex,feat,https://github.com/DerGamer009/Meynonix/pull/1,https://api.github.com/repos/DerGamer009/Meynonix
3256634814,Java,OpenAI_Codex,feat,https://github.com/QuantumFluxAlgo/crypto-arbitrage/pull/149,https://api.github.com/repos/QuantumFluxAlgo/crypto-arbitrage
3550926300,Java,OpenAI_Codex,chore,https://github.com/diogo2806/CloudPort/pull/140,https://api.github.com/repos/diogo2806/CloudPort
3328669669,Java,OpenAI_Codex,chore,https://github.com/bahramali/NFTBackend/pull/149,https://api.github.com/repos/bahramali/NFTBackend
3223769444,Java,OpenAI_Codex,chore,https://github.com/fabula-sk/Millenaire/pull/5,https://api.github.com/repos/fabula-sk/Millenaire
3294637079,Java,OpenAI_Codex,fix,https://github.com/ddumaa/tracking_system/pull/847,https://api.github.com/repos/ddumaa/tracking_system
3500607756,Java,OpenAI_Codex,feat,https://github.com/CyberDay1/Applied-Energistics-2-test/pull/135,https://api.github.com/repos/CyberDay1/Applied-Energistics-2-test
3154967139,Java,OpenAI_Codex,chore,https://github.com/harish-kunta/Cognify/pull/120,https://api.github.com/repos/harish-kunta/Cognify
3391360778,Java,OpenAI_Codex,feat,https://github.com/sanghanpark/MifareClassicTooltest/pull/22,https://api.github.com/repos/sanghanpark/MifareClassicTooltest
3314697535,Java,OpenAI_Codex,chore,https://github.com/scanalesespinoza/eventflow/pull/258,https://api.github.com/repos/scanalesespinoza/eventflow
3235998919,Java,OpenAI_Codex,feat,https://github.com/Thunderrock424242/Wilderness-Odyssey-API/pull/9,https://api.github.com/repos/Thunderrock424242/Wilderness-Odyssey-API
3269220173,Java,OpenAI_Codex,fix,https://github.com/bahramali/NFTBackend/pull/27,https://api.github.com/repos/bahramali/NFTBackend
3134209116,Java,OpenAI_Codex,fix,https://github.com/Kelonio/eclipse-github-copilot/pull/2,https://api.github.com/repos/Kelonio/eclipse-github-copilot
3245094016,Java,OpenAI_Codex,feat,https://github.com/DragonBaiMo/DrcomoCoreLib/pull/9,https://api.github.com/repos/DragonBaiMo/DrcomoCoreLib
3310050444,Java,OpenAI_Codex,feat,https://github.com/DragonBaiMo/DrcomoCoreLib/pull/67,https://api.github.com/repos/DragonBaiMo/DrcomoCoreLib
3522662467,Java,OpenAI_Codex,chore,https://github.com/TysonTheEmber/EmbersTextAPI/pull/10,https://api.github.com/repos/TysonTheEmber/EmbersTextAPI
3544227054,Java,OpenAI_Codex,feat,https://github.com/gauravsars/uber-system-design/pull/2,https://api.github.com/repos/gauravsars/uber-system-design
3436903512,Java,OpenAI_Codex,fix,https://github.com/tomashb/HeneriaLobby/pull/42,https://api.github.com/repos/tomashb/HeneriaLobby
3472039456,Java,OpenAI_Codex,chore,https://github.com/CyberDay1/Origins-NeoTest/pull/32,https://api.github.com/repos/CyberDay1/Origins-NeoTest
3127751550,Java,OpenAI_Codex,fix,https://github.com/kuraop-side/create-utilities-1.21.1-neoforge/pull/1,https://api.github.com/repos/kuraop-side/create-utilities-1.21.1-neoforge
3161012228,Java,OpenAI_Codex,chore,https://github.com/Lubodi-Code/NexoAndCorruption/pull/15,https://api.github.com/repos/Lubodi-Code/NexoAndCorruption
3166349495,Java,OpenAI_Codex,fix,https://github.com/srcjp/sol4r/pull/10,https://api.github.com/repos/srcjp/sol4r
3090663222,Java,OpenAI_Codex,docs,https://github.com/OpenHFT/Chronicle-Values/pull/137,https://api.github.com/repos/OpenHFT/Chronicle-Values
3386598223,Java,OpenAI_Codex,feat,https://github.com/l4m4re/CanZE/pull/46,https://api.github.com/repos/l4m4re/CanZE
3146870376,Java,OpenAI_Codex,chore,https://github.com/jdereg/java-util/pull/146,https://api.github.com/repos/jdereg/java-util
3460433977,Java,OpenAI_Codex,feat,https://github.com/GordoxGit/Nexus/pull/165,https://api.github.com/repos/GordoxGit/Nexus
3169540382,Java,OpenAI_Codex,chore,https://github.com/rhum0ne/Worldcraft/pull/38,https://api.github.com/repos/rhum0ne/Worldcraft
3284862926,Java,OpenAI_Codex,chore,https://github.com/gamavin/organic-maps-ride/pull/48,https://api.github.com/repos/gamavin/organic-maps-ride
3319830198,Java,OpenAI_Codex,feat,https://github.com/leonarduk/unison/pull/233,https://api.github.com/repos/leonarduk/unison
3158662037,Java,OpenAI_Codex,feat,https://github.com/jdereg/json-io/pull/325,https://api.github.com/repos/jdereg/json-io
3222347999,Java,OpenAI_Codex,chore,https://github.com/benhook1013/FireMUD/pull/578,https://api.github.com/repos/benhook1013/FireMUD
3354677682,Java,OpenAI_Codex,chore,https://github.com/nguyennguyenle0009-stack/GameObject/pull/75,https://api.github.com/repos/nguyennguyenle0009-stack/GameObject
3186439574,Java,OpenAI_Codex,feat,https://github.com/flightlogscan/FLTSpring/pull/65,https://api.github.com/repos/flightlogscan/FLTSpring
3124281876,Java,OpenAI_Codex,chore,https://github.com/soonduck-dreams/251RCOSE45700/pull/9,https://api.github.com/repos/soonduck-dreams/251RCOSE45700
3128162918,Java,OpenAI_Codex,fix,https://github.com/IllusionCIS7/OpenCore/pull/33,https://api.github.com/repos/IllusionCIS7/OpenCore
3297785100,Java,OpenAI_Codex,feat,https://github.com/Thunderrock424242/Wilderness-Odyssey-API/pull/75,https://api.github.com/repos/Thunderrock424242/Wilderness-Odyssey-API
3184251115,Java,OpenAI_Codex,feat,https://github.com/ddumaa/tracking_system/pull/510,https://api.github.com/repos/ddumaa/tracking_system
3504118368,Java,OpenAI_Codex,chore,https://github.com/Laziassdev/ripme/pull/45,https://api.github.com/repos/Laziassdev/ripme
3238021890,Java,OpenAI_Codex,chore,https://github.com/geravillarreal/AsesorMatchApp/pull/19,https://api.github.com/repos/geravillarreal/AsesorMatchApp
3407400670,Java,OpenAI_Codex,feat,https://github.com/dferna40/BabyTrackMaster/pull/410,https://api.github.com/repos/dferna40/BabyTrackMaster
3117132007,Java,OpenAI_Codex,chore,https://github.com/DiscordGoat/Continuity/pull/17,https://api.github.com/repos/DiscordGoat/Continuity
3301853883,Java,OpenAI_Codex,feat,https://github.com/DeveloperNoShinigami/pomkots-mechs-extension-gundam-universe/pull/25,https://api.github.com/repos/DeveloperNoShinigami/pomkots-mechs-extension-gundam-universe
3541885039,Java,OpenAI_Codex,chore,https://github.com/bell-kevin/PAR-tool/pull/9,https://api.github.com/repos/bell-kevin/PAR-tool
3308202063,Java,OpenAI_Codex,chore,https://github.com/tcheeric/nostr-java/pull/312,https://api.github.com/repos/tcheeric/nostr-java
3360592763,Java,OpenAI_Codex,feat,https://github.com/Leon210519/MeinePlugins/pull/145,https://api.github.com/repos/Leon210519/MeinePlugins
3187054989,Java,OpenAI_Codex,chore,https://github.com/DiscordGoat/Continuity/pull/295,https://api.github.com/repos/DiscordGoat/Continuity
3351021032,Java,OpenAI_Codex,feat,https://github.com/LQSnow/litematica-shulker-supply/pull/1,https://api.github.com/repos/LQSnow/litematica-shulker-supply
3134706155,Java,OpenAI_Codex,fix,https://github.com/vioai/testly/pull/19,https://api.github.com/repos/vioai/testly
3307787072,Java,OpenAI_Codex,chore,https://github.com/ingridmarcal/dynamosource/pull/2,https://api.github.com/repos/ingridmarcal/dynamosource
3543673837,Java,OpenAI_Codex,fix,https://github.com/EtherumFans/PDF-AppendSign/pull/27,https://api.github.com/repos/EtherumFans/PDF-AppendSign
3530031055,Java,OpenAI_Codex,feat,https://github.com/ta4j/ta4j/pull/1350,https://api.github.com/repos/ta4j/ta4j
3129941224,Java,OpenAI_Codex,fix,https://github.com/IllusionCIS7/OpenCore/pull/54,https://api.github.com/repos/IllusionCIS7/OpenCore
3500627717,Java,OpenAI_Codex,feat,https://github.com/sepa79/PocketHive/pull/271,https://api.github.com/repos/sepa79/PocketHive
3129958384,Java,OpenAI_Codex,fix,https://github.com/Jorgedehaz/FantasyOne/pull/4,https://api.github.com/repos/Jorgedehaz/FantasyOne
3234963083,Java,OpenAI_Codex,docs,https://github.com/benhook1013/FireMUD/pull/1153,https://api.github.com/repos/benhook1013/FireMUD
3270961525,Java,OpenAI_Codex,feat,https://github.com/mathwidu/Jogo-Naves2D-Java/pull/11,https://api.github.com/repos/mathwidu/Jogo-Naves2D-Java
3212632659,Java,OpenAI_Codex,chore,https://github.com/klyok/omegat/pull/23,https://api.github.com/repos/klyok/omegat
3085175618,Java,OpenAI_Codex,fix,https://github.com/mmoayyed/cas/pull/623,https://api.github.com/repos/mmoayyed/cas
3461605899,Java,OpenAI_Codex,fix,https://github.com/tomashb/HeneriaLobby/pull/214,https://api.github.com/repos/tomashb/HeneriaLobby
3305904225,Java,OpenAI_Codex,chore,https://github.com/philiparad/MonopolyProject/pull/13,https://api.github.com/repos/philiparad/MonopolyProject
3365033247,Java,OpenAI_Codex,feat,https://github.com/misteriusa/Isochronic-tone-editor-and-generator/pull/18,https://api.github.com/repos/misteriusa/Isochronic-tone-editor-and-generator
3349644802,Java,OpenAI_Codex,feat,https://github.com/6mmLIU/rabbitmq-java-mastery-examples/pull/1,https://api.github.com/repos/6mmLIU/rabbitmq-java-mastery-examples
3485329338,Java,OpenAI_Codex,chore,https://github.com/CyberDay1/Cyclic_NF_1.21.1/pull/18,https://api.github.com/repos/CyberDay1/Cyclic_NF_1.21.1
3155967173,Java,OpenAI_Codex,feat,https://github.com/MrArepMich/Copytrello/pull/16,https://api.github.com/repos/MrArepMich/Copytrello
3369443419,Java,OpenAI_Codex,feat,https://github.com/6mmLIU/dubbo/pull/1,https://api.github.com/repos/6mmLIU/dubbo
3203188721,Java,OpenAI_Codex,feat,https://github.com/leultewolde/km-ingredients-service/pull/26,https://api.github.com/repos/leultewolde/km-ingredients-service
3438132224,Java,OpenAI_Codex,feat,https://github.com/LiyuanchengDD/evolutionai-backend/pull/20,https://api.github.com/repos/LiyuanchengDD/evolutionai-backend
3184978366,Java,OpenAI_Codex,feat,https://github.com/levickiy/consul-kv-search/pull/1,https://api.github.com/repos/levickiy/consul-kv-search
3179400727,Java,OpenAI_Codex,fix,https://github.com/jg23bw/panier-client/pull/1,https://api.github.com/repos/jg23bw/panier-client
3409945194,Java,OpenAI_Codex,chore,https://github.com/dferna40/BabyTrackMaster/pull/435,https://api.github.com/repos/dferna40/BabyTrackMaster
3477285597,Java,OpenAI_Codex,docs,https://github.com/CaioGitHub/AgendamentoMedico/pull/10,https://api.github.com/repos/CaioGitHub/AgendamentoMedico
3159192578,Java,OpenAI_Codex,chore,https://github.com/ddumaa/tracking_system/pull/262,https://api.github.com/repos/ddumaa/tracking_system
3128655794,Java,OpenAI_Codex,fix,https://github.com/TOlchawa/yapp/pull/119,https://api.github.com/repos/TOlchawa/yapp
3089351239,Java,OpenAI_Codex,docs,https://github.com/OpenHFT/Chronicle-Test-Framework/pull/129,https://api.github.com/repos/OpenHFT/Chronicle-Test-Framework
3206584032,Java,OpenAI_Codex,chore,https://github.com/Ddemon26/2006Scape/pull/109,https://api.github.com/repos/Ddemon26/2006Scape
3246498161,Java,OpenAI_Codex,chore,https://github.com/QuantumFluxAlgo/crypto-arbitrage/pull/82,https://api.github.com/repos/QuantumFluxAlgo/crypto-arbitrage
3506544928,Java,OpenAI_Codex,docs,https://github.com/Zonglin-He/StudySphere/pull/6,https://api.github.com/repos/Zonglin-He/StudySphere
3308285461,Java,OpenAI_Codex,chore,https://github.com/froyaguilar/maps-patrones-diseno/pull/1,https://api.github.com/repos/froyaguilar/maps-patrones-diseno
3160578015,Java,OpenAI_Codex,feat,https://github.com/jdereg/json-io/pull/408,https://api.github.com/repos/jdereg/json-io
3170777740,Java,OpenAI_Codex,chore,https://github.com/Shadow-Capibara/kayaan_Backend/pull/6,https://api.github.com/repos/Shadow-Capibara/kayaan_Backend
3460805965,Java,OpenAI_Codex,chore,https://github.com/MohamedMBG/CarRentingTest/pull/9,https://api.github.com/repos/MohamedMBG/CarRentingTest
3123800920,Java,OpenAI_Codex,fix,https://github.com/saidone75/alfresco-node-processor/pull/59,https://api.github.com/repos/saidone75/alfresco-node-processor
3390304346,Java,OpenAI_Codex,feat,https://github.com/sanghanpark/MifareClassicTooltest/pull/17,https://api.github.com/repos/sanghanpark/MifareClassicTooltest
3244753027,Java,OpenAI_Codex,docs,https://github.com/benhook1013/FireMUD/pull/1463,https://api.github.com/repos/benhook1013/FireMUD
3423371053,Java,OpenAI_Codex,chore,https://github.com/piotr-gorczynski/Soccer/pull/477,https://api.github.com/repos/piotr-gorczynski/Soccer
3471195779,Java,OpenAI_Codex,chore,https://github.com/melasser22/newLms/pull/548,https://api.github.com/repos/melasser22/newLms
3407741265,Java,OpenAI_Codex,fix,https://github.com/asim-alam/DU-Hall-Management-System/pull/1,https://api.github.com/repos/asim-alam/DU-Hall-Management-System
3212284058,Java,OpenAI_Codex,chore,https://github.com/nagisa77/OpenIsle/pull/118,https://api.github.com/repos/nagisa77/OpenIsle
3349188806,Java,OpenAI_Codex,chore,https://github.com/benhook1013/FireMUD/pull/1697,https://api.github.com/repos/benhook1013/FireMUD
3169355329,Java,OpenAI_Codex,chore,https://github.com/rhum0ne/Worldcraft/pull/33,https://api.github.com/repos/rhum0ne/Worldcraft
3472106232,Java,OpenAI_Codex,chore,https://github.com/Eljah/UquReader/pull/78,https://api.github.com/repos/Eljah/UquReader
3352508964,Java,OpenAI_Codex,feat,https://github.com/m0smith/creating-spring-boot-microservices-3839084/pull/1,https://api.github.com/repos/m0smith/creating-spring-boot-microservices-3839084
3517781779,Java,OpenAI_Codex,feat,https://github.com/commedeschamps/DecoFacade/pull/1,https://api.github.com/repos/commedeschamps/DecoFacade
3533680117,Java,OpenAI_Codex,feat,https://github.com/lamsd-code/New_Deploy/pull/1,https://api.github.com/repos/lamsd-code/New_Deploy
3550813684,Java,OpenAI_Codex,feat,https://github.com/vdmitriv15/Java-Selenium-TestNG/pull/2,https://api.github.com/repos/vdmitriv15/Java-Selenium-TestNG
3503341914,Java,OpenAI_Codex,chore,https://github.com/goodboy95/AISocialGame/pull/20,https://api.github.com/repos/goodboy95/AISocialGame
3404123441,Java,OpenAI_Codex,feat,https://github.com/koldrak/Programacion-basica/pull/36,https://api.github.com/repos/koldrak/Programacion-basica
3343065342,Java,OpenAI_Codex,chore,https://github.com/raulest50/lac-manufacture-backend/pull/17,https://api.github.com/repos/raulest50/lac-manufacture-backend
3185250845,Java,OpenAI_Codex,chore,https://github.com/ovshibat/selenium-junit-allure/pull/2,https://api.github.com/repos/ovshibat/selenium-junit-allure
3327084114,Java,OpenAI_Codex,chore,https://github.com/Laziassdev/ripme/pull/12,https://api.github.com/repos/Laziassdev/ripme
3116287083,Java,OpenAI_Codex,feat,https://github.com/Magma-Foundation/Magma/pull/79,https://api.github.com/repos/Magma-Foundation/Magma
3146949945,Java,OpenAI_Codex,fix,https://github.com/omeinu/TubuhBaru/pull/28,https://api.github.com/repos/omeinu/TubuhBaru
3079977981,Java,OpenAI_Codex,chore,https://github.com/hyndex/freerouting-advance/pull/2,https://api.github.com/repos/hyndex/freerouting-advance
3507142291,Java,OpenAI_Codex,fix,https://github.com/yulongliu737/lx-ai-serve/pull/5,https://api.github.com/repos/yulongliu737/lx-ai-serve
3373816801,Java,OpenAI_Codex,chore,https://github.com/marinasundstrom/MyServiceBus/pull/30,https://api.github.com/repos/marinasundstrom/MyServiceBus
3286413901,Java,OpenAI_Codex,chore,https://github.com/amannm/mcp/pull/597,https://api.github.com/repos/amannm/mcp
3236430467,Java,OpenAI_Codex,feat,https://github.com/Feedbaek/JPetStore6-microservices/pull/9,https://api.github.com/repos/Feedbaek/JPetStore6-microservices
3332610343,Java,OpenAI_Codex,chore,https://github.com/hyodlee/testBatch/pull/35,https://api.github.com/repos/hyodlee/testBatch
3271686858,Java,OpenAI_Codex,fix,https://github.com/amannm/mcp/pull/79,https://api.github.com/repos/amannm/mcp
3379437608,Java,OpenAI_Codex,feat,https://github.com/melasser22/newLms/pull/213,https://api.github.com/repos/melasser22/newLms
3354623121,Java,OpenAI_Codex,fix,https://github.com/KAMKEEL/CustomNPC-Plus/pull/204,https://api.github.com/repos/KAMKEEL/CustomNPC-Plus
3227516892,Java,OpenAI_Codex,chore,https://github.com/nagisa77/OpenIsle/pull/194,https://api.github.com/repos/nagisa77/OpenIsle
3160381712,Java,OpenAI_Codex,feat,https://github.com/ddumaa/tracking_system/pull/277,https://api.github.com/repos/ddumaa/tracking_system
3478735677,Java,OpenAI_Codex,chore,https://github.com/nurkert/never-up-2-late/pull/53,https://api.github.com/repos/nurkert/never-up-2-late
3548396504,Java,OpenAI_Codex,feat,https://github.com/nagisa77/OpenIsle/pull/1082,https://api.github.com/repos/nagisa77/OpenIsle
3147565685,Java,OpenAI_Codex,fix,https://github.com/askalee/Fokuso/pull/4,https://api.github.com/repos/askalee/Fokuso
3107754725,Java,OpenAI_Codex,chore,https://github.com/jecxs/RemasHorario/pull/1,https://api.github.com/repos/jecxs/RemasHorario
3530065367,Java,OpenAI_Codex,feat,https://github.com/ta4j/ta4j/pull/1356,https://api.github.com/repos/ta4j/ta4j
3460820509,Java,OpenAI_Codex,chore,https://github.com/tomashb/HeneriaLobby/pull/197,https://api.github.com/repos/tomashb/HeneriaLobby
3533634517,Java,OpenAI_Codex,chore,https://github.com/Behamot007/Minecraft-Behamotten-Plugin/pull/31,https://api.github.com/repos/Behamot007/Minecraft-Behamotten-Plugin
3346008413,Java,OpenAI_Codex,chore,https://github.com/gamavin/organic-maps-ride/pull/172,https://api.github.com/repos/gamavin/organic-maps-ride
3409666436,Java,OpenAI_Codex,feat,https://github.com/dferna40/BabyTrackMaster/pull/426,https://api.github.com/repos/dferna40/BabyTrackMaster
3518737831,Java,OpenAI_Codex,chore,https://github.com/ddumaa/tracking_system/pull/1248,https://api.github.com/repos/ddumaa/tracking_system
3205331889,Java,OpenAI_Codex,chore,https://github.com/xshift007/karting_final/pull/23,https://api.github.com/repos/xshift007/karting_final
3324719777,Java,OpenAI_Codex,chore,https://github.com/bahramali/NFTBackend/pull/77,https://api.github.com/repos/bahramali/NFTBackend
3194681406,Java,OpenAI_Codex,feat,https://github.com/nagisa77/OpenIsle/pull/42,https://api.github.com/repos/nagisa77/OpenIsle
3204923242,Java,OpenAI_Codex,fix,https://github.com/benhook1013/FireMUD/pull/198,https://api.github.com/repos/benhook1013/FireMUD
3529137882,Java,OpenAI_Codex,chore,https://github.com/Leznerr/intsy1/pull/47,https://api.github.com/repos/Leznerr/intsy1
3530264981,Java,OpenAI_Codex,feat,https://github.com/AntoniRokitnicki/AdvancedExpressionFolding/pull/489,https://api.github.com/repos/AntoniRokitnicki/AdvancedExpressionFolding
3162447701,Java,OpenAI_Codex,chore,https://github.com/msamia/rrhh/pull/40,https://api.github.com/repos/msamia/rrhh
3241855396,Java,OpenAI_Codex,fix,https://github.com/geravillarreal/AsesorMatchApp/pull/50,https://api.github.com/repos/geravillarreal/AsesorMatchApp
3138562406,Java,OpenAI_Codex,feat,https://github.com/FVitor7/PES-EDITOR-PS2/pull/3,https://api.github.com/repos/FVitor7/PES-EDITOR-PS2
3290052630,Java,OpenAI_Codex,fix,https://github.com/duclongg9/TailorSoft_COCOLAND/pull/68,https://api.github.com/repos/duclongg9/TailorSoft_COCOLAND
3462649982,Java,OpenAI_Codex,fix,https://github.com/sepa79/PocketHive/pull/225,https://api.github.com/repos/sepa79/PocketHive
3540280959,Java,OpenAI_Codex,chore,https://github.com/baccaristic/foodify-server/pull/65,https://api.github.com/repos/baccaristic/foodify-server
3473802745,Java,OpenAI_Codex,feat,https://github.com/ferlicio/Optimanage-Backend/pull/213,https://api.github.com/repos/ferlicio/Optimanage-Backend
3531771822,Java,OpenAI_Codex,feat,https://github.com/Skiyoshika/FSCell/pull/4,https://api.github.com/repos/Skiyoshika/FSCell
3115162019,Java,OpenAI_Codex,feat,https://github.com/vitorazevedop7/todosimple-project/pull/2,https://api.github.com/repos/vitorazevedop7/todosimple-project
3399016472,Java,OpenAI_Codex,chore,https://github.com/matchews/openhab-addons/pull/8,https://api.github.com/repos/matchews/openhab-addons
3137399272,Java,OpenAI_Codex,feat,https://github.com/OutF2001/Lab12FlavioTest/pull/1,https://api.github.com/repos/OutF2001/Lab12FlavioTest
3268054543,Java,OpenAI_Codex,chore,https://github.com/DiscordGoat/Continuity/pull/527,https://api.github.com/repos/DiscordGoat/Continuity
3505665974,Java,OpenAI_Codex,fix,https://github.com/Vasquez86/neos-myrsync/pull/32,https://api.github.com/repos/Vasquez86/neos-myrsync
3381503057,Java,OpenAI_Codex,fix,https://github.com/PerryHighCS/HelloFunction/pull/21,https://api.github.com/repos/PerryHighCS/HelloFunction
3226399287,Java,OpenAI_Codex,docs,https://github.com/benhook1013/FireMUD/pull/909,https://api.github.com/repos/benhook1013/FireMUD
3224993376,Java,OpenAI_Codex,docs,https://github.com/benhook1013/FireMUD/pull/754,https://api.github.com/repos/benhook1013/FireMUD
3145194942,Java,OpenAI_Codex,chore,https://github.com/Donj63000/MineGus/pull/16,https://api.github.com/repos/Donj63000/MineGus
3158132242,Java,OpenAI_Codex,feat,https://github.com/MuriloSilva/clean-architecture-quarkus/pull/26,https://api.github.com/repos/MuriloSilva/clean-architecture-quarkus
3548701248,Java,OpenAI_Codex,fix,https://github.com/EvenSol/neqsim/pull/198,https://api.github.com/repos/EvenSol/neqsim
3203983174,Java,OpenAI_Codex,feat,https://github.com/Khemrazzz/K9/pull/27,https://api.github.com/repos/Khemrazzz/K9
3245753385,Java,OpenAI_Codex,chore,https://github.com/ddumaa/tracking_system/pull/674,https://api.github.com/repos/ddumaa/tracking_system
3438343978,Java,OpenAI_Codex,feat,https://github.com/Eljah/UquReader/pull/48,https://api.github.com/repos/Eljah/UquReader
3148011826,Java,OpenAI_Codex,chore,https://github.com/Vitorrrrgit/PJBL-PM/pull/5,https://api.github.com/repos/Vitorrrrgit/PJBL-PM
3225705393,Java,OpenAI_Codex,feat,https://github.com/masssi164/Simple-Blockchain/pull/113,https://api.github.com/repos/masssi164/Simple-Blockchain
3398393559,Java,OpenAI_Codex,feat,https://github.com/davidkims/Run-as-Administrator/pull/11,https://api.github.com/repos/davidkims/Run-as-Administrator
3286011288,Java,OpenAI_Codex,feat,https://github.com/TomerYasTau/FibonacciHeap/pull/2,https://api.github.com/repos/TomerYasTau/FibonacciHeap
3501361844,Java,OpenAI_Codex,feat,https://github.com/alalapi-0/AmberEdu/pull/9,https://api.github.com/repos/alalapi-0/AmberEdu
3208184066,Java,OpenAI_Codex,fix,https://github.com/nagisa77/OpenIsle/pull/103,https://api.github.com/repos/nagisa77/OpenIsle
3124650817,Java,OpenAI_Codex,feat,https://github.com/dev-innogent/Cordex-inno/pull/12,https://api.github.com/repos/dev-innogent/Cordex-inno
3528545020,Java,OpenAI_Codex,chore,https://github.com/diogo2806/CloudPort/pull/118,https://api.github.com/repos/diogo2806/CloudPort
3223086338,Java,OpenAI_Codex,chore,https://github.com/lempiji/disruptor/pull/38,https://api.github.com/repos/lempiji/disruptor
3126735095,Java,OpenAI_Codex,feat,https://github.com/hwalde/OpenAI4J/pull/10,https://api.github.com/repos/hwalde/OpenAI4J
3088364133,Java,OpenAI_Codex,feat,https://github.com/peter-lawrey/yingyang/pull/10,https://api.github.com/repos/peter-lawrey/yingyang
3550269038,Java,OpenAI_Codex,feat,https://github.com/AntoniRokitnicki/AdvancedExpressionFolding/pull/718,https://api.github.com/repos/AntoniRokitnicki/AdvancedExpressionFolding
3542028316,Java,OpenAI_Codex,chore,https://github.com/211wita27/LifeXDatawarehouse-Test-2/pull/25,https://api.github.com/repos/211wita27/LifeXDatawarehouse-Test-2
3542681952,Java,OpenAI_Codex,chore,https://github.com/noachuut/BlackJack-E6/pull/5,https://api.github.com/repos/noachuut/BlackJack-E6
3323853642,Java,OpenAI_Codex,chore,https://github.com/leonarduk/pension-risk-management-system/pull/565,https://api.github.com/repos/leonarduk/pension-risk-management-system
3263528578,Java,OpenAI_Codex,chore,https://github.com/ddumaa/tracking_system/pull/765,https://api.github.com/repos/ddumaa/tracking_system
3403323853,Java,OpenAI_Codex,chore,https://github.com/MoayadMaher/PdfcreateTest/pull/20,https://api.github.com/repos/MoayadMaher/PdfcreateTest
3380864377,Java,OpenAI_Codex,chore,https://github.com/Cauadev/casaas-api-sdk-java/pull/2,https://api.github.com/repos/Cauadev/casaas-api-sdk-java
3212729815,Java,OpenAI_Codex,docs,https://github.com/msamia/rrhh/pull/221,https://api.github.com/repos/msamia/rrhh
3190482513,Java,OpenAI_Codex,feat,https://github.com/bquerino/mcpserver-apipix/pull/8,https://api.github.com/repos/bquerino/mcpserver-apipix
3139432141,Java,OpenAI_Codex,feat,https://github.com/kk99corn/DesignPattern/pull/1,https://api.github.com/repos/kk99corn/DesignPattern
3352291435,Java,OpenAI_Codex,chore,https://github.com/ppQueens/Telegram/pull/4,https://api.github.com/repos/ppQueens/Telegram
3260079051,Java,OpenAI_Codex,feat,https://github.com/galaxysoldier97/equipment-managment/pull/1,https://api.github.com/repos/galaxysoldier97/equipment-managment
3500090586,Java,OpenAI_Codex,chore,https://github.com/tomashb/NetworkCore/pull/9,https://api.github.com/repos/tomashb/NetworkCore
3232692543,Java,OpenAI_Codex,chore,https://github.com/brilliantcontract/mro-java-availability-api-caller/pull/41,https://api.github.com/repos/brilliantcontract/mro-java-availability-api-caller
3512165303,Java,OpenAI_Codex,chore,https://github.com/felixherrera2196/curso-java/pull/27,https://api.github.com/repos/felixherrera2196/curso-java
3206177099,Java,OpenAI_Codex,feat,https://github.com/DiscordGoat/Continuity/pull/343,https://api.github.com/repos/DiscordGoat/Continuity
3548538126,Java,OpenAI_Codex,feat,https://github.com/janardhanreddy790/ExpenseTracker/pull/2,https://api.github.com/repos/janardhanreddy790/ExpenseTracker
3506446891,Java,OpenAI_Codex,chore,https://github.com/Hoppy-days/Fabric-Garden-King-Mod-1.20.1/pull/277,https://api.github.com/repos/Hoppy-days/Fabric-Garden-King-Mod-1.20.1
3414223931,Java,OpenAI_Codex,fix,https://github.com/jeisfeld/LIFX/pull/33,https://api.github.com/repos/jeisfeld/LIFX
3088290924,Java,OpenAI_Codex,docs,https://github.com/OpenHFT/Chronicle-Logger/pull/188,https://api.github.com/repos/OpenHFT/Chronicle-Logger
3426313348,Java,OpenAI_Codex,chore,https://github.com/Occid3re/Chess-Engine/pull/162,https://api.github.com/repos/Occid3re/Chess-Engine
3298243579,Java,OpenAI_Codex,fix,https://github.com/aca20jge/roomprod/pull/2,https://api.github.com/repos/aca20jge/roomprod
3225101087,Java,OpenAI_Codex,feat,https://github.com/saidone75/alfresco-node-vault/pull/221,https://api.github.com/repos/saidone75/alfresco-node-vault
3526770923,Java,OpenAI_Codex,feat,https://github.com/codenameone/CodenameOne/pull/3979,https://api.github.com/repos/codenameone/CodenameOne
3157258919,Java,OpenAI_Codex,feat,https://github.com/wooky94/ReactiveWorkers/pull/2,https://api.github.com/repos/wooky94/ReactiveWorkers
3422457047,Java,OpenAI_Codex,chore,https://github.com/JhonHerrera30/AetherSense/pull/50,https://api.github.com/repos/JhonHerrera30/AetherSense
3125754244,Java,OpenAI_Codex,fix,https://github.com/xshift007/karting_ms/pull/18,https://api.github.com/repos/xshift007/karting_ms
3186093426,Java,OpenAI_Codex,chore,https://github.com/msamia/rrhh/pull/133,https://api.github.com/repos/msamia/rrhh
3306251913,Java,OpenAI_Codex,feat,https://github.com/katassyn/MyCraftingPlugin/pull/1,https://api.github.com/repos/katassyn/MyCraftingPlugin
3386064213,Java,OpenAI_Codex,chore,https://github.com/hyodlee/testBatch/pull/257,https://api.github.com/repos/hyodlee/testBatch
3412172438,Java,OpenAI_Codex,chore,https://github.com/koldrak/Programacion-basica/pull/55,https://api.github.com/repos/koldrak/Programacion-basica
3533711905,Java,OpenAI_Codex,fix,https://github.com/georgemac-labs/portfolio-fork/pull/41,https://api.github.com/repos/georgemac-labs/portfolio-fork
3541825468,Java,OpenAI_Codex,chore,https://github.com/edducon/st1/pull/2,https://api.github.com/repos/edducon/st1
3325127675,Java,OpenAI_Codex,fix,https://github.com/GordoxGit/Faskin/pull/26,https://api.github.com/repos/GordoxGit/Faskin
3511653869,Java,OpenAI_Codex,chore,https://github.com/Warryoz/gmidi/pull/44,https://api.github.com/repos/Warryoz/gmidi
3482735540,Java,OpenAI_Codex,chore,https://github.com/nurkert/never-up-2-late/pull/80,https://api.github.com/repos/nurkert/never-up-2-late
3249357106,Java,OpenAI_Codex,fix,https://github.com/NiixoZMinecraftPlugin/MinecraftSpigot-SurvivalCore/pull/1,https://api.github.com/repos/NiixoZMinecraftPlugin/MinecraftSpigot-SurvivalCore
3542104387,Java,OpenAI_Codex,chore,https://github.com/nagib8922-droid/Solvabilite-mvp/pull/19,https://api.github.com/repos/nagib8922-droid/Solvabilite-mvp
3220834633,Java,OpenAI_Codex,fix,https://github.com/ionvante/cuentos-killa-BE/pull/25,https://api.github.com/repos/ionvante/cuentos-killa-BE
3526817037,Java,OpenAI_Codex,chore,https://github.com/phil0559/New1/pull/143,https://api.github.com/repos/phil0559/New1
3350060417,Java,OpenAI_Codex,chore,https://github.com/dornmant01s/android-vibe-lock-watcher/pull/3,https://api.github.com/repos/dornmant01s/android-vibe-lock-watcher
3528568983,Java,OpenAI_Codex,fix,https://github.com/codenameone/CodenameOne/pull/3982,https://api.github.com/repos/codenameone/CodenameOne
3434962921,Java,OpenAI_Codex,feat,https://github.com/shudunGG/code5/pull/1,https://api.github.com/repos/shudunGG/code5
3245280458,Java,OpenAI_Codex,fix,https://github.com/scanalesespinoza/eventflow/pull/15,https://api.github.com/repos/scanalesespinoza/eventflow
3297187647,Java,OpenAI_Codex,feat,https://github.com/Hwi9yeom/household-ledger/pull/9,https://api.github.com/repos/Hwi9yeom/household-ledger
3136506827,Java,OpenAI_Codex,chore,https://github.com/zyypj/RankedBedwars/pull/1,https://api.github.com/repos/zyypj/RankedBedwars
3469218467,Java,OpenAI_Codex,chore,https://github.com/Occid3re/Chess-Engine/pull/392,https://api.github.com/repos/Occid3re/Chess-Engine
3309666606,Java,OpenAI_Codex,chore,https://github.com/tcheeric/nostr-java/pull/326,https://api.github.com/repos/tcheeric/nostr-java
3203924039,Java,OpenAI_Codex,feat,https://github.com/SleazLee/BMEssentials/pull/39,https://api.github.com/repos/SleazLee/BMEssentials
3476451899,Java,OpenAI_Codex,fix,https://github.com/hbhassen/plugin-maven-custom/pull/8,https://api.github.com/repos/hbhassen/plugin-maven-custom
3318264439,Java,OpenAI_Codex,chore,https://github.com/ricardolamberti/tkm8/pull/30,https://api.github.com/repos/ricardolamberti/tkm8
3154246254,Java,OpenAI_Codex,docs,https://github.com/hmislk/xl-200/pull/23,https://api.github.com/repos/hmislk/xl-200
3074065251,Java,OpenAI_Codex,fix,https://github.com/konturio/insights-api/pull/202,https://api.github.com/repos/konturio/insights-api
3133794486,Java,OpenAI_Codex,feat,https://github.com/MaxBonas/AI.fred/pull/1,https://api.github.com/repos/MaxBonas/AI.fred
3543816355,Java,OpenAI_Codex,fix,https://github.com/edigonzales/interlis-lsp/pull/45,https://api.github.com/repos/edigonzales/interlis-lsp
3493168125,Java,OpenAI_Codex,chore,https://github.com/andrechavesg/cartorio-digital/pull/41,https://api.github.com/repos/andrechavesg/cartorio-digital
3070788351,Java,OpenAI_Codex,chore,https://github.com/GigaZelensky/AntiHealthIndicator/pull/1,https://api.github.com/repos/GigaZelensky/AntiHealthIndicator
3301256262,Java,OpenAI_Codex,chore,https://github.com/ThiagoRech1997/ToneForge/pull/6,https://api.github.com/repos/ThiagoRech1997/ToneForge
3364887818,Java,OpenAI_Codex,feat,https://github.com/ddumaa/tracking_system/pull/944,https://api.github.com/repos/ddumaa/tracking_system
3488165143,Java,OpenAI_Codex,chore,https://github.com/San-43/cafeteria-ObjectDB-Java/pull/1,https://api.github.com/repos/San-43/cafeteria-ObjectDB-Java
3404327868,Java,OpenAI_Codex,feat,https://github.com/matchews/openhab-addons/pull/51,https://api.github.com/repos/matchews/openhab-addons
3150169283,Java,OpenAI_Codex,feat,https://github.com/apache/pinot/pull/16117,https://api.github.com/repos/apache/pinot
3287987475,Java,OpenAI_Codex,chore,https://github.com/amannm/mcp/pull/665,https://api.github.com/repos/amannm/mcp
3193638524,Java,OpenAI_Codex,feat,https://github.com/Kigrath/passwordManager/pull/11,https://api.github.com/repos/Kigrath/passwordManager
3077786279,Java,OpenAI_Codex,chore,https://github.com/GigaZelensky/LightningGrimBetter/pull/28,https://api.github.com/repos/GigaZelensky/LightningGrimBetter
3165679063,Java,OpenAI_Codex,chore,https://github.com/suho-Son/eatc/pull/4,https://api.github.com/repos/suho-Son/eatc
3471294829,Java,OpenAI_Codex,feat,https://github.com/CyberDay1/Origins-NeoTest/pull/27,https://api.github.com/repos/CyberDay1/Origins-NeoTest
3511624528,Java,OpenAI_Codex,chore,https://github.com/ddumaa/tracking_system/pull/1222,https://api.github.com/repos/ddumaa/tracking_system
3190339701,Java,OpenAI_Codex,feat,https://github.com/DiscordGoat/Continuity/pull/313,https://api.github.com/repos/DiscordGoat/Continuity
3164413988,Java,OpenAI_Codex,fix,https://github.com/Lubodi-Code/NexoAndCorruption/pull/35,https://api.github.com/repos/Lubodi-Code/NexoAndCorruption
3360610234,Java,OpenAI_Codex,chore,https://github.com/G19MAU/SmartCalendar/pull/31,https://api.github.com/repos/G19MAU/SmartCalendar
3196092689,Java,OpenAI_Codex,fix,https://github.com/saidone75/alfresco-node-vault/pull/183,https://api.github.com/repos/saidone75/alfresco-node-vault
3193785318,Java,OpenAI_Codex,feat,https://github.com/lauri0/dino-survival/pull/174,https://api.github.com/repos/lauri0/dino-survival
3327671950,Java,OpenAI_Codex,fix,https://github.com/leonarduk/unison/pull/319,https://api.github.com/repos/leonarduk/unison
3172944215,Java,OpenAI_Codex,feat,https://github.com/ddumaa/tracking_system/pull/398,https://api.github.com/repos/ddumaa/tracking_system
3277810329,Java,OpenAI_Codex,feat,https://github.com/TaylorChyi/glancy-backend/pull/174,https://api.github.com/repos/TaylorChyi/glancy-backend
3514930448,Java,OpenAI_Codex,chore,https://github.com/codenameone/CodenameOne/pull/3962,https://api.github.com/repos/codenameone/CodenameOne
3164246784,Java,OpenAI_Codex,feat,https://github.com/lauri0/dino-survival/pull/81,https://api.github.com/repos/lauri0/dino-survival
3146951777,Java,OpenAI_Codex,chore,https://github.com/Duongphn/Badminton_Court_Management/pull/5,https://api.github.com/repos/Duongphn/Badminton_Court_Management
3180839287,Java,OpenAI_Codex,chore,https://github.com/diogo2806/letraviva/pull/3,https://api.github.com/repos/diogo2806/letraviva
3496200173,Java,OpenAI_Codex,chore,https://github.com/tomashb/NetworkCore/pull/1,https://api.github.com/repos/tomashb/NetworkCore
3131953676,Java,OpenAI_Codex,chore,https://github.com/pedroluizmm/uniclinicavet/pull/4,https://api.github.com/repos/pedroluizmm/uniclinicavet
3202282592,Java,OpenAI_Codex,feat,https://github.com/wi24b064-Ben/SLT-SS25-TicTacToe_GroupC/pull/18,https://api.github.com/repos/wi24b064-Ben/SLT-SS25-TicTacToe_GroupC
3348534270,Java,OpenAI_Codex,chore,https://github.com/joshcanfield/bic-scoreboard/pull/4,https://api.github.com/repos/joshcanfield/bic-scoreboard
3530436416,Java,OpenAI_Codex,feat,https://github.com/AntoniRokitnicki/AdvancedExpressionFolding/pull/515,https://api.github.com/repos/AntoniRokitnicki/AdvancedExpressionFolding
3242396862,Java,OpenAI_Codex,docs,https://github.com/benhook1013/FireMUD/pull/1242,https://api.github.com/repos/benhook1013/FireMUD
3380134118,Java,OpenAI_Codex,chore,https://github.com/marinasundstrom/MyServiceBus/pull/105,https://api.github.com/repos/marinasundstrom/MyServiceBus
3137429096,Java,OpenAI_Codex,fix,https://github.com/vipin-verma/codex-test-vv/pull/4,https://api.github.com/repos/vipin-verma/codex-test-vv
3435219790,Java,OpenAI_Codex,chore,https://github.com/Gegcuk/QuizMaker/pull/144,https://api.github.com/repos/Gegcuk/QuizMaker
3529569146,Java,OpenAI_Codex,chore,https://github.com/melasser22/newLms/pull/961,https://api.github.com/repos/melasser22/newLms
3141361328,Java,OpenAI_Codex,chore,https://github.com/Domingo1987/SQL-Escape/pull/8,https://api.github.com/repos/Domingo1987/SQL-Escape
3242719003,Java,OpenAI_Codex,docs,https://github.com/benhook1013/FireMUD/pull/1352,https://api.github.com/repos/benhook1013/FireMUD
3528283789,Java,OpenAI_Codex,docs,https://github.com/letsbegincode/Banking-System/pull/1,https://api.github.com/repos/letsbegincode/Banking-System
3075809381,Java,OpenAI_Codex,feat,https://github.com/FCG-labs/atflee_react-native-charts-wrapper/pull/4,https://api.github.com/repos/FCG-labs/atflee_react-native-charts-wrapper
3420179231,Java,OpenAI_Codex,chore,https://github.com/Zonglin-He/StudySphere/pull/1,https://api.github.com/repos/Zonglin-He/StudySphere
3242146658,Java,OpenAI_Codex,chore,https://github.com/EvenSol/neqsim/pull/49,https://api.github.com/repos/EvenSol/neqsim
3222802578,Java,OpenAI_Codex,feat,https://github.com/benhook1013/FireMUD/pull/613,https://api.github.com/repos/benhook1013/FireMUD
3241678572,Java,OpenAI_Codex,feat,https://github.com/nizamkadirteach/library-management-system/pull/5,https://api.github.com/repos/nizamkadirteach/library-management-system
3324366992,Java,OpenAI_Codex,chore,https://github.com/nagisa77/OpenIsle/pull/580,https://api.github.com/repos/nagisa77/OpenIsle
3235833226,Java,OpenAI_Codex,feat,https://github.com/remot3/AICompanion/pull/1,https://api.github.com/repos/remot3/AICompanion
3505990623,Java,OpenAI_Codex,chore,https://github.com/edigonzales/ili2c/pull/12,https://api.github.com/repos/edigonzales/ili2c
3152848500,Java,OpenAI_Codex,feat,https://github.com/harish-kunta/Cognify/pull/89,https://api.github.com/repos/harish-kunta/Cognify
3211223697,Java,OpenAI_Codex,chore,https://github.com/benhook1013/FireMUD/pull/355,https://api.github.com/repos/benhook1013/FireMUD
3213733434,Java,OpenAI_Codex,chore,https://github.com/DiscordGoat/Continuity/pull/351,https://api.github.com/repos/DiscordGoat/Continuity
3529258897,Java,OpenAI_Codex,chore,https://github.com/hotlinemc/pathmind/pull/5,https://api.github.com/repos/hotlinemc/pathmind
3533126249,Java,OpenAI_Codex,chore,https://github.com/NightSide23/plugin-TopiaAntiCaveFinder/pull/1,https://api.github.com/repos/NightSide23/plugin-TopiaAntiCaveFinder
3499294071,Java,OpenAI_Codex,feat,https://github.com/diogo2806/CloudPort/pull/50,https://api.github.com/repos/diogo2806/CloudPort
3160347424,Java,OpenAI_Codex,feat,https://github.com/ImmortalMan01/RandomEvents/pull/110,https://api.github.com/repos/ImmortalMan01/RandomEvents
3498201080,Java,OpenAI_Codex,chore,https://github.com/Hoppy-days/Fabric-Garden-King-Mod-1.20.1/pull/221,https://api.github.com/repos/Hoppy-days/Fabric-Garden-King-Mod-1.20.1
3456784359,Java,OpenAI_Codex,chore,https://github.com/NicolasStrohmDriverless/crobot/pull/2,https://api.github.com/repos/NicolasStrohmDriverless/crobot
3328838625,Java,OpenAI_Codex,chore,https://github.com/amannm/mcp/pull/833,https://api.github.com/repos/amannm/mcp
3211995983,Java,OpenAI_Codex,chore,https://github.com/benhook1013/FireMUD/pull/382,https://api.github.com/repos/benhook1013/FireMUD
3122963047,Java,OpenAI_Codex,chore,https://github.com/lauri0/dino-survival/pull/33,https://api.github.com/repos/lauri0/dino-survival
3533564935,Java,OpenAI_Codex,chore,https://github.com/Behamot007/Minecraft-Behamotten-Plugin/pull/29,https://api.github.com/repos/Behamot007/Minecraft-Behamotten-Plugin
3481779064,Java,OpenAI_Codex,feat,https://github.com/ferlicio/Optimanage-Backend/pull/220,https://api.github.com/repos/ferlicio/Optimanage-Backend
3438252548,Java,OpenAI_Codex,chore,https://github.com/GordoxGit/Nexus/pull/133,https://api.github.com/repos/GordoxGit/Nexus
3157030337,Java,OpenAI_Codex,chore,https://github.com/marcushennig/spinning-top/pull/5,https://api.github.com/repos/marcushennig/spinning-top
3484022533,Java,OpenAI_Codex,chore,https://github.com/David120-passion/Monitor/pull/12,https://api.github.com/repos/David120-passion/Monitor
3227956786,Java,OpenAI_Codex,feat,https://github.com/Thorvas/custom-mobs/pull/9,https://api.github.com/repos/Thorvas/custom-mobs
3125380207,Java,OpenAI_Codex,chore,https://github.com/Jlrvidal/codex-test/pull/3,https://api.github.com/repos/Jlrvidal/codex-test
3368561179,Java,OpenAI_Codex,chore,https://github.com/Clarosabel2/academy-microservices/pull/4,https://api.github.com/repos/Clarosabel2/academy-microservices
3159884700,Java,OpenAI_Codex,feat,https://github.com/ddumaa/tracking_system/pull/270,https://api.github.com/repos/ddumaa/tracking_system
3438944598,Java,OpenAI_Codex,chore,https://github.com/haedonk/recipeAI/pull/20,https://api.github.com/repos/haedonk/recipeAI
3520852516,Java,OpenAI_Codex,chore,https://github.com/DerGamer009/PlayerDataSync/pull/28,https://api.github.com/repos/DerGamer009/PlayerDataSync
3203748843,Java,OpenAI_Codex,feat,https://github.com/fabieu/simdesk/pull/225,https://api.github.com/repos/fabieu/simdesk
3127211750,Java,OpenAI_Codex,chore,https://github.com/sarsdin/biblewith/pull/14,https://api.github.com/repos/sarsdin/biblewith
3501780818,Java,OpenAI_Codex,fix,https://github.com/open4good/open4goods/pull/1549,https://api.github.com/repos/open4good/open4goods
3332697149,Java,OpenAI_Codex,feat,https://github.com/amannm/mcp/pull/940,https://api.github.com/repos/amannm/mcp
3188476958,Java,OpenAI_Codex,chore,https://github.com/mgubran1/PayrollDev/pull/9,https://api.github.com/repos/mgubran1/PayrollDev
3527861880,Java,OpenAI_Codex,feat,https://github.com/jadersonmb/JM/pull/29,https://api.github.com/repos/jadersonmb/JM
3169450067,Java,OpenAI_Codex,feat,https://github.com/Adityarajsingh2904/transaction-system/pull/3,https://api.github.com/repos/Adityarajsingh2904/transaction-system
3254693915,Java,OpenAI_Codex,fix,https://github.com/proydq/Beijing-Language-and-Culture-University3/pull/21,https://api.github.com/repos/proydq/Beijing-Language-and-Culture-University3
3135109377,Java,OpenAI_Codex,chore,https://github.com/deyvidoes/TDEE-Calculator/pull/2,https://api.github.com/repos/deyvidoes/TDEE-Calculator
3088856129,Java,OpenAI_Codex,chore,https://github.com/Donj63000/MineGus/pull/4,https://api.github.com/repos/Donj63000/MineGus
3174612622,Java,OpenAI_Codex,feat,https://github.com/olaya09/final/pull/3,https://api.github.com/repos/olaya09/final
3155384991,Java,OpenAI_Codex,fix,https://github.com/DiscordGoat/Continuity/pull/152,https://api.github.com/repos/DiscordGoat/Continuity
3264261102,Java,OpenAI_Codex,feat,https://github.com/piotr-gorczynski/Soccer/pull/119,https://api.github.com/repos/piotr-gorczynski/Soccer
3437141899,Java,OpenAI_Codex,chore,https://github.com/amannm/mcp/pull/1017,https://api.github.com/repos/amannm/mcp
3528226248,Java,OpenAI_Codex,chore,https://github.com/cixxwastaken/CreateSurvival-1.20.1/pull/3,https://api.github.com/repos/cixxwastaken/CreateSurvival-1.20.1
3339145347,Java,OpenAI_Codex,chore,https://github.com/galaxysoldier97/equipment-managment/pull/19,https://api.github.com/repos/galaxysoldier97/equipment-managment
3245618392,Java,OpenAI_Codex,fix,https://github.com/piotr-gorczynski/Soccer/pull/75,https://api.github.com/repos/piotr-gorczynski/Soccer
3391438181,Java,OpenAI_Codex,feat,https://github.com/Leon210519/MeinePlugins/pull/194,https://api.github.com/repos/Leon210519/MeinePlugins
3094432123,Java,OpenAI_Codex,feat,https://github.com/OpenHFT/Chronicle-Core/pull/783,https://api.github.com/repos/OpenHFT/Chronicle-Core
3544972143,Java,OpenAI_Codex,fix,https://github.com/Luim3141/BTL-OOP/pull/6,https://api.github.com/repos/Luim3141/BTL-OOP
3319360309,Java,OpenAI_Codex,chore,https://github.com/dinushay/PterodactylPowerAction/pull/19,https://api.github.com/repos/dinushay/PterodactylPowerAction
3326112986,Java,OpenAI_Codex,chore,https://github.com/tylerblakex-netizen/AutoPost/pull/90,https://api.github.com/repos/tylerblakex-netizen/AutoPost
3244723462,Java,OpenAI_Codex,docs,https://github.com/benhook1013/FireMUD/pull/1409,https://api.github.com/repos/benhook1013/FireMUD
3331557352,Java,OpenAI_Codex,chore,https://github.com/GordoxGit/Faskin/pull/50,https://api.github.com/repos/GordoxGit/Faskin
3164520326,Java,OpenAI_Codex,feat,https://github.com/wyattphillips-philips/fsm-edit/pull/14,https://api.github.com/repos/wyattphillips-philips/fsm-edit
3460226487,Java,OpenAI_Codex,chore,https://github.com/tomashb/HeneriaLobby/pull/168,https://api.github.com/repos/tomashb/HeneriaLobby
3152426238,Java,OpenAI_Codex,chore,https://github.com/harish-kunta/Cognify/pull/85,https://api.github.com/repos/harish-kunta/Cognify
3461622264,Java,OpenAI_Codex,fix,https://github.com/tomashb/HeneriaLobby/pull/216,https://api.github.com/repos/tomashb/HeneriaLobby
3469492603,Java,OpenAI_Codex,feat,https://github.com/jmgilet-svg/LOCATION/pull/79,https://api.github.com/repos/jmgilet-svg/LOCATION
3447867919,Java,OpenAI_Codex,docs,https://github.com/TunahanCan/can-cache/pull/57,https://api.github.com/repos/TunahanCan/can-cache
3546447977,Java,OpenAI_Codex,chore,https://github.com/phil0559/New1/pull/234,https://api.github.com/repos/phil0559/New1
3460982606,Java,OpenAI_Codex,chore,https://github.com/DJAMIRSAM/create-more-package-couriers/pull/7,https://api.github.com/repos/DJAMIRSAM/create-more-package-couriers
3439000490,Java,OpenAI_Codex,chore,https://github.com/frc2290/PacificRim2025/pull/49,https://api.github.com/repos/frc2290/PacificRim2025
3212371898,Java,OpenAI_Codex,chore,https://github.com/lennartmoeller/Finance/pull/95,https://api.github.com/repos/lennartmoeller/Finance
3522308311,Java,OpenAI_Codex,chore,https://github.com/ta4j/ta4j/pull/1340,https://api.github.com/repos/ta4j/ta4j
3146403528,Java,OpenAI_Codex,feat,https://github.com/tomgibara/bits/pull/4,https://api.github.com/repos/tomgibara/bits
3381605798,Java,OpenAI_Codex,chore,https://github.com/dferna40/BabyTrackMaster/pull/198,https://api.github.com/repos/dferna40/BabyTrackMaster
3370334154,Java,OpenAI_Codex,feat,https://github.com/dferna40/BabyTrackMaster/pull/85,https://api.github.com/repos/dferna40/BabyTrackMaster
3309328000,Java,OpenAI_Codex,feat,https://github.com/katassyn/IngredientPouchPlugin/pull/6,https://api.github.com/repos/katassyn/IngredientPouchPlugin
3117230844,Java,OpenAI_Codex,chore,https://github.com/open4good/open4goods/pull/637,https://api.github.com/repos/open4good/open4goods
3460901816,Java,OpenAI_Codex,chore,https://github.com/Donj63000/Codypro/pull/177,https://api.github.com/repos/Donj63000/Codypro
3147150922,Java,OpenAI_Codex,fix,https://github.com/jdereg/java-util/pull/195,https://api.github.com/repos/jdereg/java-util
3208233992,Java,OpenAI_Codex,feat,https://github.com/lauri0/dino-survival/pull/241,https://api.github.com/repos/lauri0/dino-survival
3147166013,Java,OpenAI_Codex,chore,https://github.com/ganesh47/java-99-problems/pull/71,https://api.github.com/repos/ganesh47/java-99-problems
3316272044,Java,OpenAI_Codex,feat,https://github.com/tomashb/Bedwars/pull/31,https://api.github.com/repos/tomashb/Bedwars
3090123073,Java,OpenAI_Codex,docs,https://github.com/OpenHFT/Chronicle-Values/pull/81,https://api.github.com/repos/OpenHFT/Chronicle-Values
3224380329,Java,OpenAI_Codex,docs,https://github.com/xioux1/AdministradorProyectos/pull/21,https://api.github.com/repos/xioux1/AdministradorProyectos
3369074099,Java,OpenAI_Codex,chore,https://github.com/sepa79/PocketHive/pull/5,https://api.github.com/repos/sepa79/PocketHive
3426960782,Java,OpenAI_Codex,chore,https://github.com/Artur-Sultanov/AndaFisher/pull/21,https://api.github.com/repos/Artur-Sultanov/AndaFisher
3326750447,Java,OpenAI_Codex,fix,https://github.com/diego-torres/task-tally-backend/pull/5,https://api.github.com/repos/diego-torres/task-tally-backend
3489457225,Java,OpenAI_Codex,chore,https://github.com/Hoppy-days/Fabric-Garden-King-Mod-1.20.1/pull/176,https://api.github.com/repos/Hoppy-days/Fabric-Garden-King-Mod-1.20.1
3449033276,Java,OpenAI_Codex,feat,https://github.com/jmgilet-svg/gestion-materiel-globale/pull/174,https://api.github.com/repos/jmgilet-svg/gestion-materiel-globale
3343592014,Java,OpenAI_Codex,fix,https://github.com/santinho/desenho-colaborativo/pull/10,https://api.github.com/repos/santinho/desenho-colaborativo
3165111850,Java,OpenAI_Codex,fix,https://github.com/halilozel1903/MovieDB/pull/4,https://api.github.com/repos/halilozel1903/MovieDB
3125436831,Java,OpenAI_Codex,fix,https://github.com/MetricsHub/jawk/pull/280,https://api.github.com/repos/MetricsHub/jawk
3103195683,Java,OpenAI_Codex,chore,https://github.com/OpenHFT/Chronicle-Wire/pull/1059,https://api.github.com/repos/OpenHFT/Chronicle-Wire
3420391630,Java,OpenAI_Codex,fix,https://github.com/Vipin-Sharma/MSG/pull/99,https://api.github.com/repos/Vipin-Sharma/MSG
3206992715,Java,OpenAI_Codex,chore,https://github.com/OLMORBRI/APLICACION/pull/11,https://api.github.com/repos/OLMORBRI/APLICACION
3306428185,Java,OpenAI_Codex,feat,https://github.com/ppedr/bills-reminder/pull/1,https://api.github.com/repos/ppedr/bills-reminder
3302179473,Java,OpenAI_Codex,fix,https://github.com/YounessBilgui/E-Wallet-SpringBoot/pull/6,https://api.github.com/repos/YounessBilgui/E-Wallet-SpringBoot
3516270844,Java,OpenAI_Codex,docs,https://github.com/pauloruszel/api-proc-arquivo/pull/39,https://api.github.com/repos/pauloruszel/api-proc-arquivo
3126541809,Java,OpenAI_Codex,chore,https://github.com/alexey-temnikov/tinkerpop/pull/4,https://api.github.com/repos/alexey-temnikov/tinkerpop
3286609693,Java,OpenAI_Codex,feat,https://github.com/DiscordGoat/Continuity/pull/591,https://api.github.com/repos/DiscordGoat/Continuity
3244728773,Java,OpenAI_Codex,docs,https://github.com/benhook1013/FireMUD/pull/1417,https://api.github.com/repos/benhook1013/FireMUD
3446732303,Java,OpenAI_Codex,chore,https://github.com/obscuremind/p2papp/pull/5,https://api.github.com/repos/obscuremind/p2papp
3275770683,Java,OpenAI_Codex,chore,https://github.com/Leznerr/mco2/pull/191,https://api.github.com/repos/Leznerr/mco2
3109034677,Java,OpenAI_Codex,docs,https://github.com/OpenHFT/Chronicle-Wire/pull/1130,https://api.github.com/repos/OpenHFT/Chronicle-Wire
3322400391,Java,OpenAI_Codex,feat,https://github.com/Eljah/school-mapper/pull/6,https://api.github.com/repos/Eljah/school-mapper
3125138878,Java,OpenAI_Codex,docs,https://github.com/ChrisvDalen/LockerCloud/pull/36,https://api.github.com/repos/ChrisvDalen/LockerCloud
3224947699,Java,OpenAI_Codex,docs,https://github.com/benhook1013/FireMUD/pull/742,https://api.github.com/repos/benhook1013/FireMUD
3407087022,Java,OpenAI_Codex,chore,https://github.com/simone5138/NeuroFlowBackend/pull/21,https://api.github.com/repos/simone5138/NeuroFlowBackend
3124368869,Java,OpenAI_Codex,feat,https://github.com/soonduck-dreams/251RCOSE45700/pull/11,https://api.github.com/repos/soonduck-dreams/251RCOSE45700
3327055471,Java,OpenAI_Codex,chore,https://github.com/leonarduk/unison/pull/292,https://api.github.com/repos/leonarduk/unison
3117658608,Java,OpenAI_Codex,chore,https://github.com/ravikiransrao/Roman-Numbers/pull/2,https://api.github.com/repos/ravikiransrao/Roman-Numbers
3149786448,Java,OpenAI_Codex,chore,https://github.com/licontera345/RentExpresGUI/pull/7,https://api.github.com/repos/licontera345/RentExpresGUI
3391731309,Java,OpenAI_Codex,fix,https://github.com/Eljah/hamstersgame/pull/46,https://api.github.com/repos/Eljah/hamstersgame
3204452196,Java,OpenAI_Codex,feat,https://github.com/nagisa77/OpenIsle/pull/77,https://api.github.com/repos/nagisa77/OpenIsle
3094659707,Java,OpenAI_Codex,docs,https://github.com/OpenHFT/Chronicle-Core/pull/788,https://api.github.com/repos/OpenHFT/Chronicle-Core
3528384581,Java,OpenAI_Codex,chore,https://github.com/alphaZytx/Banking-System/pull/4,https://api.github.com/repos/alphaZytx/Banking-System
3293304328,Java,OpenAI_Codex,feat,https://github.com/ahumadamob/springboot-calificaciones/pull/78,https://api.github.com/repos/ahumadamob/springboot-calificaciones
3331097718,Java,OpenAI_Codex,chore,https://github.com/Leon210519/MeinePlugins/pull/15,https://api.github.com/repos/Leon210519/MeinePlugins
3357740786,Java,OpenAI_Codex,feat,https://github.com/scanalesespinoza/eventflow/pull/444,https://api.github.com/repos/scanalesespinoza/eventflow
3119231058,Java,OpenAI_Codex,fix,https://github.com/ndisalvio3/Invasion-mod-ports/pull/7,https://api.github.com/repos/ndisalvio3/Invasion-mod-ports
3387304445,Java,OpenAI_Codex,feat,https://github.com/dferna40/BabyTrackMaster/pull/219,https://api.github.com/repos/dferna40/BabyTrackMaster
3196882949,Java,OpenAI_Codex,chore,https://github.com/masssi164/Simple-Blockchain/pull/62,https://api.github.com/repos/masssi164/Simple-Blockchain
3328636665,Java,OpenAI_Codex,feat,https://github.com/amannm/mcp/pull/776,https://api.github.com/repos/amannm/mcp
3450372814,Java,OpenAI_Codex,chore,https://github.com/Occid3re/Chess-Engine/pull/298,https://api.github.com/repos/Occid3re/Chess-Engine
3526150633,Java,OpenAI_Codex,chore,https://github.com/sepa79/PocketHive/pull/328,https://api.github.com/repos/sepa79/PocketHive
3070964243,Java,OpenAI_Codex,fix,https://github.com/OpenHFT/Chronicle-Core/pull/701,https://api.github.com/repos/OpenHFT/Chronicle-Core
3543585945,Java,OpenAI_Codex,chore,https://github.com/211wita27/LifeXDatawarehouse-Test-2/pull/39,https://api.github.com/repos/211wita27/LifeXDatawarehouse-Test-2
3327073390,Java,OpenAI_Codex,chore,https://github.com/leonarduk/pension-risk-management-system/pull/601,https://api.github.com/repos/leonarduk/pension-risk-management-system
3149145695,Java,OpenAI_Codex,fix,https://github.com/pavelpisakov/advent-of-code-2021/pull/4,https://api.github.com/repos/pavelpisakov/advent-of-code-2021
3217687348,Java,OpenAI_Codex,feat,https://github.com/KAMKEEL/CustomNPC-Plus/pull/184,https://api.github.com/repos/KAMKEEL/CustomNPC-Plus
3515552102,Java,OpenAI_Codex,chore,https://github.com/diogo2806/CloudPort/pull/104,https://api.github.com/repos/diogo2806/CloudPort
3392066730,Java,OpenAI_Codex,feat,https://github.com/koldrak/Programacion-basica/pull/30,https://api.github.com/repos/koldrak/Programacion-basica
3141708999,Java,OpenAI_Codex,feat,https://github.com/andinox/FDPUserStorageFederation/pull/15,https://api.github.com/repos/andinox/FDPUserStorageFederation
3313926792,Java,OpenAI_Codex,chore,https://github.com/shyamarshid/sonar-cryptography/pull/14,https://api.github.com/repos/shyamarshid/sonar-cryptography
3434845744,Java,OpenAI_Codex,chore,https://github.com/Edwseth/clemen-integra-inventario/pull/168,https://api.github.com/repos/Edwseth/clemen-integra-inventario
3437166171,Java,OpenAI_Codex,feat,https://github.com/iconzrus/marketplace-helper/pull/13,https://api.github.com/repos/iconzrus/marketplace-helper
3381736980,Java,OpenAI_Codex,fix,https://github.com/dferna40/BabyTrackMaster/pull/201,https://api.github.com/repos/dferna40/BabyTrackMaster
3083950534,Java,OpenAI_Codex,docs,https://github.com/SahinEgilmez/game3072/pull/1,https://api.github.com/repos/SahinEgilmez/game3072
3205131907,Java,OpenAI_Codex,feat,https://github.com/frankxue831/learn_proxy/pull/6,https://api.github.com/repos/frankxue831/learn_proxy
3528807205,Java,OpenAI_Codex,chore,https://github.com/Kizunad/ChestCavityForge/pull/189,https://api.github.com/repos/Kizunad/ChestCavityForge
3242614056,Java,OpenAI_Codex,feat,https://github.com/java-to-ogura/codex-sample1/pull/6,https://api.github.com/repos/java-to-ogura/codex-sample1
3514180313,Java,OpenAI_Codex,fix,https://github.com/SleazLee/ProCosmetics/pull/22,https://api.github.com/repos/SleazLee/ProCosmetics
3316648667,Java,OpenAI_Codex,chore,https://github.com/ricardolamberti/tkm8/pull/28,https://api.github.com/repos/ricardolamberti/tkm8
3119352539,Java,OpenAI_Codex,chore,https://github.com/Napn117/Simple-Password-Encrypter-Android/pull/1,https://api.github.com/repos/Napn117/Simple-Password-Encrypter-Android
3388749394,Java,OpenAI_Codex,docs,https://github.com/cowby123/NetGuard/pull/2,https://api.github.com/repos/cowby123/NetGuard
3245835007,Java,OpenAI_Codex,chore,https://github.com/SirMathhman/Magma/pull/83,https://api.github.com/repos/SirMathhman/Magma
3549069997,Java,OpenAI_Codex,chore,https://github.com/phil0559/New1/pull/244,https://api.github.com/repos/phil0559/New1
3350229730,Java,OpenAI_Codex,chore,https://github.com/xgeoff/PerstSon/pull/71,https://api.github.com/repos/xgeoff/PerstSon
3191963686,Java,OpenAI_Codex,feat,https://github.com/masssi164/Simple-Blockchain/pull/58,https://api.github.com/repos/masssi164/Simple-Blockchain
3265908367,Java,OpenAI_Codex,chore,https://github.com/piotr-gorczynski/Soccer/pull/132,https://api.github.com/repos/piotr-gorczynski/Soccer
3234577513,Java,OpenAI_Codex,fix,https://github.com/samrogu/rapid-config-server/pull/27,https://api.github.com/repos/samrogu/rapid-config-server
3161390543,Java,OpenAI_Codex,feat,https://github.com/axyl-casc/RobocodeBot/pull/13,https://api.github.com/repos/axyl-casc/RobocodeBot
3433432648,Java,OpenAI_Codex,feat,https://github.com/MihaiCristianCondrea/Android-Studio-Tutorials-Java-Edition/pull/250,https://api.github.com/repos/MihaiCristianCondrea/Android-Studio-Tutorials-Java-Edition
3119609472,Java,OpenAI_Codex,chore,https://github.com/Daghis/Chromagica/pull/2,https://api.github.com/repos/Daghis/Chromagica
3318698123,Java,OpenAI_Codex,chore,https://github.com/69oskar69/ChessProgramm/pull/27,https://api.github.com/repos/69oskar69/ChessProgramm
3279251916,Java,OpenAI_Codex,fix,https://github.com/DeveloperNoShinigami/mobs_can_be_recruits_too/pull/18,https://api.github.com/repos/DeveloperNoShinigami/mobs_can_be_recruits_too
3127872244,Java,OpenAI_Codex,fix,https://github.com/elionaycaxinga/shaka/pull/3,https://api.github.com/repos/elionaycaxinga/shaka
3149411029,Java,OpenAI_Codex,feat,https://github.com/Dragomitch/PAE-PostRemise/pull/45,https://api.github.com/repos/Dragomitch/PAE-PostRemise
3184409954,Java,OpenAI_Codex,feat,https://github.com/DiscordGoat/Continuity/pull/252,https://api.github.com/repos/DiscordGoat/Continuity
3213188419,Java,OpenAI_Codex,chore,https://github.com/JavierSerranoAlvarado/BackendEasterEgg/pull/4,https://api.github.com/repos/JavierSerranoAlvarado/BackendEasterEgg
3264654964,Java,OpenAI_Codex,chore,https://github.com/brendap21/Java-Rubik-Cube/pull/58,https://api.github.com/repos/brendap21/Java-Rubik-Cube
3347809534,Java,OpenAI_Codex,chore,https://github.com/AsyncTI4/TI4_map_generator_bot/pull/3554,https://api.github.com/repos/AsyncTI4/TI4_map_generator_bot
3433448913,Java,OpenAI_Codex,chore,https://github.com/jmgilet-svg/gestion-materiel-globale/pull/93,https://api.github.com/repos/jmgilet-svg/gestion-materiel-globale
3440322737,Java,OpenAI_Codex,chore,https://github.com/Occid3re/Chess-Engine/pull/199,https://api.github.com/repos/Occid3re/Chess-Engine
3305303169,Java,OpenAI_Codex,feat,https://github.com/Thunderrock424242/Wilderness-Odyssey-API/pull/84,https://api.github.com/repos/Thunderrock424242/Wilderness-Odyssey-API
3549020393,Java,OpenAI_Codex,feat,https://github.com/baccaristic/foodify-server/pull/68,https://api.github.com/repos/baccaristic/foodify-server
3158386202,Java,OpenAI_Codex,fix,https://github.com/Donj63000/MineGus/pull/112,https://api.github.com/repos/Donj63000/MineGus
3505326526,Java,OpenAI_Codex,feat,https://github.com/glaciousm/Noesis/pull/86,https://api.github.com/repos/glaciousm/Noesis
3400078762,Java,OpenAI_Codex,fix,https://github.com/marinasundstrom/MyServiceBus/pull/269,https://api.github.com/repos/marinasundstrom/MyServiceBus
3126077207,Java,OpenAI_Codex,fix,https://github.com/nczempin/eden-chess-engine/pull/5,https://api.github.com/repos/nczempin/eden-chess-engine
3244727965,Java,OpenAI_Codex,feat,https://github.com/nizamkadirteach/library-management-system/pull/36,https://api.github.com/repos/nizamkadirteach/library-management-system
3154347920,Java,OpenAI_Codex,fix,https://github.com/hmislk/xl-200/pull/27,https://api.github.com/repos/hmislk/xl-200
3360664068,Java,OpenAI_Codex,feat,https://github.com/Leon210519/MeinePlugins/pull/150,https://api.github.com/repos/Leon210519/MeinePlugins
3179531386,Java,OpenAI_Codex,feat,https://github.com/beartell/beartell_search/pull/2,https://api.github.com/repos/beartell/beartell_search
3145967494,Java,OpenAI_Codex,feat,https://github.com/MaxBonas/Ordenamelas-anda/pull/4,https://api.github.com/repos/MaxBonas/Ordenamelas-anda
3440685598,Java,OpenAI_Codex,feat,https://github.com/kevintemper/yxSelectionSys/pull/1,https://api.github.com/repos/kevintemper/yxSelectionSys
3153806264,Java,OpenAI_Codex,feat,https://github.com/selvs-dev/teste/pull/1,https://api.github.com/repos/selvs-dev/teste
3332955796,Java,OpenAI_Codex,chore,https://github.com/bahramali/NFTBackend/pull/184,https://api.github.com/repos/bahramali/NFTBackend
